experiment_id,timestamp,git_commit,dataset,model,variant,impl_source,model_fidelity,fidelity_class,seed,initialization,device,framework,python_version,platform,dataset_version,llm_model,llm_finetuned,best_epoch,epochs_run,stopped_early,threshold,threshold_policy,validation_auc,validation_f1_macro,test_auc,test_f1_macro,test_precision_fraud,test_recall_fraud,test_f1_fraud,test_accuracy,test_ks,test_ece,training_time,inference_time,status,error_message,sampler,sampling_strategy,sampling_cache_key,diffusion_steps,md_selection,source,source_file,feature_source,is_degenerate_all_majority
7420840562d0,2026-09-09T10:11:20+00:00,e9f9a139e84a4578d8c96ccdb38abf5e48b1e665,instagram,bwgnn,baseline,flag_bundled,"beta-wavelet basis NOT applied - the polynomial is evaluated over raw adjacency A, not the normalised Laplacian, so it is not a beta wavelet. Theta coefficients themselves are correct.",approximation,0,0,cpu,torch 2.3.1+cpu,3.11.9,Windows-10-10.0.26200-SP0,benchmark-v1,,False,1,5,False,0.5,argmax,0.5631540473991996,0.5017731871540875,0.5113404113935418,0.4931969398129686,0.10240963855421686,0.029411764705882353,0.0456989247311828,0.8883296634161686,0.0420415224913494,0.10974438459190688,46.0,20.26,completed,,none,none,none_h2_k10_t0_perhop,,,results/raw,results/raw/instagram__bwgnn__baseline__s0i0__7420840562d0.json,stored graph features (4096d). The paper calls these 'shallow embeddings'; measured to be 4096-d and Llama-2-derived - see research/dataset_notes.md section 7.,False
aee46fcb4505,2026-09-09T10:12:31+00:00,e9f9a139e84a4578d8c96ccdb38abf5e48b1e665,instagram,bwgnn,text,flag_bundled,"beta-wavelet basis NOT applied - the polynomial is evaluated over raw adjacency A, not the normalised Laplacian, so it is not a beta wavelet. Theta coefficients themselves are correct.",approximation,0,0,cpu,torch 2.3.1+cpu,3.11.9,Windows-10-10.0.26200-SP0,benchmark-v1,,False,1,5,False,0.5,argmax,0.667590027700831,0.4762532981530343,0.5769692652147365,0.47619047619047616,0.0,0.0,0.0,0.9090909090909091,0.1453287197231834,0.028140717204966036,24.46,12.69,completed,,none,none,none_h2_k10_t0_perhop,,,results/raw,results/raw/instagram__bwgnn__text__s0i0__aee46fcb4505.json,Sentence-BERT of raw node text (384d),True
caee70894cce,2026-09-09T10:13:11+00:00,e9f9a139e84a4578d8c96ccdb38abf5e48b1e665,instagram,care_gnn,baseline,flag_bundled,"NOT CARE-GNN - no RL neighbour filtering, no label-aware similarity, no multi-relation aggregation. A similarity-gated mean aggregator.",approximation,0,0,cpu,torch 2.3.1+cpu,3.11.9,Windows-10-10.0.26200-SP0,benchmark-v1,,False,3,5,False,0.5,argmax,0.5,0.4762532981530343,0.4999025694136804,0.47619047619047616,0.0,0.0,0.0,0.9090909090909091,0.004152249134948097,0.012995919008136065,624.62,322.19,completed,,none,none,none_h2_k10_t0_perhop,,,results/raw,results/raw/instagram__care_gnn__baseline__s0i0__caee70894cce.json,stored graph features (4096d). The paper calls these 'shallow embeddings'; measured to be 4096-d and Llama-2-derived - see research/dataset_notes.md section 7.,True
8d8450436e97,2026-09-09T10:29:41+00:00,e9f9a139e84a4578d8c96ccdb38abf5e48b1e665,instagram,care_gnn,text,flag_bundled,"NOT CARE-GNN - no RL neighbour filtering, no label-aware similarity, no multi-relation aggregation. A similarity-gated mean aggregator.",approximation,0,0,cpu,torch 2.3.1+cpu,3.11.9,Windows-10-10.0.26200-SP0,benchmark-v1,,False,1,5,False,0.5,argmax,0.659414435210834,0.4762532981530343,0.6092310616491661,0.47619047619047616,0.0,0.0,0.0,0.9090909090909091,0.19740484429065752,0.018619613300396052,65.71,38.39,completed,,none,none,none_h2_k10_t0_perhop,,,results/raw,results/raw/instagram__care_gnn__text__s0i0__8d8450436e97.json,Sentence-BERT of raw node text (384d),True
855cf4b42bc4,2026-09-09T11:02:55+00:00,e9f9a139e84a4578d8c96ccdb38abf5e48b1e665-dirty,instagram,dga_gnn,baseline,flag_bundled,"NOT DGA-GNN - no decision-tree dynamic grouping, no bidirectional grouped aggregation. GraphSAGE-mean.",approximation,0,0,cpu,torch 2.3.1+cpu,3.11.9,Windows-10-10.0.26200-SP0,benchmark-v1,,False,1,5,False,0.5,argmax,0.5221125730994152,0.4762532981530343,0.5114185354581482,0.47619047619047616,0.0,0.0,0.0,0.9090909090909091,0.026470588235294107,0.060717710871952664,152.76,101.84,completed,,none,none,none_h2_k10_t0_perhop,,,results/raw,results/raw/instagram__dga_gnn__baseline__s0i0__855cf4b42bc4.json,stored graph features (4096d). The paper calls these 'shallow embeddings'; measured to be 4096-d and Llama-2-derived - see research/dataset_notes.md section 7.,True
66ae0e9deea2,2026-09-09T11:07:24+00:00,e9f9a139e84a4578d8c96ccdb38abf5e48b1e665-dirty,instagram,dga_gnn,text,flag_bundled,"NOT DGA-GNN - no decision-tree dynamic grouping, no bidirectional grouped aggregation. GraphSAGE-mean.",approximation,0,0,cpu,torch 2.3.1+cpu,3.11.9,Windows-10-10.0.26200-SP0,benchmark-v1,,False,1,5,False,0.5,argmax,0.6357725453985841,0.4762532981530343,0.6105251972557799,0.47619047619047616,0.0,0.0,0.0,0.9090909090909091,0.1856401384083045,0.030261578524649866,30.07,17.44,completed,,none,none,none_h2_k10_t0_perhop,,,results/raw,results/raw/instagram__dga_gnn__text__s0i0__66ae0e9deea2.json,Sentence-BERT of raw node text (384d),True
1c7ba17a6373,2026-09-09T10:31:36+00:00,e9f9a139e84a4578d8c96ccdb38abf5e48b1e665,instagram,gat,baseline,flag_bundled,"NOT canonical GAT - conv2 is a SAGEConv, not a GATConv, so the second layer performs no attention",adapted,0,0,cpu,torch 2.3.1+cpu,3.11.9,Windows-10-10.0.26200-SP0,benchmark-v1,,False,3,5,False,0.5,argmax,0.48408164050477065,0.49785053836608895,0.4968281929095677,0.48189515828748025,0.0847457627118644,0.00865051903114187,0.015698587127158554,0.9013840830449827,0.030276816608996532,0.09189624192001804,99.88,44.05,completed,,none,none,none_h2_k10_t0_perhop,,,results/raw,results/raw/instagram__gat__baseline__s0i0__1c7ba17a6373.json,stored graph features (4096d). The paper calls these 'shallow embeddings'; measured to be 4096-d and Llama-2-derived - see research/dataset_notes.md section 7.,False
c01cfcb22001,2026-09-09T10:34:07+00:00,e9f9a139e84a4578d8c96ccdb38abf5e48b1e665,instagram,gat,text,flag_bundled,"NOT canonical GAT - conv2 is a SAGEConv, not a GATConv, so the second layer performs no attention",adapted,0,0,cpu,torch 2.3.1+cpu,3.11.9,Windows-10-10.0.26200-SP0,benchmark-v1,,False,1,5,False,0.5,argmax,0.6654355186211143,0.4762532981530343,0.6212552831024534,0.47619047619047616,0.0,0.0,0.0,0.9090909090909091,0.19515570934256055,0.04229549437347646,52.34,26.83,completed,,none,none,none_h2_k10_t0_perhop,,,results/raw,results/raw/instagram__gat__text__s0i0__c01cfcb22001.json,Sentence-BERT of raw node text (384d),True
1bb91e5c12ce,2026-09-09T10:35:31+00:00,e9f9a139e84a4578d8c96ccdb38abf5e48b1e665,instagram,gcn,baseline,flag_bundled,faithful - two GCNConv layers plus the Eq. 6 skip,faithful,0,0,cpu,torch 2.3.1+cpu,3.11.9,Windows-10-10.0.26200-SP0,benchmark-v1,,False,4,5,False,0.5,argmax,0.49939404432132967,0.5262508255334654,0.535827366770034,0.5190544582076193,0.12439418416801293,0.13321799307958476,0.1286549707602339,0.8359547027367097,0.07231833910034602,0.15936098040364427,44.31,18.61,completed,,none,none,none_h2_k10_t0_perhop,,,results/raw,results/raw/instagram__gcn__baseline__s0i0__1bb91e5c12ce.json,stored graph features (4096d). The paper calls these 'shallow embeddings'; measured to be 4096-d and Llama-2-derived - see research/dataset_notes.md section 7.,False
8808a73871d0,2026-09-09T10:36:37+00:00,e9f9a139e84a4578d8c96ccdb38abf5e48b1e665,instagram,gcn,text,flag_bundled,faithful - two GCNConv layers plus the Eq. 6 skip,faithful,0,0,cpu,torch 2.3.1+cpu,3.11.9,Windows-10-10.0.26200-SP0,benchmark-v1,,False,1,5,False,0.5,argmax,0.6755924899969221,0.4762532981530343,0.6034054309694568,0.47619047619047616,0.0,0.0,0.0,0.9090909090909091,0.1596885813148789,0.013532887408190534,19.25,10.86,completed,,none,none,none_h2_k10_t0_perhop,,,results/raw,results/raw/instagram__gcn__text__s0i0__8808a73871d0.json,Sentence-BERT of raw node text (384d),True
5494816ae3a8,2026-09-09T10:37:10+00:00,e9f9a139e84a4578d8c96ccdb38abf5e48b1e665,instagram,geniepath,baseline,flag_bundled,closest to faithful - Breadth(GAT)+Depth(LSTM) preserved; matches PyG's example globals exactly. No official author repo exists.,adapted,0,0,cpu,torch 2.3.1+cpu,3.11.9,Windows-10-10.0.26200-SP0,benchmark-v1,,False,1,5,False,0.5,argmax,0.5546995229301324,0.5385211494995157,0.49426461608457756,0.5084976233301592,0.1057542768273717,0.11764705882352941,0.11138411138411139,0.8293488518402014,0.0439446366782007,0.1649248046580206,390.74,166.43,completed,,none,none,none_h2_k10_t0_perhop,,,results/raw,results/raw/instagram__geniepath__baseline__s0i0__5494816ae3a8.json,stored graph features (4096d). The paper calls these 'shallow embeddings'; measured to be 4096-d and Llama-2-derived - see research/dataset_notes.md section 7.,False
884c5aec4afc,2026-09-09T10:46:50+00:00,e9f9a139e84a4578d8c96ccdb38abf5e48b1e665,instagram,geniepath,text,flag_bundled,closest to faithful - Breadth(GAT)+Depth(LSTM) preserved; matches PyG's example globals exactly. No official author repo exists.,adapted,0,0,cpu,torch 2.3.1+cpu,3.11.9,Windows-10-10.0.26200-SP0,benchmark-v1,,False,1,5,False,0.5,argmax,0.6249807633117882,0.4762532981530343,0.5889244920439171,0.47619047619047616,0.0,0.0,0.0,0.9090909090909091,0.13771626297577855,0.030507764034617697,355.61,153.88,completed,,none,none,none_h2_k10_t0_perhop,,,results/raw,results/raw/instagram__geniepath__text__s0i0__884c5aec4afc.json,Sentence-BERT of raw node text (384d),True
2f0c7fc9d89e,2026-09-09T10:55:41+00:00,e9f9a139e84a4578d8c96ccdb38abf5e48b1e665,instagram,pmp,baseline,flag_bundled,"partial - fraud/benign partition present, but applied to the aggregated mean rather than per-neighbour before aggregation",adapted,0,0,cpu,torch 2.3.1+cpu,3.11.9,Windows-10-10.0.26200-SP0,benchmark-v1,,False,1,5,False,0.5,argmax,0.5179959218220992,0.48920907688918264,0.4974596209336574,0.48048695939253877,0.13636363636363635,0.005190311418685121,0.01,0.9065743944636678,0.030103806228373775,0.08694271218991897,120.47,70.36,completed,,none,none,none_h2_k10_t0_perhop,,,results/raw,results/raw/instagram__pmp__baseline__s0i0__2f0c7fc9d89e.json,stored graph features (4096d). The paper calls these 'shallow embeddings'; measured to be 4096-d and Llama-2-derived - see research/dataset_notes.md section 7.,False
de28e6888187,2026-09-09T10:59:03+00:00,e9f9a139e84a4578d8c96ccdb38abf5e48b1e665,instagram,pmp,text,flag_bundled,"partial - fraud/benign partition present, but applied to the aggregated mean rather than per-neighbour before aggregation",adapted,0,0,cpu,torch 2.3.1+cpu,3.11.9,Windows-10-10.0.26200-SP0,benchmark-v1,,False,1,5,False,0.5,argmax,0.6311557402277623,0.4762532981530343,0.5969127524814118,0.47619047619047616,0.0,0.0,0.0,0.9090909090909091,0.15415224913494807,0.02807407122141689,29.34,16.79,completed,,none,none,none_h2_k10_t0_perhop,,,results/raw,results/raw/instagram__pmp__text__s0i0__de28e6888187.json,Sentence-BERT of raw node text (384d),True
41745fdcf83b,2026-09-09T09:33:24+00:00,4fcabb2f3f4c34db7bc19a8577098357e8190d35,reddit,bwgnn,baseline,flag_bundled,"beta-wavelet basis NOT applied - the polynomial is evaluated over raw adjacency A, not the normalised Laplacian, so it is not a beta wavelet. Theta coefficients themselves are correct.",approximation,0,0,cpu,torch 2.3.1+cpu,3.11.9,Windows-10-10.0.26200-SP0,benchmark-v1,,False,2,5,False,0.5,argmax,0.6183404721657164,0.5160459286139697,0.6073665709983651,0.5281336404051808,0.1397006414825374,0.2929745889387145,0.1891891891891892,0.7715994833797838,0.17413832860692352,0.20409366407887333,60.82,24.85,completed,,none,none,none_h2_k10_t0_perhop,,,results/raw,results/raw/reddit__bwgnn__baseline__s0i0__41745fdcf83b.json,stored graph features (4096d). The paper calls these 'shallow embeddings'; measured to be 4096-d and Llama-2-derived - see research/dataset_notes.md section 7.,False
90b66bf04fe1,2026-09-09T09:34:59+00:00,f7c76e8f73b4e9e5cc777ef87d756ae94f8f8335,reddit,bwgnn,text,flag_bundled,"beta-wavelet basis NOT applied - the polynomial is evaluated over raw adjacency A, not the normalised Laplacian, so it is not a beta wavelet. Theta coefficients themselves are correct.",approximation,0,0,cpu,torch 2.3.1+cpu,3.11.9,Windows-10-10.0.26200-SP0,benchmark-v1,,False,3,5,False,0.5,argmax,0.6470862103544108,0.518087251763151,0.6652196542639907,0.5340801398166761,0.32142857142857145,0.07399103139013453,0.12029161603888214,0.901570253551764,0.24108847926298188,0.03213053177228931,44.34,21.5,completed,,none,none,none_h2_k10_t0_perhop,,,results/raw,results/raw/reddit__bwgnn__text__s0i0__90b66bf04fe1.json,Sentence-BERT of raw node text (384d),False
fa5671244512,2026-09-09T09:36:11+00:00,f7c76e8f73b4e9e5cc777ef87d756ae94f8f8335,reddit,care_gnn,baseline,flag_bundled,"NOT CARE-GNN - no RL neighbour filtering, no label-aware similarity, no multi-relation aggregation. A similarity-gated mean aggregator.",approximation,0,0,cpu,torch 2.3.1+cpu,3.11.9,Windows-10-10.0.26200-SP0,benchmark-v1,,False,1,5,False,0.5,argmax,0.5191638254591295,0.4762176018228425,0.5214396922518737,0.47617860703603476,0.0,0.0,0.0,0.9090476514173068,0.043345542526678216,0.0009288672094690531,106.54,45.49,completed,,none,none,none_h2_k10_t0_perhop,,,results/raw,results/raw/reddit__care_gnn__baseline__s0i0__fa5671244512.json,stored graph features (4096d). The paper calls these 'shallow embeddings'; measured to be 4096-d and Llama-2-derived - see research/dataset_notes.md section 7.,True
d603366eeca8,2026-09-09T09:38:51+00:00,f7c76e8f73b4e9e5cc777ef87d756ae94f8f8335-dirty,reddit,care_gnn,text,flag_bundled,"NOT CARE-GNN - no RL neighbour filtering, no label-aware similarity, no multi-relation aggregation. A similarity-gated mean aggregator.",approximation,0,0,cpu,torch 2.3.1+cpu,3.11.9,Windows-10-10.0.26200-SP0,benchmark-v1,,False,1,5,False,0.5,argmax,0.6232487178752543,0.4762176018228425,0.6234828347549448,0.47617860703603476,0.0,0.0,0.0,0.9090476514173068,0.19069160503108634,0.011905130918865333,41.7,20.68,completed,,none,none,none_h2_k10_t0_perhop,,,results/raw,results/raw/reddit__care_gnn__text__s0i0__d603366eeca8.json,Sentence-BERT of raw node text (384d),True
771782c912bd,2026-09-09T11:00:37+00:00,e9f9a139e84a4578d8c96ccdb38abf5e48b1e665-dirty,reddit,dga_gnn,baseline,flag_bundled,"NOT DGA-GNN - no decision-tree dynamic grouping, no bidirectional grouped aggregation. GraphSAGE-mean.",approximation,0,0,cpu,torch 2.3.1+cpu,3.11.9,Windows-10-10.0.26200-SP0,benchmark-v1,,False,1,5,False,0.5,argmax,0.5033127524854597,0.4762176018228425,0.5036488140606807,0.47617860703603476,0.0,0.0,0.0,0.9090476514173068,0.0054611074653801795,0.00805538423732553,52.67,23.74,completed,,none,none,none_h2_k10_t0_perhop,,,results/raw,results/raw/reddit__dga_gnn__baseline__s0i0__771782c912bd.json,stored graph features (4096d). The paper calls these 'shallow embeddings'; measured to be 4096-d and Llama-2-derived - see research/dataset_notes.md section 7.,True
6c2ac25e3902,2026-09-09T11:02:03+00:00,e9f9a139e84a4578d8c96ccdb38abf5e48b1e665-dirty,reddit,dga_gnn,text,flag_bundled,"NOT DGA-GNN - no decision-tree dynamic grouping, no bidirectional grouped aggregation. GraphSAGE-mean.",approximation,0,0,cpu,torch 2.3.1+cpu,3.11.9,Windows-10-10.0.26200-SP0,benchmark-v1,,False,1,5,False,0.5,argmax,0.6408152594332865,0.4762176018228425,0.6127514478507159,0.47617860703603476,0.0,0.0,0.0,0.9090476514173068,0.18144936973937517,0.037604372892206535,31.33,15.61,completed,,none,none,none_h2_k10_t0_perhop,,,results/raw,results/raw/reddit__dga_gnn__text__s0i0__6c2ac25e3902.json,Sentence-BERT of raw node text (384d),True
7c69a9cca555,2026-09-09T09:40:05+00:00,f7c76e8f73b4e9e5cc777ef87d756ae94f8f8335-dirty,reddit,gat,baseline,flag_bundled,"NOT canonical GAT - conv2 is a SAGEConv, not a GATConv, so the second layer performs no attention",adapted,0,0,cpu,torch 2.3.1+cpu,3.11.9,Windows-10-10.0.26200-SP0,benchmark-v1,,False,2,5,False,0.5,argmax,0.528881829642151,0.4762176018228425,0.52175981611656,0.47617860703603476,0.0,0.0,0.0,0.9090476514173068,0.03589472664115734,0.01990310177167088,105.86,38.78,completed,,none,none,none_h2_k10_t0_perhop,,,results/raw,results/raw/reddit__gat__baseline__s0i0__7c69a9cca555.json,stored graph features (4096d). The paper calls these 'shallow embeddings'; measured to be 4096-d and Llama-2-derived - see research/dataset_notes.md section 7.,True
804d5bcf3c05,2026-09-09T09:42:37+00:00,84447284fd7e441c9c7afaac53b938ffcab4e568-dirty,reddit,gat,text,flag_bundled,"NOT canonical GAT - conv2 is a SAGEConv, not a GATConv, so the second layer performs no attention",adapted,0,0,cpu,torch 2.3.1+cpu,3.11.9,Windows-10-10.0.26200-SP0,benchmark-v1,,False,1,5,False,0.5,argmax,0.640007664097642,0.4762176018228425,0.641304506984099,0.47617860703603476,0.0,0.0,0.0,0.9090476514173068,0.2081421560096381,0.03713699912202716,51.44,23.61,completed,,none,none,none_h2_k10_t0_perhop,,,results/raw,results/raw/reddit__gat__text__s0i0__804d5bcf3c05.json,Sentence-BERT of raw node text (384d),True
46551ec9c73f,2026-09-09T09:43:58+00:00,84447284fd7e441c9c7afaac53b938ffcab4e568-dirty,reddit,gcn,baseline,flag_bundled,faithful - two GCNConv layers plus the Eq. 6 skip,faithful,0,0,cpu,torch 2.3.1+cpu,3.11.9,Windows-10-10.0.26200-SP0,benchmark-v1,,False,5,5,False,0.5,argmax,0.5920604962324154,0.5039712505635123,0.5850807971844301,0.4957647406041175,0.12263936291240045,0.40284005979073245,0.18803418803418803,0.6835701175990755,0.14732566355004173,0.2894732303332497,50.96,25.13,completed,,none,none,none_h2_k10_t0_perhop,,,results/raw,results/raw/reddit__gcn__baseline__s0i0__46551ec9c73f.json,stored graph features (4096d). The paper calls these 'shallow embeddings'; measured to be 4096-d and Llama-2-derived - see research/dataset_notes.md section 7.,False
5f0a2a9f5e88,2026-09-09T09:45:21+00:00,84447284fd7e441c9c7afaac53b938ffcab4e568-dirty,reddit,gcn,text,flag_bundled,faithful - two GCNConv layers plus the Eq. 6 skip,faithful,0,0,cpu,torch 2.3.1+cpu,3.11.9,Windows-10-10.0.26200-SP0,benchmark-v1,,False,4,5,False,0.5,argmax,0.600002148812423,0.4876689794239775,0.5968939154893117,0.4831888079907288,0.29411764705882354,0.007473841554559043,0.014577259475218658,0.9080959825980559,0.14900843756640142,0.04205668336425465,36.44,22.19,completed,,none,none,none_h2_k10_t0_perhop,,,results/raw,results/raw/reddit__gcn__text__s0i0__5f0a2a9f5e88.json,Sentence-BERT of raw node text (384d),False
cd16dc229e02,2026-09-09T09:46:25+00:00,84447284fd7e441c9c7afaac53b938ffcab4e568-dirty,reddit,geniepath,baseline,flag_bundled,closest to faithful - Breadth(GAT)+Depth(LSTM) preserved; matches PyG's example globals exactly. No official author repo exists.,adapted,0,0,cpu,torch 2.3.1+cpu,3.11.9,Windows-10-10.0.26200-SP0,benchmark-v1,,False,4,5,False,0.5,argmax,0.576137796177979,0.5367782862039288,0.5934671426497202,0.5348000380490076,0.1462671406805485,0.21524663677130046,0.1741759903235561,0.8143566039018422,0.14915206856015906,0.1678203390337885,521.24,169.97,completed,,none,none,none_h2_k10_t0_perhop,,,results/raw,results/raw/reddit__geniepath__baseline__s0i0__cd16dc229e02.json,stored graph features (4096d). The paper calls these 'shallow embeddings'; measured to be 4096-d and Llama-2-derived - see research/dataset_notes.md section 7.,False
8d242946572a,2026-09-09T09:58:23+00:00,e9f9a139e84a4578d8c96ccdb38abf5e48b1e665,reddit,geniepath,text,flag_bundled,closest to faithful - Breadth(GAT)+Depth(LSTM) preserved; matches PyG's example globals exactly. No official author repo exists.,adapted,0,0,cpu,torch 2.3.1+cpu,3.11.9,Windows-10-10.0.26200-SP0,benchmark-v1,,False,5,5,False,0.5,argmax,0.5954896427241212,0.4817532854091316,0.5967419572511687,0.479101860724592,0.4,0.0029895366218236174,0.005934718100890208,0.9089116987288424,0.14881540198179471,0.048639759081488,427.35,156.44,completed,,none,none,none_h2_k10_t0_perhop,,,results/raw,results/raw/reddit__geniepath__text__s0i0__8d242946572a.json,Sentence-BERT of raw node text (384d),False
4547e9c1cfba,2026-09-09T10:08:29+00:00,e9f9a139e84a4578d8c96ccdb38abf5e48b1e665,reddit,pmp,baseline,flag_bundled,"partial - fraud/benign partition present, but applied to the aggregated mean rather than per-neighbour before aggregation",adapted,0,0,cpu,torch 2.3.1+cpu,3.11.9,Windows-10-10.0.26200-SP0,benchmark-v1,,False,1,5,False,0.5,argmax,0.6006646993095148,0.4762176018228425,0.5689807967037972,0.47617860703603476,0.0,0.0,0.0,0.9090476514173068,0.11175821437948563,0.13190224333841338,67.62,29.95,completed,,none,none,none_h2_k10_t0_perhop,,,results/raw,results/raw/reddit__pmp__baseline__s0i0__4547e9c1cfba.json,stored graph features (4096d). The paper calls these 'shallow embeddings'; measured to be 4096-d and Llama-2-derived - see research/dataset_notes.md section 7.,True
a028b62fbe90,2026-09-09T10:10:13+00:00,e9f9a139e84a4578d8c96ccdb38abf5e48b1e665,reddit,pmp,text,flag_bundled,"partial - fraud/benign partition present, but applied to the aggregated mean rather than per-neighbour before aggregation",adapted,0,0,cpu,torch 2.3.1+cpu,3.11.9,Windows-10-10.0.26200-SP0,benchmark-v1,,False,1,5,False,0.5,argmax,0.6303308454860613,0.4762176018228425,0.6320119449570264,0.47617860703603476,0.0,0.0,0.0,0.9090476514173068,0.19868810691779398,0.02888944937272909,41.43,20.55,completed,,none,none,none_h2_k10_t0_perhop,,,results/raw,results/raw/reddit__pmp__text__s0i0__a028b62fbe90.json,Sentence-BERT of raw node text (384d),True
4a02dd690213,2026-09-19T11:34:30+00:00,14eedbd784f43524589dcc9c848191495f337851-dirty,instagram,bwgnn,text,flag_bundled,"beta-wavelet basis NOT applied - the polynomial is evaluated over raw adjacency A, not the normalised Laplacian, so it is not a beta wavelet. Theta coefficients themselves are correct.",approximation,0,0,cpu,torch 2.14.0+cu130,3.12.14,Linux-5.15.0-119-generic-x86_64-with-glibc2.39,benchmark-v1,,False,2,5,False,0.15,validation_swept,0.6236919052016006,0.5503372213419064,0.593340896301529,0.5430521162439871,0.19576719576719576,0.12802768166089964,0.15481171548117154,0.8729160113243158,0.14948096885813145,0.020375582565602977,9.78,4.5,completed,,cosine,semantic,semantic_h2_k10_t0_perhop,,,results/flag_md/text/cosine,results/flag_md/text/cosine/instagram__bwgnn__text__s0i0__4a02dd690213.json,Sentence-BERT of raw node text (384d),False
a1d667f79d2a,2026-09-19T11:34:48+00:00,14eedbd784f43524589dcc9c848191495f337851-dirty,instagram,bwgnn,text,flag_bundled,"beta-wavelet basis NOT applied - the polynomial is evaluated over raw adjacency A, not the normalised Laplacian, so it is not a beta wavelet. Theta coefficients themselves are correct.",approximation,0,1,cpu,torch 2.14.0+cu130,3.12.14,Linux-5.15.0-119-generic-x86_64-with-glibc2.39,benchmark-v1,,False,2,5,False,0.1,validation_swept,0.601915974145891,0.5454371970535477,0.589300595059925,0.5253705001574785,0.1357921207041073,0.28027681660899656,0.18294748729531338,0.7724127083988676,0.1451557093425605,0.019915190085618668,9.27,4.53,completed,,cosine,semantic,semantic_h2_k10_t0_perhop,,,results/flag_md/text/cosine,results/flag_md/text/cosine/instagram__bwgnn__text__s0i1__a1d667f79d2a.json,Sentence-BERT of raw node text (384d),False
403545b6b95f,2026-09-19T11:35:03+00:00,14eedbd784f43524589dcc9c848191495f337851-dirty,instagram,bwgnn,text,flag_bundled,"beta-wavelet basis NOT applied - the polynomial is evaluated over raw adjacency A, not the normalised Laplacian, so it is not a beta wavelet. Theta coefficients themselves are correct.",approximation,1,0,cpu,torch 2.14.0+cu130,3.12.14,Linux-5.15.0-119-generic-x86_64-with-glibc2.39,benchmark-v1,,False,1,5,False,0.15,validation_swept,0.6479108956602032,0.5626211880839063,0.592294452892087,0.5384027729583887,0.16767676767676767,0.14359861591695502,0.15470643056849953,0.8573450770682605,0.14290657439446375,0.012333888182467518,9.08,4.5,completed,,cosine,semantic,semantic_h2_k10_t0_perhop,,,results/flag_md/text/cosine,results/flag_md/text/cosine/instagram__bwgnn__text__s1i0__403545b6b95f.json,Sentence-BERT of raw node text (384d),False
4c185b619b69,2026-09-19T11:35:19+00:00,14eedbd784f43524589dcc9c848191495f337851-dirty,instagram,bwgnn,text,flag_bundled,"beta-wavelet basis NOT applied - the polynomial is evaluated over raw adjacency A, not the normalised Laplacian, so it is not a beta wavelet. Theta coefficients themselves are correct.",approximation,1,1,cpu,torch 2.14.0+cu130,3.12.14,Linux-5.15.0-119-generic-x86_64-with-glibc2.39,benchmark-v1,,False,2,5,False,0.15,validation_swept,0.6200946445060018,0.5631813600573916,0.5887800672884663,0.5420625369799471,0.15864759427828348,0.21107266435986158,0.18114328136599853,0.8265177728845549,0.13477508650519032,0.014374725802439127,9.31,4.6,completed,,cosine,semantic,semantic_h2_k10_t0_perhop,,,results/flag_md/text/cosine,results/flag_md/text/cosine/instagram__bwgnn__text__s1i1__4c185b619b69.json,Sentence-BERT of raw node text (384d),False
dc1968268fe2,2026-09-19T11:35:34+00:00,14eedbd784f43524589dcc9c848191495f337851-dirty,instagram,bwgnn,text,flag_bundled,"beta-wavelet basis NOT applied - the polynomial is evaluated over raw adjacency A, not the normalised Laplacian, so it is not a beta wavelet. Theta coefficients themselves are correct.",approximation,2,0,cpu,torch 2.14.0+cu130,3.12.14,Linux-5.15.0-119-generic-x86_64-with-glibc2.39,benchmark-v1,,False,1,5,False,0.15,validation_swept,0.6181517389966144,0.5598759982754726,0.5913868967086122,0.5454575559157293,0.17723880597014927,0.1643598615916955,0.17055655296229802,0.8546712802768166,0.15138408304498274,0.009396821643059146,9.6,4.54,completed,,cosine,semantic,semantic_h2_k10_t0_perhop,,,results/flag_md/text/cosine,results/flag_md/text/cosine/instagram__bwgnn__text__s2i0__dc1968268fe2.json,Sentence-BERT of raw node text (384d),False
c76a582bd3e2,2026-09-19T11:35:50+00:00,14eedbd784f43524589dcc9c848191495f337851-dirty,instagram,bwgnn,text,flag_bundled,"beta-wavelet basis NOT applied - the polynomial is evaluated over raw adjacency A, not the normalised Laplacian, so it is not a beta wavelet. Theta coefficients themselves are correct.",approximation,2,1,cpu,torch 2.14.0+cu130,3.12.14,Linux-5.15.0-119-generic-x86_64-with-glibc2.39,benchmark-v1,,False,1,5,False,0.15,validation_swept,0.6042628501077255,0.5453348682074441,0.5947219860873313,0.5412731055358888,0.19452054794520549,0.12283737024221453,0.15058324496288442,0.8740169864737338,0.1555363321799308,0.008928018695633517,9.35,4.66,completed,,cosine,semantic,semantic_h2_k10_t0_perhop,,,results/flag_md/text/cosine,results/flag_md/text/cosine/instagram__bwgnn__text__s2i1__c76a582bd3e2.json,Sentence-BERT of raw node text (384d),False
94be44b00e6c,2026-09-19T11:36:06+00:00,14eedbd784f43524589dcc9c848191495f337851-dirty,instagram,bwgnn,text,flag_bundled,"beta-wavelet basis NOT applied - the polynomial is evaluated over raw adjacency A, not the normalised Laplacian, so it is not a beta wavelet. Theta coefficients themselves are correct.",approximation,3,0,cpu,torch 2.14.0+cu130,3.12.14,Linux-5.15.0-119-generic-x86_64-with-glibc2.39,benchmark-v1,,False,1,5,False,0.1,validation_swept,0.6528931979070481,0.5614853571688104,0.5841622166880186,0.5351252530234232,0.14669223394055608,0.2647058823529412,0.18877236273904996,0.793173954073608,0.14065743944636688,0.028784592076145452,9.76,4.61,completed,,cosine,semantic,semantic_h2_k10_t0_perhop,,,results/flag_md/text/cosine,results/flag_md/text/cosine/instagram__bwgnn__text__s3i0__94be44b00e6c.json,Sentence-BERT of raw node text (384d),False
30244f52632e,2026-09-19T11:36:22+00:00,14eedbd784f43524589dcc9c848191495f337851-dirty,instagram,bwgnn,text,flag_bundled,"beta-wavelet basis NOT applied - the polynomial is evaluated over raw adjacency A, not the normalised Laplacian, so it is not a beta wavelet. Theta coefficients themselves are correct.",approximation,3,1,cpu,torch 2.14.0+cu130,3.12.14,Linux-5.15.0-119-generic-x86_64-with-glibc2.39,benchmark-v1,,False,1,5,False,0.1,validation_swept,0.6302516158818097,0.5494190520160049,0.6021148872738592,0.5444448963381403,0.1669218989280245,0.18858131487889274,0.17709179528838342,0.840673167662787,0.16176470588235292,0.02837682007300745,9.37,4.55,completed,,cosine,semantic,semantic_h2_k10_t0_perhop,,,results/flag_md/text/cosine,results/flag_md/text/cosine/instagram__bwgnn__text__s3i1__30244f52632e.json,Sentence-BERT of raw node text (384d),False
c63433fe8682,2026-09-19T11:15:30+00:00,14eedbd784f43524589dcc9c848191495f337851-dirty,instagram,care_gnn,text,flag_bundled,"NOT CARE-GNN - no RL neighbour filtering, no label-aware similarity, no multi-relation aggregation. A similarity-gated mean aggregator.",approximation,0,0,cpu,torch 2.14.0+cu130,3.12.14,Linux-5.15.0-119-generic-x86_64-with-glibc2.39,benchmark-v1,,False,1,5,False,0.1,validation_swept,0.6628385657125269,0.5769286117107131,0.6102989068617473,0.5381518404907976,0.150853889943074,0.2750865051903114,0.1948529411764706,0.7933312362378107,0.18633217993079582,0.016769769059839276,12.19,5.54,completed,,cosine,semantic,semantic_h2_k10_t0_perhop,,,results/flag_md/text/cosine,results/flag_md/text/cosine/instagram__care_gnn__text__s0i0__c63433fe8682.json,Sentence-BERT of raw node text (384d),False
928a4c6c4cc7,2026-09-19T11:15:51+00:00,14eedbd784f43524589dcc9c848191495f337851-dirty,instagram,care_gnn,text,flag_bundled,"NOT CARE-GNN - no RL neighbour filtering, no label-aware similarity, no multi-relation aggregation. A similarity-gated mean aggregator.",approximation,0,1,cpu,torch 2.14.0+cu130,3.12.14,Linux-5.15.0-119-generic-x86_64-with-glibc2.39,benchmark-v1,,False,5,5,False,0.2,validation_swept,0.6037049861495846,0.5709529536857885,0.5930918571377259,0.5377489718953133,0.17718446601941748,0.12629757785467127,0.14747474747474748,0.867253853413023,0.15830449826989618,0.0237416880831917,11.57,5.48,completed,,cosine,semantic,semantic_h2_k10_t0_perhop,,,results/flag_md/text/cosine,results/flag_md/text/cosine/instagram__care_gnn__text__s0i1__928a4c6c4cc7.json,Sentence-BERT of raw node text (384d),False
bdca435e6e0b,2026-09-19T11:16:10+00:00,14eedbd784f43524589dcc9c848191495f337851-dirty,instagram,care_gnn,text,flag_bundled,"NOT CARE-GNN - no RL neighbour filtering, no label-aware similarity, no multi-relation aggregation. A similarity-gated mean aggregator.",approximation,1,0,cpu,torch 2.14.0+cu130,3.12.14,Linux-5.15.0-119-generic-x86_64-with-glibc2.39,benchmark-v1,,False,1,5,False,0.15,validation_swept,0.6531048014773777,0.5904209588420115,0.6150499574957197,0.5425516385917748,0.1567622950819672,0.2647058823529412,0.1969111969111969,0.8037118590751808,0.1960207612456747,0.028375086356710242,11.41,5.36,completed,,cosine,semantic,semantic_h2_k10_t0_perhop,,,results/flag_md/text/cosine,results/flag_md/text/cosine/instagram__care_gnn__text__s1i0__bdca435e6e0b.json,Sentence-BERT of raw node text (384d),False
efe731a0dbe2,2026-09-19T11:16:29+00:00,14eedbd784f43524589dcc9c848191495f337851-dirty,instagram,care_gnn,text,flag_bundled,"NOT CARE-GNN - no RL neighbour filtering, no label-aware similarity, no multi-relation aggregation. A similarity-gated mean aggregator.",approximation,1,1,cpu,torch 2.14.0+cu130,3.12.14,Linux-5.15.0-119-generic-x86_64-with-glibc2.39,benchmark-v1,,False,2,5,False,0.15,validation_swept,0.6474107417666974,0.5809057810483327,0.6104627878018702,0.5454125965409088,0.1607324516785351,0.27335640138408307,0.20243433696348495,0.8041837055677886,0.18408304498269895,0.018448601028910973,11.58,5.31,completed,,cosine,semantic,semantic_h2_k10_t0_perhop,,,results/flag_md/text/cosine,results/flag_md/text/cosine/instagram__care_gnn__text__s1i1__efe731a0dbe2.json,Sentence-BERT of raw node text (384d),False
2ea5c3ad0eeb,2026-09-19T11:16:48+00:00,14eedbd784f43524589dcc9c848191495f337851-dirty,instagram,care_gnn,text,flag_bundled,"NOT CARE-GNN - no RL neighbour filtering, no label-aware similarity, no multi-relation aggregation. A similarity-gated mean aggregator.",approximation,2,0,cpu,torch 2.14.0+cu130,3.12.14,Linux-5.15.0-119-generic-x86_64-with-glibc2.39,benchmark-v1,,False,1,5,False,0.1,validation_swept,0.6660607109879964,0.576075197055063,0.6120173369571724,0.5412404088752567,0.15593220338983052,0.31833910034602075,0.20932878270762229,0.7813777917584146,0.19411764705882356,0.014373057246496472,11.16,5.43,completed,,cosine,semantic,semantic_h2_k10_t0_perhop,,,results/flag_md/text/cosine,results/flag_md/text/cosine/instagram__care_gnn__text__s2i0__2ea5c3ad0eeb.json,Sentence-BERT of raw node text (384d),False
640edd646663,2026-09-19T11:17:07+00:00,14eedbd784f43524589dcc9c848191495f337851-dirty,instagram,care_gnn,text,flag_bundled,"NOT CARE-GNN - no RL neighbour filtering, no label-aware similarity, no multi-relation aggregation. A similarity-gated mean aggregator.",approximation,2,1,cpu,torch 2.14.0+cu130,3.12.14,Linux-5.15.0-119-generic-x86_64-with-glibc2.39,benchmark-v1,,False,1,5,False,0.1,validation_swept,0.659818405663281,0.5784118936694984,0.6068458830713234,0.5419888932626344,0.1564245810055866,0.2422145328719723,0.19008825526137135,0.8123623781063227,0.1825259515570934,0.01437676227532888,11.32,5.36,completed,,cosine,semantic,semantic_h2_k10_t0_perhop,,,results/flag_md/text/cosine,results/flag_md/text/cosine/instagram__care_gnn__text__s2i1__640edd646663.json,Sentence-BERT of raw node text (384d),False
5966e4c5c2be,2026-09-19T11:17:25+00:00,14eedbd784f43524589dcc9c848191495f337851-dirty,instagram,care_gnn,text,flag_bundled,"NOT CARE-GNN - no RL neighbour filtering, no label-aware similarity, no multi-relation aggregation. A similarity-gated mean aggregator.",approximation,3,0,cpu,torch 2.14.0+cu130,3.12.14,Linux-5.15.0-119-generic-x86_64-with-glibc2.39,benchmark-v1,,False,1,5,False,0.15,validation_swept,0.6590297014465989,0.5640839458071372,0.6097200105362723,0.5298829492413862,0.15704387990762125,0.11764705882352941,0.13452027695351138,0.862378106322743,0.18910034602076126,0.0069759921696636385,11.47,5.44,completed,,cosine,semantic,semantic_h2_k10_t0_perhop,,,results/flag_md/text/cosine,results/flag_md/text/cosine/instagram__care_gnn__text__s3i0__5966e4c5c2be.json,Sentence-BERT of raw node text (384d),False
f66a1ebcfd62,2026-09-19T11:17:44+00:00,14eedbd784f43524589dcc9c848191495f337851-dirty,instagram,care_gnn,text,flag_bundled,"NOT CARE-GNN - no RL neighbour filtering, no label-aware similarity, no multi-relation aggregation. A similarity-gated mean aggregator.",approximation,3,1,cpu,torch 2.14.0+cu130,3.12.14,Linux-5.15.0-119-generic-x86_64-with-glibc2.39,benchmark-v1,,False,2,5,False,0.1,validation_swept,0.6568367189904585,0.5829831932773109,0.6143866512613595,0.5457275480661823,0.1625441696113074,0.23875432525951557,0.19341275402943237,0.8189682290028311,0.18858131487889274,0.028854049588563864,11.39,5.29,completed,,cosine,semantic,semantic_h2_k10_t0_perhop,,,results/flag_md/text/cosine,results/flag_md/text/cosine/instagram__care_gnn__text__s3i1__f66a1ebcfd62.json,Sentence-BERT of raw node text (384d),False
275e5ad7d607,2026-09-19T11:38:56+00:00,14eedbd784f43524589dcc9c848191495f337851-dirty,instagram,dga_gnn,text,flag_bundled,"NOT DGA-GNN - no decision-tree dynamic grouping, no bidirectional grouped aggregation. GraphSAGE-mean.",approximation,0,0,cpu,torch 2.14.0+cu130,3.12.14,Linux-5.15.0-119-generic-x86_64-with-glibc2.39,benchmark-v1,,False,2,5,False,0.2,validation_swept,0.5894313634964605,0.5570560172360727,0.6030365117754816,0.5459952312880337,0.1676300578034682,0.20069204152249134,0.1826771653543307,0.8367411135577225,0.15588235294117647,0.04515345150018338,8.92,3.72,completed,,cosine,semantic,semantic_h2_k10_t0_perhop,,,results/flag_md/text/cosine,results/flag_md/text/cosine/instagram__dga_gnn__text__s0i0__275e5ad7d607.json,Sentence-BERT of raw node text (384d),False
f81c13b4db38,2026-09-19T11:39:13+00:00,14eedbd784f43524589dcc9c848191495f337851-dirty,instagram,dga_gnn,text,flag_bundled,"NOT DGA-GNN - no decision-tree dynamic grouping, no bidirectional grouped aggregation. GraphSAGE-mean.",approximation,0,1,cpu,torch 2.14.0+cu130,3.12.14,Linux-5.15.0-119-generic-x86_64-with-glibc2.39,benchmark-v1,,False,2,5,False,0.2,validation_swept,0.6103801169590644,0.5727977977977978,0.6106842889812143,0.5477945056262739,0.19809069212410502,0.14359861591695502,0.16649949849548645,0.8692985215476565,0.19359861591695499,0.02999349254862849,8.67,3.7,completed,,cosine,semantic,semantic_h2_k10_t0_perhop,,,results/flag_md/text/cosine,results/flag_md/text/cosine/instagram__dga_gnn__text__s0i1__f81c13b4db38.json,Sentence-BERT of raw node text (384d),False
c8a91b3dda4f,2026-09-19T11:39:27+00:00,14eedbd784f43524589dcc9c848191495f337851-dirty,instagram,dga_gnn,text,flag_bundled,"NOT DGA-GNN - no decision-tree dynamic grouping, no bidirectional grouped aggregation. GraphSAGE-mean.",approximation,1,0,cpu,torch 2.14.0+cu130,3.12.14,Linux-5.15.0-119-generic-x86_64-with-glibc2.39,benchmark-v1,,False,4,5,False,0.25,validation_swept,0.6118613419513697,0.5637096281824288,0.6004720369727374,0.518066862757369,0.1596958174904943,0.0726643598615917,0.09988109393579073,0.8809374016986474,0.17283737024221446,0.02732530432220369,8.79,3.74,completed,,cosine,semantic,semantic_h2_k10_t0_perhop,,,results/flag_md/text/cosine,results/flag_md/text/cosine/instagram__dga_gnn__text__s1i0__c8a91b3dda4f.json,Sentence-BERT of raw node text (384d),False
0efe47434fed,2026-09-19T11:39:41+00:00,14eedbd784f43524589dcc9c848191495f337851-dirty,instagram,dga_gnn,text,flag_bundled,"NOT DGA-GNN - no decision-tree dynamic grouping, no bidirectional grouped aggregation. GraphSAGE-mean.",approximation,1,1,cpu,torch 2.14.0+cu130,3.12.14,Linux-5.15.0-119-generic-x86_64-with-glibc2.39,benchmark-v1,,False,2,5,False,0.2,validation_swept,0.5977416128039397,0.5786565170451426,0.604390362902743,0.5452250598301807,0.18640350877192982,0.14705882352941177,0.1644100580270793,0.8641082101289713,0.16487889273356404,0.039352514888574414,8.75,3.71,completed,,cosine,semantic,semantic_h2_k10_t0_perhop,,,results/flag_md/text/cosine,results/flag_md/text/cosine/instagram__dga_gnn__text__s1i1__0efe47434fed.json,Sentence-BERT of raw node text (384d),False
13917ea77b29,2026-09-19T11:39:55+00:00,14eedbd784f43524589dcc9c848191495f337851-dirty,instagram,dga_gnn,text,flag_bundled,"NOT DGA-GNN - no decision-tree dynamic grouping, no bidirectional grouped aggregation. GraphSAGE-mean.",approximation,2,0,cpu,torch 2.14.0+cu130,3.12.14,Linux-5.15.0-119-generic-x86_64-with-glibc2.39,benchmark-v1,,False,5,5,False,0.15,validation_swept,0.5850453985841797,0.5786565170451426,0.6082926748961339,0.539931156652506,0.19540229885057472,0.11764705882352941,0.1468682505399568,0.8757470902799622,0.169204152249135,0.025997609909247123,8.11,3.52,completed,,cosine,semantic,semantic_h2_k10_t0_perhop,,,results/flag_md/text/cosine,results/flag_md/text/cosine/instagram__dga_gnn__text__s2i0__13917ea77b29.json,Sentence-BERT of raw node text (384d),False
19b3cd4d1914,2026-09-19T11:40:09+00:00,14eedbd784f43524589dcc9c848191495f337851-dirty,instagram,dga_gnn,text,flag_bundled,"NOT DGA-GNN - no decision-tree dynamic grouping, no bidirectional grouped aggregation. GraphSAGE-mean.",approximation,2,1,cpu,torch 2.14.0+cu130,3.12.14,Linux-5.15.0-119-generic-x86_64-with-glibc2.39,benchmark-v1,,False,1,5,False,0.2,validation_swept,0.6139581409664512,0.5813979300202559,0.6136447719735156,0.5372693420375521,0.17548076923076922,0.12629757785467127,0.14688128772635814,0.8666247247562127,0.17750865051903109,0.031979484396883216,11.5,6.86,completed,,cosine,semantic,semantic_h2_k10_t0_perhop,,,results/flag_md/text/cosine,results/flag_md/text/cosine/instagram__dga_gnn__text__s2i1__19b3cd4d1914.json,Sentence-BERT of raw node text (384d),False
0466c0e635a6,2026-09-19T11:40:30+00:00,14eedbd784f43524589dcc9c848191495f337851-dirty,instagram,dga_gnn,text,flag_bundled,"NOT DGA-GNN - no decision-tree dynamic grouping, no bidirectional grouped aggregation. GraphSAGE-mean.",approximation,3,0,cpu,torch 2.14.0+cu130,3.12.14,Linux-5.15.0-119-generic-x86_64-with-glibc2.39,benchmark-v1,,False,4,5,False,0.1,validation_swept,0.6279816866728224,0.5707346465434346,0.6062312172986434,0.5551574600130191,0.176,0.2664359861591695,0.21197522367515484,0.8199119219880465,0.1688581314878893,0.030403836634496105,8.71,3.67,completed,,cosine,semantic,semantic_h2_k10_t0_perhop,,,results/flag_md/text/cosine,results/flag_md/text/cosine/instagram__dga_gnn__text__s3i0__0466c0e635a6.json,Sentence-BERT of raw node text (384d),False
0edd57815875,2026-09-19T11:40:44+00:00,14eedbd784f43524589dcc9c848191495f337851-dirty,instagram,dga_gnn,text,flag_bundled,"NOT DGA-GNN - no decision-tree dynamic grouping, no bidirectional grouped aggregation. GraphSAGE-mean.",approximation,3,1,cpu,torch 2.14.0+cu130,3.12.14,Linux-5.15.0-119-generic-x86_64-with-glibc2.39,benchmark-v1,,False,2,5,False,0.15,validation_swept,0.6225184672206834,0.5645019745502413,0.6078212365752326,0.5392299342841925,0.15378289473684212,0.3235294117647059,0.2084726867335563,0.7766593268323372,0.16280276816608996,0.01944172848924206,8.74,3.83,completed,,cosine,semantic,semantic_h2_k10_t0_perhop,,,results/flag_md/text/cosine,results/flag_md/text/cosine/instagram__dga_gnn__text__s3i1__0edd57815875.json,Sentence-BERT of raw node text (384d),False
a7dcdbf9c012,2026-09-19T11:29:10+00:00,14eedbd784f43524589dcc9c848191495f337851-dirty,instagram,gat,text,flag_bundled,"NOT canonical GAT - conv2 is a SAGEConv, not a GATConv, so the second layer performs no attention",adapted,0,0,cpu,torch 2.14.0+cu130,3.12.14,Linux-5.15.0-119-generic-x86_64-with-glibc2.39,benchmark-v1,,False,1,5,False,0.1,validation_swept,0.661318867343798,0.5914307430119862,0.6231962620179355,0.542804357708949,0.16133518776077885,0.20069204152249134,0.17887432536622977,0.8324944951242529,0.20138408304498268,0.036847226460121243,11.94,4.73,completed,,cosine,semantic,semantic_h2_k10_t0_perhop,,,results/flag_md/text/cosine,results/flag_md/text/cosine/instagram__gat__text__s0i0__a7dcdbf9c012.json,Sentence-BERT of raw node text (384d),False
e353ebed86dd,2026-09-19T11:29:30+00:00,14eedbd784f43524589dcc9c848191495f337851-dirty,instagram,gat,text,flag_bundled,"NOT canonical GAT - conv2 is a SAGEConv, not a GATConv, so the second layer performs no attention",adapted,0,1,cpu,torch 2.14.0+cu130,3.12.14,Linux-5.15.0-119-generic-x86_64-with-glibc2.39,benchmark-v1,,False,1,5,False,0.1,validation_swept,0.6329832256078793,0.5764373757830682,0.6171916344392427,0.5462386911721682,0.16689847009735745,0.20761245674740483,0.18504240555127216,0.8337527524378735,0.19134948096885818,0.03082953014118956,11.37,4.73,completed,,cosine,semantic,semantic_h2_k10_t0_perhop,,,results/flag_md/text/cosine,results/flag_md/text/cosine/instagram__gat__text__s0i1__e353ebed86dd.json,Sentence-BERT of raw node text (384d),False
c56a8a2cf851,2026-09-19T11:29:48+00:00,14eedbd784f43524589dcc9c848191495f337851-dirty,instagram,gat,text,flag_bundled,"NOT canonical GAT - conv2 is a SAGEConv, not a GATConv, so the second layer performs no attention",adapted,1,0,cpu,torch 2.14.0+cu130,3.12.14,Linux-5.15.0-119-generic-x86_64-with-glibc2.39,benchmark-v1,,False,3,5,False,0.1,validation_swept,0.6549899969221298,0.5728618156258958,0.5981316076196406,0.5386252771618625,0.15179606025492468,0.22664359861591696,0.18181818181818182,0.8145643284051588,0.17128027681660896,0.034510121207627746,12.43,5.23,completed,,cosine,semantic,semantic_h2_k10_t0_perhop,,,results/flag_md/text/cosine,results/flag_md/text/cosine/instagram__gat__text__s1i0__c56a8a2cf851.json,Sentence-BERT of raw node text (384d),False
7167ba116ee8,2026-09-19T11:30:08+00:00,14eedbd784f43524589dcc9c848191495f337851-dirty,instagram,gat,text,flag_bundled,"NOT canonical GAT - conv2 is a SAGEConv, not a GATConv, so the second layer performs no attention",adapted,1,1,cpu,torch 2.14.0+cu130,3.12.14,Linux-5.15.0-119-generic-x86_64-with-glibc2.39,benchmark-v1,,False,2,5,False,0.15,validation_swept,0.6329062788550324,0.5788489405331511,0.621867853593707,0.5494372936160552,0.18653846153846154,0.16782006920415224,0.1766848816029144,0.8578169235608682,0.19065743944636682,0.021629282517974465,11.29,4.71,completed,,cosine,semantic,semantic_h2_k10_t0_perhop,,,results/flag_md/text/cosine,results/flag_md/text/cosine/instagram__gat__text__s1i1__7167ba116ee8.json,Sentence-BERT of raw node text (384d),False
9d665264eeca,2026-09-19T11:30:26+00:00,14eedbd784f43524589dcc9c848191495f337851-dirty,instagram,gat,text,flag_bundled,"NOT canonical GAT - conv2 is a SAGEConv, not a GATConv, so the second layer performs no attention",adapted,2,0,cpu,torch 2.14.0+cu130,3.12.14,Linux-5.15.0-119-generic-x86_64-with-glibc2.39,benchmark-v1,,False,1,5,False,0.15,validation_swept,0.6420821791320406,0.5805951718806298,0.6181143065815783,0.5468716799314678,0.1635322976287817,0.3460207612456747,0.2220988339811216,0.7796476879521862,0.19204152249134943,0.024634226275412816,11.26,4.64,completed,,cosine,semantic,semantic_h2_k10_t0_perhop,,,results/flag_md/text/cosine,results/flag_md/text/cosine/instagram__gat__text__s2i0__9d665264eeca.json,Sentence-BERT of raw node text (384d),False
3a0a9aba4a8a,2026-09-19T11:30:43+00:00,14eedbd784f43524589dcc9c848191495f337851-dirty,instagram,gat,text,flag_bundled,"NOT canonical GAT - conv2 is a SAGEConv, not a GATConv, so the second layer performs no attention",adapted,2,1,cpu,torch 2.14.0+cu130,3.12.14,Linux-5.15.0-119-generic-x86_64-with-glibc2.39,benchmark-v1,,False,1,5,False,0.15,validation_swept,0.6518544167436134,0.6018406536680334,0.6267657235904742,0.5553325605690244,0.17532467532467533,0.28027681660899656,0.21571238348868177,0.8147216105693614,0.2036332179930796,0.015045772437574533,11.24,4.65,completed,,cosine,semantic,semantic_h2_k10_t0_perhop,,,results/flag_md/text/cosine,results/flag_md/text/cosine/instagram__gat__text__s2i1__3a0a9aba4a8a.json,Sentence-BERT of raw node text (384d),False
8c21380dc6fa,2026-09-19T11:31:01+00:00,14eedbd784f43524589dcc9c848191495f337851-dirty,instagram,gat,text,flag_bundled,"NOT canonical GAT - conv2 is a SAGEConv, not a GATConv, so the second layer performs no attention",adapted,3,0,cpu,torch 2.14.0+cu130,3.12.14,Linux-5.15.0-119-generic-x86_64-with-glibc2.39,benchmark-v1,,False,3,5,False,0.1,validation_swept,0.6548745767928593,0.5978041913557705,0.6100824942230099,0.5409731463286116,0.15455475946775846,0.26124567474048443,0.19421221864951768,0.802925448254168,0.17854671280276818,0.029398438438407493,11.12,4.63,completed,,cosine,semantic,semantic_h2_k10_t0_perhop,,,results/flag_md/text/cosine,results/flag_md/text/cosine/instagram__gat__text__s3i0__8c21380dc6fa.json,Sentence-BERT of raw node text (384d),False
80179051a1a4,2026-09-19T11:31:19+00:00,14eedbd784f43524589dcc9c848191495f337851-dirty,instagram,gat,text,flag_bundled,"NOT canonical GAT - conv2 is a SAGEConv, not a GATConv, so the second layer performs no attention",adapted,3,1,cpu,torch 2.14.0+cu130,3.12.14,Linux-5.15.0-119-generic-x86_64-with-glibc2.39,benchmark-v1,,False,4,5,False,0.2,validation_swept,0.6109764542936288,0.5645761624175952,0.6041532967756612,0.5365393206948348,0.1486097794822627,0.2681660899653979,0.19123997532387416,0.7938030827304183,0.17768166089965398,0.04020420164618373,11.09,4.64,completed,,cosine,semantic,semantic_h2_k10_t0_perhop,,,results/flag_md/text/cosine,results/flag_md/text/cosine/instagram__gat__text__s3i1__80179051a1a4.json,Sentence-BERT of raw node text (384d),False
f48a50620a2c,2026-09-19T11:47:21+00:00,14eedbd784f43524589dcc9c848191495f337851-dirty,instagram,gcn,text,flag_bundled,faithful - two GCNConv layers plus the Eq. 6 skip,faithful,0,0,cpu,torch 2.14.0+cu130,3.12.14,Linux-5.15.0-119-generic-x86_64-with-glibc2.39,benchmark-v1,,False,2,5,False,0.15,validation_swept,0.650931055709449,0.5799669128962758,0.6074821003101016,0.546474333767945,0.1686046511627907,0.20069204152249134,0.18325434439178515,0.8373702422145328,0.15986159169550174,0.021957377981530413,8.88,4.08,completed,,cosine,semantic,semantic_h2_k10_t0_perhop,,,results/flag_md/text/cosine,results/flag_md/text/cosine/instagram__gcn__text__s0i0__f48a50620a2c.json,Sentence-BERT of raw node text (384d),False
4cad88178c64,2026-09-19T11:47:37+00:00,14eedbd784f43524589dcc9c848191495f337851-dirty,instagram,gcn,text,flag_bundled,faithful - two GCNConv layers plus the Eq. 6 skip,faithful,0,1,cpu,torch 2.14.0+cu130,3.12.14,Linux-5.15.0-119-generic-x86_64-with-glibc2.39,benchmark-v1,,False,2,5,False,0.15,validation_swept,0.6535857186826716,0.5726179277316927,0.6080788065276996,0.547231009653118,0.16981132075471697,0.20242214532871972,0.18468823993685873,0.8375275243787355,0.16522491349480967,0.019505745637546656,8.5,4.02,completed,,cosine,semantic,semantic_h2_k10_t0_perhop,,,results/flag_md/text/cosine,results/flag_md/text/cosine/instagram__gcn__text__s0i1__4cad88178c64.json,Sentence-BERT of raw node text (384d),False
e514930af327,2026-09-19T11:47:52+00:00,14eedbd784f43524589dcc9c848191495f337851-dirty,instagram,gcn,text,flag_bundled,faithful - two GCNConv layers plus the Eq. 6 skip,faithful,1,0,cpu,torch 2.14.0+cu130,3.12.14,Linux-5.15.0-119-generic-x86_64-with-glibc2.39,benchmark-v1,,False,2,5,False,0.2,validation_swept,0.6498153277931672,0.5840051378255505,0.6052596053687096,0.547365602480433,0.17857142857142858,0.17301038062283736,0.1757469244288225,0.8524693299779805,0.16159169550173014,0.025016304713853445,8.19,4.0,completed,,cosine,semantic,semantic_h2_k10_t0_perhop,,,results/flag_md/text/cosine,results/flag_md/text/cosine/instagram__gcn__text__s1i0__e514930af327.json,Sentence-BERT of raw node text (384d),False
9934ea5f70e9,2026-09-19T11:48:06+00:00,14eedbd784f43524589dcc9c848191495f337851-dirty,instagram,gcn,text,flag_bundled,faithful - two GCNConv layers plus the Eq. 6 skip,faithful,1,1,cpu,torch 2.14.0+cu130,3.12.14,Linux-5.15.0-119-generic-x86_64-with-glibc2.39,benchmark-v1,,False,2,5,False,0.2,validation_swept,0.6379270544783011,0.5763169845594913,0.6040811592294153,0.5460743041488132,0.17973231357552583,0.16262975778546712,0.17075386012715713,0.856401384083045,0.15813148788927345,0.02374469680309095,8.15,4.04,completed,,cosine,semantic,semantic_h2_k10_t0_perhop,,,results/flag_md/text/cosine,results/flag_md/text/cosine/instagram__gcn__text__s1i1__9934ea5f70e9.json,Sentence-BERT of raw node text (384d),False
0e7c1f3cf075,2026-09-19T11:48:20+00:00,14eedbd784f43524589dcc9c848191495f337851-dirty,instagram,gcn,text,flag_bundled,faithful - two GCNConv layers plus the Eq. 6 skip,faithful,2,0,cpu,torch 2.14.0+cu130,3.12.14,Linux-5.15.0-119-generic-x86_64-with-glibc2.39,benchmark-v1,,False,2,5,False,0.2,validation_swept,0.6448137888581102,0.578876974518621,0.6059464086876354,0.5483276230963935,0.18712273641851107,0.16089965397923875,0.17302325581395347,0.8601761560239068,0.1522491349480969,0.02224646476409406,8.18,4.02,completed,,cosine,semantic,semantic_h2_k10_t0_perhop,,,results/flag_md/text/cosine,results/flag_md/text/cosine/instagram__gcn__text__s2i0__0e7c1f3cf075.json,Sentence-BERT of raw node text (384d),False
b6c06ea5292e,2026-09-19T11:48:34+00:00,14eedbd784f43524589dcc9c848191495f337851-dirty,instagram,gcn,text,flag_bundled,faithful - two GCNConv layers plus the Eq. 6 skip,faithful,2,1,cpu,torch 2.14.0+cu130,3.12.14,Linux-5.15.0-119-generic-x86_64-with-glibc2.39,benchmark-v1,,False,1,5,False,0.15,validation_swept,0.65958756540474,0.5902106051777241,0.6088121550268795,0.5423769895118806,0.17745302713987474,0.14705882352941177,0.1608325449385052,0.860490720352312,0.17249134948096884,0.01770683810230283,8.29,4.03,completed,,cosine,semantic,semantic_h2_k10_t0_perhop,,,results/flag_md/text/cosine,results/flag_md/text/cosine/instagram__gcn__text__s2i1__b6c06ea5292e.json,Sentence-BERT of raw node text (384d),False
332f8f4aad87,2026-09-19T11:48:48+00:00,14eedbd784f43524589dcc9c848191495f337851-dirty,instagram,gcn,text,flag_bundled,faithful - two GCNConv layers plus the Eq. 6 skip,faithful,3,0,cpu,torch 2.14.0+cu130,3.12.14,Linux-5.15.0-119-generic-x86_64-with-glibc2.39,benchmark-v1,,False,3,5,False,0.15,validation_swept,0.6473337950138504,0.579439793116034,0.5965734665533219,0.5450296405878107,0.16140350877192983,0.23875432525951557,0.19260293091416608,0.8180245360176156,0.15155709342560564,0.026049700408755625,8.19,4.05,completed,,cosine,semantic,semantic_h2_k10_t0_perhop,,,results/flag_md/text/cosine,results/flag_md/text/cosine/instagram__gcn__text__s3i0__332f8f4aad87.json,Sentence-BERT of raw node text (384d),False
0b569c72e81a,2026-09-19T11:49:02+00:00,14eedbd784f43524589dcc9c848191495f337851-dirty,instagram,gcn,text,flag_bundled,faithful - two GCNConv layers plus the Eq. 6 skip,faithful,3,1,cpu,torch 2.14.0+cu130,3.12.14,Linux-5.15.0-119-generic-x86_64-with-glibc2.39,benchmark-v1,,False,1,5,False,0.15,validation_swept,0.665839489073561,0.5616552220381984,0.6071588283186264,0.5250694711111662,0.16358024691358025,0.09169550173010381,0.11751662971175167,0.8748033972947468,0.17301038062283736,0.025445650979412447,8.2,4.01,completed,,cosine,semantic,semantic_h2_k10_t0_perhop,,,results/flag_md/text/cosine,results/flag_md/text/cosine/instagram__gcn__text__s3i1__0b569c72e81a.json,Sentence-BERT of raw node text (384d),False
80b1677eb241,2026-09-19T10:52:19+00:00,14eedbd784f43524589dcc9c848191495f337851-dirty,instagram,geniepath,text,flag_bundled,closest to faithful - Breadth(GAT)+Depth(LSTM) preserved; matches PyG's example globals exactly. No official author repo exists.,adapted,0,0,cpu,torch 2.14.0+cu130,3.12.14,Linux-5.15.0-119-generic-x86_64-with-glibc2.39,benchmark-v1,,False,1,5,False,0.1,validation_swept,0.6248268698060941,0.5640858980103113,0.5887160115420074,0.5261974740652186,0.1716171617161716,0.08996539792387544,0.11804767309875142,0.8777917584145958,0.13892733564013837,0.028214091800397,119.88,43.06,completed,,cosine,semantic,semantic_h2_k10_t0_perhop,,,results/flag_md/text/cosine,results/flag_md/text/cosine/instagram__geniepath__text__s0i0__80b1677eb241.json,Sentence-BERT of raw node text (384d),False
36257d1b5060,2026-09-19T10:55:10+00:00,14eedbd784f43524589dcc9c848191495f337851-dirty,instagram,geniepath,text,flag_bundled,closest to faithful - Breadth(GAT)+Depth(LSTM) preserved; matches PyG's example globals exactly. No official author repo exists.,adapted,0,1,cpu,torch 2.14.0+cu130,3.12.14,Linux-5.15.0-119-generic-x86_64-with-glibc2.39,benchmark-v1,,False,1,5,False,0.1,validation_swept,0.612226839027393,0.5598759982754726,0.5896521533506542,0.5395995895673753,0.17429193899782136,0.1384083044982699,0.15429122468659595,0.8620635419943379,0.1344290657439447,0.024591710225694455,118.26,42.7,completed,,cosine,semantic,semantic_h2_k10_t0_perhop,,,results/flag_md/text/cosine,results/flag_md/text/cosine/instagram__geniepath__text__s0i1__36257d1b5060.json,Sentence-BERT of raw node text (384d),False
2705bdcf7bf1,2026-09-19T10:57:58+00:00,14eedbd784f43524589dcc9c848191495f337851-dirty,instagram,geniepath,text,flag_bundled,closest to faithful - Breadth(GAT)+Depth(LSTM) preserved; matches PyG's example globals exactly. No official author repo exists.,adapted,1,0,cpu,torch 2.14.0+cu130,3.12.14,Linux-5.15.0-119-generic-x86_64-with-glibc2.39,benchmark-v1,,False,1,5,False,0.05,validation_swept,0.6012042166820559,0.5313918228626087,0.5805749452233571,0.521122440416247,0.18468468468468469,0.07093425605536333,0.1025,0.887071406102548,0.12698961937716263,0.06056577479671871,130.16,45.21,completed,,cosine,semantic,semantic_h2_k10_t0_perhop,,,results/flag_md/text/cosine,results/flag_md/text/cosine/instagram__geniepath__text__s1i0__2705bdcf7bf1.json,Sentence-BERT of raw node text (384d),False
4ccd14d4bd65,2026-09-19T11:01:01+00:00,14eedbd784f43524589dcc9c848191495f337851-dirty,instagram,geniepath,text,flag_bundled,closest to faithful - Breadth(GAT)+Depth(LSTM) preserved; matches PyG's example globals exactly. No official author repo exists.,adapted,1,1,cpu,torch 2.14.0+cu130,3.12.14,Linux-5.15.0-119-generic-x86_64-with-glibc2.39,benchmark-v1,,False,1,5,False,0.05,validation_swept,0.5903354878424131,0.5463092826346683,0.5814700793812334,0.5328763906690919,0.14374225526641884,0.20069204152249134,0.16750902527075812,0.8186536646744259,0.12422145328719725,0.05380433360123482,118.72,43.71,completed,,cosine,semantic,semantic_h2_k10_t0_perhop,,,results/flag_md/text/cosine,results/flag_md/text/cosine/instagram__geniepath__text__s1i1__4ccd14d4bd65.json,Sentence-BERT of raw node text (384d),False
571d84c157f6,2026-09-19T11:03:50+00:00,14eedbd784f43524589dcc9c848191495f337851-dirty,instagram,geniepath,text,flag_bundled,closest to faithful - Breadth(GAT)+Depth(LSTM) preserved; matches PyG's example globals exactly. No official author repo exists.,adapted,2,0,cpu,torch 2.14.0+cu130,3.12.14,Linux-5.15.0-119-generic-x86_64-with-glibc2.39,benchmark-v1,,False,1,5,False,0.15,validation_swept,0.5970106186518929,0.5499177370072862,0.5954306401982735,0.54255663873713,0.16228070175438597,0.19204152249134948,0.17591125198098256,0.8364265492293174,0.1536332179930796,0.018623347812223523,117.92,43.56,completed,,cosine,semantic,semantic_h2_k10_t0_perhop,,,results/flag_md/text/cosine,results/flag_md/text/cosine/instagram__geniepath__text__s2i0__571d84c157f6.json,Sentence-BERT of raw node text (384d),False
a19f0f818ee1,2026-09-19T11:06:38+00:00,14eedbd784f43524589dcc9c848191495f337851-dirty,instagram,geniepath,text,flag_bundled,closest to faithful - Breadth(GAT)+Depth(LSTM) preserved; matches PyG's example globals exactly. No official author repo exists.,adapted,2,1,cpu,torch 2.14.0+cu130,3.12.14,Linux-5.15.0-119-generic-x86_64-with-glibc2.39,benchmark-v1,,False,1,5,False,0.15,validation_swept,0.5999153585718683,0.548788233327762,0.5952739430801834,0.5384450121786758,0.15106382978723404,0.24567474048442905,0.18708827404479578,0.805913809374017,0.15674740484429062,0.02764982410354145,116.24,42.53,completed,,cosine,semantic,semantic_h2_k10_t0_perhop,,,results/flag_md/text/cosine,results/flag_md/text/cosine/instagram__geniepath__text__s2i1__a19f0f818ee1.json,Sentence-BERT of raw node text (384d),False
4b7c657e45b9,2026-09-19T11:09:24+00:00,14eedbd784f43524589dcc9c848191495f337851-dirty,instagram,geniepath,text,flag_bundled,closest to faithful - Breadth(GAT)+Depth(LSTM) preserved; matches PyG's example globals exactly. No official author repo exists.,adapted,3,0,cpu,torch 2.14.0+cu130,3.12.14,Linux-5.15.0-119-generic-x86_64-with-glibc2.39,benchmark-v1,,False,2,5,False,0.05,validation_swept,0.6157663896583564,0.568505414419001,0.568093653093234,0.5221318286197728,0.15723270440251572,0.08650519031141868,0.11160714285714286,0.8748033972947468,0.11280276816608992,0.06599793585007648,117.12,42.96,completed,,cosine,semantic,semantic_h2_k10_t0_perhop,,,results/flag_md/text/cosine,results/flag_md/text/cosine/instagram__geniepath__text__s3i0__4b7c657e45b9.json,Sentence-BERT of raw node text (384d),False
be9167462468,2026-09-19T11:12:10+00:00,14eedbd784f43524589dcc9c848191495f337851-dirty,instagram,geniepath,text,flag_bundled,closest to faithful - Breadth(GAT)+Depth(LSTM) preserved; matches PyG's example globals exactly. No official author repo exists.,adapted,3,1,cpu,torch 2.14.0+cu130,3.12.14,Linux-5.15.0-119-generic-x86_64-with-glibc2.39,benchmark-v1,,False,1,5,False,0.15,validation_swept,0.5882386888273314,0.5352366226738086,0.5660504543767435,0.5216538435543767,0.12776659959758552,0.21972318339100347,0.16157760814249364,0.7927021075810003,0.10536332179930796,0.030976428488605146,116.23,43.42,completed,,cosine,semantic,semantic_h2_k10_t0_perhop,,,results/flag_md/text/cosine,results/flag_md/text/cosine/instagram__geniepath__text__s3i1__be9167462468.json,Sentence-BERT of raw node text (384d),False
b9b5d112866e,2026-09-19T11:43:00+00:00,14eedbd784f43524589dcc9c848191495f337851-dirty,instagram,pmp,text,flag_bundled,"partial - fraud/benign partition present, but applied to the aggregated mean rather than per-neighbour before aggregation",adapted,0,0,cpu,torch 2.14.0+cu130,3.12.14,Linux-5.15.0-119-generic-x86_64-with-glibc2.39,benchmark-v1,,False,2,5,False,0.15,validation_swept,0.6147276084949215,0.5741069118491547,0.5914738508878007,0.5390647901530314,0.2158273381294964,0.10380622837370242,0.14018691588785046,0.8842403271469016,0.14671280276816612,0.023566872099008422,10.41,5.03,completed,,cosine,semantic,semantic_h2_k10_t0_perhop,,,results/flag_md/text/cosine,results/flag_md/text/cosine/instagram__pmp__text__s0i0__b9b5d112866e.json,Sentence-BERT of raw node text (384d),False
f3186d419a28,2026-09-19T11:43:20+00:00,14eedbd784f43524589dcc9c848191495f337851-dirty,instagram,pmp,text,flag_bundled,"partial - fraud/benign partition present, but applied to the aggregated mean rather than per-neighbour before aggregation",adapted,0,1,cpu,torch 2.14.0+cu130,3.12.14,Linux-5.15.0-119-generic-x86_64-with-glibc2.39,benchmark-v1,,False,3,5,False,0.2,validation_swept,0.6152662357648507,0.5869386372435152,0.589666820320638,0.5521681151071557,0.20608899297423888,0.1522491349480969,0.17512437810945275,0.8696130858760617,0.15328719723183393,0.0222656711097836,10.31,5.06,completed,,cosine,semantic,semantic_h2_k10_t0_perhop,,,results/flag_md/text/cosine,results/flag_md/text/cosine/instagram__pmp__text__s0i1__f3186d419a28.json,Sentence-BERT of raw node text (384d),False
9946cef6b9d0,2026-09-19T11:43:37+00:00,14eedbd784f43524589dcc9c848191495f337851-dirty,instagram,pmp,text,flag_bundled,"partial - fraud/benign partition present, but applied to the aggregated mean rather than per-neighbour before aggregation",adapted,1,0,cpu,torch 2.14.0+cu130,3.12.14,Linux-5.15.0-119-generic-x86_64-with-glibc2.39,benchmark-v1,,False,2,5,False,0.15,validation_swept,0.6072060634041243,0.5674582986290886,0.5905650974006537,0.5493196339022474,0.17119565217391305,0.2179930795847751,0.1917808219178082,0.8329663416168607,0.14083044982698967,0.01570188209148476,9.8,4.99,completed,,cosine,semantic,semantic_h2_k10_t0_perhop,,,results/flag_md/text/cosine,results/flag_md/text/cosine/instagram__pmp__text__s1i0__9946cef6b9d0.json,Sentence-BERT of raw node text (384d),False
cc8783654b49,2026-09-19T11:43:54+00:00,14eedbd784f43524589dcc9c848191495f337851-dirty,instagram,pmp,text,flag_bundled,"partial - fraud/benign partition present, but applied to the aggregated mean rather than per-neighbour before aggregation",adapted,1,1,cpu,torch 2.14.0+cu130,3.12.14,Linux-5.15.0-119-generic-x86_64-with-glibc2.39,benchmark-v1,,False,1,5,False,0.15,validation_swept,0.6523738073253309,0.569722126138591,0.6086575531902156,0.5347876039393711,0.16704805491990846,0.12629757785467127,0.1438423645320197,0.8633217993079585,0.19567474048442907,0.01299340393717661,9.7,5.09,completed,,cosine,semantic,semantic_h2_k10_t0_perhop,,,results/flag_md/text/cosine,results/flag_md/text/cosine/instagram__pmp__text__s1i1__cc8783654b49.json,Sentence-BERT of raw node text (384d),False
845dccbbb95e,2026-09-19T11:44:11+00:00,14eedbd784f43524589dcc9c848191495f337851-dirty,instagram,pmp,text,flag_bundled,"partial - fraud/benign partition present, but applied to the aggregated mean rather than per-neighbour before aggregation",adapted,2,0,cpu,torch 2.14.0+cu130,3.12.14,Linux-5.15.0-119-generic-x86_64-with-glibc2.39,benchmark-v1,,False,2,5,False,0.15,validation_swept,0.6076485072329947,0.5653033155737157,0.5975503166868212,0.5415251274924834,0.1589041095890411,0.20069204152249134,0.17737003058103976,0.8307643913180245,0.1536332179930796,0.015107599268255775,9.79,4.44,completed,,cosine,semantic,semantic_h2_k10_t0_perhop,,,results/flag_md/text/cosine,results/flag_md/text/cosine/instagram__pmp__text__s2i0__845dccbbb95e.json,Sentence-BERT of raw node text (384d),False
e17d9d5b6cf5,2026-09-19T11:44:27+00:00,14eedbd784f43524589dcc9c848191495f337851-dirty,instagram,pmp,text,flag_bundled,"partial - fraud/benign partition present, but applied to the aggregated mean rather than per-neighbour before aggregation",adapted,2,1,cpu,torch 2.14.0+cu130,3.12.14,Linux-5.15.0-119-generic-x86_64-with-glibc2.39,benchmark-v1,,False,3,5,False,0.1,validation_swept,0.6155932594644506,0.56854860620551,0.5883695417918847,0.5475034018540379,0.17002881844380405,0.2041522491349481,0.18553459119496854,0.8370556778861277,0.14065743944636677,0.038872210223547976,8.82,4.62,completed,,cosine,semantic,semantic_h2_k10_t0_perhop,,,results/flag_md/text/cosine,results/flag_md/text/cosine/instagram__pmp__text__s2i1__e17d9d5b6cf5.json,Sentence-BERT of raw node text (384d),False
2a355106465c,2026-09-19T11:44:42+00:00,14eedbd784f43524589dcc9c848191495f337851-dirty,instagram,pmp,text,flag_bundled,"partial - fraud/benign partition present, but applied to the aggregated mean rather than per-neighbour before aggregation",adapted,3,0,cpu,torch 2.14.0+cu130,3.12.14,Linux-5.15.0-119-generic-x86_64-with-glibc2.39,benchmark-v1,,False,1,5,False,0.15,validation_swept,0.631040320098492,0.574978970711937,0.5986825169717795,0.5408284921794863,0.16727272727272727,0.15916955017301038,0.16312056737588654,0.8515256369927651,0.17128027681660896,0.008102379395641414,9.65,5.17,completed,,cosine,semantic,semantic_h2_k10_t0_perhop,,,results/flag_md/text/cosine,results/flag_md/text/cosine/instagram__pmp__text__s3i0__2a355106465c.json,Sentence-BERT of raw node text (384d),False
0aae549f74d7,2026-09-19T11:44:59+00:00,14eedbd784f43524589dcc9c848191495f337851-dirty,instagram,pmp,text,flag_bundled,"partial - fraud/benign partition present, but applied to the aggregated mean rather than per-neighbour before aggregation",adapted,3,1,cpu,torch 2.14.0+cu130,3.12.14,Linux-5.15.0-119-generic-x86_64-with-glibc2.39,benchmark-v1,,False,2,5,False,0.1,validation_swept,0.6476608187134504,0.5768805083008813,0.6012885980771303,0.5461424430483324,0.16643741403026135,0.2093425605536332,0.1854406130268199,0.832809059452658,0.1688581314878892,0.03492449747457668,9.51,4.9,completed,,cosine,semantic,semantic_h2_k10_t0_perhop,,,results/flag_md/text/cosine,results/flag_md/text/cosine/instagram__pmp__text__s3i1__0aae549f74d7.json,Sentence-BERT of raw node text (384d),False
fb55720918f3,2026-09-19T11:34:16+00:00,14eedbd784f43524589dcc9c848191495f337851-dirty,reddit,bwgnn,text,flag_bundled,"beta-wavelet basis NOT applied - the polynomial is evaluated over raw adjacency A, not the normalised Laplacian, so it is not a beta wavelet. Theta coefficients themselves are correct.",approximation,0,0,cpu,torch 2.14.0+cu130,3.12.14,Linux-5.15.0-119-generic-x86_64-with-glibc2.39,benchmark-v1,,False,5,5,False,0.44999999999999996,validation_swept,0.6380110592212704,0.573032487283695,0.6309187007218547,0.5478102953315622,0.20611551528878821,0.13602391629297458,0.16389013957676724,0.8737679287607912,0.19536257436816062,0.037580556145153196,21.34,9.67,completed,,cosine,semantic,semantic_h2_k10_t0_perhop,,,results/flag_md/text/cosine,results/flag_md/text/cosine/reddit__bwgnn__text__s0i0__fb55720918f3.json,Sentence-BERT of raw node text (384d),False
3c17d61b81b6,2026-09-19T11:34:54+00:00,14eedbd784f43524589dcc9c848191495f337851-dirty,reddit,bwgnn,text,flag_bundled,"beta-wavelet basis NOT applied - the polynomial is evaluated over raw adjacency A, not the normalised Laplacian, so it is not a beta wavelet. Theta coefficients themselves are correct.",approximation,0,1,cpu,torch 2.14.0+cu130,3.12.14,Linux-5.15.0-119-generic-x86_64-with-glibc2.39,benchmark-v1,,False,3,5,False,0.2,validation_swept,0.6562652207546629,0.5684751677913906,0.6354089856220345,0.5479584153441133,0.1664050235478807,0.23766816143497757,0.19575253924284394,0.8223778125212426,0.19791054348738513,0.03017451504582289,20.3,10.48,completed,,cosine,semantic,semantic_h2_k10_t0_perhop,,,results/flag_md/text/cosine,results/flag_md/text/cosine/reddit__bwgnn__text__s0i1__3c17d61b81b6.json,Sentence-BERT of raw node text (384d),False
aafe1af2a110,2026-09-19T11:35:29+00:00,14eedbd784f43524589dcc9c848191495f337851-dirty,reddit,bwgnn,text,flag_bundled,"beta-wavelet basis NOT applied - the polynomial is evaluated over raw adjacency A, not the normalised Laplacian, so it is not a beta wavelet. Theta coefficients themselves are correct.",approximation,1,0,cpu,torch 2.14.0+cu130,3.12.14,Linux-5.15.0-119-generic-x86_64-with-glibc2.39,benchmark-v1,,False,2,5,False,0.25,validation_swept,0.6247922814657766,0.5530565368779545,0.6247670746792866,0.5393375336732061,0.15548961424332344,0.19581464872944693,0.1733377439629507,0.8301271157637142,0.1863004646378817,0.04799411294679987,19.28,9.55,completed,,cosine,semantic,semantic_h2_k10_t0_perhop,,,results/flag_md/text/cosine,results/flag_md/text/cosine/reddit__bwgnn__text__s1i0__aafe1af2a110.json,Sentence-BERT of raw node text (384d),False
c14a9ecf84ce,2026-09-19T11:36:02+00:00,14eedbd784f43524589dcc9c848191495f337851-dirty,reddit,bwgnn,text,flag_bundled,"beta-wavelet basis NOT applied - the polynomial is evaluated over raw adjacency A, not the normalised Laplacian, so it is not a beta wavelet. Theta coefficients themselves are correct.",approximation,1,1,cpu,torch 2.14.0+cu130,3.12.14,Linux-5.15.0-119-generic-x86_64-with-glibc2.39,benchmark-v1,,False,2,5,False,0.35,validation_swept,0.6725388935048564,0.5786503133390012,0.6563380054204213,0.562770030976092,0.1973941368078176,0.226457399103139,0.2109293421510616,0.8458976276255863,0.2290586849414472,0.08289378128027103,20.53,9.58,completed,,cosine,semantic,semantic_h2_k10_t0_perhop,,,results/flag_md/text/cosine,results/flag_md/text/cosine/reddit__bwgnn__text__s1i1__c14a9ecf84ce.json,Sentence-BERT of raw node text (384d),False
f94834ad1208,2026-09-19T11:36:36+00:00,14eedbd784f43524589dcc9c848191495f337851-dirty,reddit,bwgnn,text,flag_bundled,"beta-wavelet basis NOT applied - the polynomial is evaluated over raw adjacency A, not the normalised Laplacian, so it is not a beta wavelet. Theta coefficients themselves are correct.",approximation,2,0,cpu,torch 2.14.0+cu130,3.12.14,Linux-5.15.0-119-generic-x86_64-with-glibc2.39,benchmark-v1,,False,2,5,False,0.15,validation_swept,0.6250895338509583,0.5531020284589767,0.6190299665669522,0.5340650719056314,0.14668218859138532,0.18834080717488788,0.1649214659685864,0.8265243695194072,0.1700627292996162,0.02329039418952825,19.73,9.44,completed,,cosine,semantic,semantic_h2_k10_t0_perhop,,,results/flag_md/text/cosine,results/flag_md/text/cosine/reddit__bwgnn__text__s2i0__f94834ad1208.json,Sentence-BERT of raw node text (384d),False
127e105ddf04,2026-09-19T11:37:09+00:00,14eedbd784f43524589dcc9c848191495f337851-dirty,reddit,bwgnn,text,flag_bundled,"beta-wavelet basis NOT applied - the polynomial is evaluated over raw adjacency A, not the normalised Laplacian, so it is not a beta wavelet. Theta coefficients themselves are correct.",approximation,2,1,cpu,torch 2.14.0+cu130,3.12.14,Linux-5.15.0-119-generic-x86_64-with-glibc2.39,benchmark-v1,,False,3,5,False,0.2,validation_swept,0.6807437756066814,0.5797921493954897,0.6416990730603361,0.5559539592724337,0.19202363367799113,0.19431988041853512,0.19316493313521546,0.852355380327646,0.21569273116514243,0.03223445505355654,20.19,9.54,completed,,cosine,semantic,semantic_h2_k10_t0_perhop,,,results/flag_md/text/cosine,results/flag_md/text/cosine/reddit__bwgnn__text__s2i1__127e105ddf04.json,Sentence-BERT of raw node text (384d),False
875f64e1dd0f,2026-09-19T11:37:43+00:00,14eedbd784f43524589dcc9c848191495f337851-dirty,reddit,bwgnn,text,flag_bundled,"beta-wavelet basis NOT applied - the polynomial is evaluated over raw adjacency A, not the normalised Laplacian, so it is not a beta wavelet. Theta coefficients themselves are correct.",approximation,3,0,cpu,torch 2.14.0+cu130,3.12.14,Linux-5.15.0-119-generic-x86_64-with-glibc2.39,benchmark-v1,,False,2,5,False,0.2,validation_swept,0.6521538263186546,0.5623724706605667,0.6448871501900679,0.556640862755477,0.17706888580674987,0.2862481315396114,0.2187946301056841,0.8140846985249133,0.20982090612267068,0.029381430736360445,20.07,9.56,completed,,cosine,semantic,semantic_h2_k10_t0_perhop,,,results/flag_md/text/cosine,results/flag_md/text/cosine/reddit__bwgnn__text__s3i0__875f64e1dd0f.json,Sentence-BERT of raw node text (384d),False
9dca3f13acf6,2026-09-19T11:38:17+00:00,14eedbd784f43524589dcc9c848191495f337851-dirty,reddit,bwgnn,text,flag_bundled,"beta-wavelet basis NOT applied - the polynomial is evaluated over raw adjacency A, not the normalised Laplacian, so it is not a beta wavelet. Theta coefficients themselves are correct.",approximation,3,1,cpu,torch 2.14.0+cu130,3.12.14,Linux-5.15.0-119-generic-x86_64-with-glibc2.39,benchmark-v1,,False,3,5,False,0.2,validation_swept,0.6092563676474801,0.5451801466971283,0.600241048575555,0.5362085816072386,0.14793425144380276,0.24887892376681614,0.18556701030927836,0.8013051458092584,0.15364693623912812,0.04579832693367916,20.2,9.34,completed,,cosine,semantic,semantic_h2_k10_t0_perhop,,,results/flag_md/text/cosine,results/flag_md/text/cosine/reddit__bwgnn__text__s3i1__9dca3f13acf6.json,Sentence-BERT of raw node text (384d),False
21d3bfcaab22,2026-09-19T11:15:16+00:00,14eedbd784f43524589dcc9c848191495f337851-dirty,reddit,care_gnn,text,flag_bundled,"NOT CARE-GNN - no RL neighbour filtering, no label-aware similarity, no multi-relation aggregation. A similarity-gated mean aggregator.",approximation,0,0,cpu,torch 2.14.0+cu130,3.12.14,Linux-5.15.0-119-generic-x86_64-with-glibc2.39,benchmark-v1,,False,3,5,False,0.2,validation_swept,0.6278382230753803,0.5238411185461489,0.6105327122662099,0.5207017961904129,0.1343146274149034,0.10911808669656203,0.12041237113402062,0.855006457752702,0.17272420602519162,0.03854544497906908,17.66,8.89,completed,,cosine,semantic,semantic_h2_k10_t0_perhop,,,results/flag_md/text/cosine,results/flag_md/text/cosine/reddit__care_gnn__text__s0i0__21d3bfcaab22.json,Sentence-BERT of raw node text (384d),False
69d0320bd390,2026-09-19T11:15:48+00:00,14eedbd784f43524589dcc9c848191495f337851-dirty,reddit,care_gnn,text,flag_bundled,"NOT CARE-GNN - no RL neighbour filtering, no label-aware similarity, no multi-relation aggregation. A similarity-gated mean aggregator.",approximation,0,1,cpu,torch 2.14.0+cu130,3.12.14,Linux-5.15.0-119-generic-x86_64-with-glibc2.39,benchmark-v1,,False,5,5,False,0.25,validation_swept,0.6368166776494857,0.5280307152169673,0.5940462773473133,0.5158398859286207,0.12116316639741519,0.11210762331838565,0.11645962732919254,0.8452858405274964,0.15254684577954575,0.05074005616372537,18.45,8.85,completed,,cosine,semantic,semantic_h2_k10_t0_perhop,,,results/flag_md/text/cosine,results/flag_md/text/cosine/reddit__care_gnn__text__s0i1__69d0320bd390.json,Sentence-BERT of raw node text (384d),False
e75fcc7eeeb2,2026-09-19T11:16:19+00:00,14eedbd784f43524589dcc9c848191495f337851-dirty,reddit,care_gnn,text,flag_bundled,"NOT CARE-GNN - no RL neighbour filtering, no label-aware similarity, no multi-relation aggregation. A similarity-gated mean aggregator.",approximation,1,0,cpu,torch 2.14.0+cu130,3.12.14,Linux-5.15.0-119-generic-x86_64-with-glibc2.39,benchmark-v1,,False,5,5,False,0.2,validation_swept,0.639162464544595,0.5349465495441045,0.6021355246169551,0.5236680626838258,0.12987630827783064,0.2040358744394619,0.15872093023255815,0.8032764597919924,0.15086641904012688,0.051506191085017916,17.78,8.77,completed,,cosine,semantic,semantic_h2_k10_t0_perhop,,,results/flag_md/text/cosine,results/flag_md/text/cosine/reddit__care_gnn__text__s1i0__e75fcc7eeeb2.json,Sentence-BERT of raw node text (384d),False
9ee1ec68ce0a,2026-09-19T11:16:50+00:00,14eedbd784f43524589dcc9c848191495f337851-dirty,reddit,care_gnn,text,flag_bundled,"NOT CARE-GNN - no RL neighbour filtering, no label-aware similarity, no multi-relation aggregation. A similarity-gated mean aggregator.",approximation,1,1,cpu,torch 2.14.0+cu130,3.12.14,Linux-5.15.0-119-generic-x86_64-with-glibc2.39,benchmark-v1,,False,3,5,False,0.1,validation_swept,0.6345174483568747,0.5405995438253502,0.609698814189222,0.5231101277701183,0.13222543352601157,0.1367713004484305,0.13445995591476856,0.8398477329889199,0.1732907380811145,0.05904567431055971,18.08,8.9,completed,,cosine,semantic,semantic_h2_k10_t0_perhop,,,results/flag_md/text/cosine,results/flag_md/text/cosine/reddit__care_gnn__text__s1i1__9ee1ec68ce0a.json,Sentence-BERT of raw node text (384d),False
4e78442928e0,2026-09-19T11:17:21+00:00,14eedbd784f43524589dcc9c848191495f337851-dirty,reddit,care_gnn,text,flag_bundled,"NOT CARE-GNN - no RL neighbour filtering, no label-aware similarity, no multi-relation aggregation. A similarity-gated mean aggregator.",approximation,2,0,cpu,torch 2.14.0+cu130,3.12.14,Linux-5.15.0-119-generic-x86_64-with-glibc2.39,benchmark-v1,,False,1,5,False,0.2,validation_swept,0.598578560582185,0.5381989153955067,0.6084599828961753,0.5212761406326484,0.1423913043478261,0.09790732436472346,0.11603188662533215,0.8643192169125145,0.1694551757847757,0.022030272057443165,17.61,8.83,completed,,cosine,semantic,semantic_h2_k10_t0_perhop,,,results/flag_md/text/cosine,results/flag_md/text/cosine/reddit__care_gnn__text__s2i0__4e78442928e0.json,Sentence-BERT of raw node text (384d),False
ed78ce51a1d5,2026-09-19T11:17:51+00:00,14eedbd784f43524589dcc9c848191495f337851-dirty,reddit,care_gnn,text,flag_bundled,"NOT CARE-GNN - no RL neighbour filtering, no label-aware similarity, no multi-relation aggregation. A similarity-gated mean aggregator.",approximation,2,1,cpu,torch 2.14.0+cu130,3.12.14,Linux-5.15.0-119-generic-x86_64-with-glibc2.39,benchmark-v1,,False,2,5,False,0.1,validation_swept,0.6330956508036558,0.5453021978021978,0.6133977034913063,0.5313197002731624,0.14507422402159245,0.16068759342301944,0.1524822695035461,0.8375365372850249,0.1711487919850999,0.04645616107933302,18.28,8.79,completed,,cosine,semantic,semantic_h2_k10_t0_perhop,,,results/flag_md/text/cosine,results/flag_md/text/cosine/reddit__care_gnn__text__s2i1__ed78ce51a1d5.json,Sentence-BERT of raw node text (384d),False
610f5add4d75,2026-09-19T11:18:23+00:00,14eedbd784f43524589dcc9c848191495f337851-dirty,reddit,care_gnn,text,flag_bundled,"NOT CARE-GNN - no RL neighbour filtering, no label-aware similarity, no multi-relation aggregation. A similarity-gated mean aggregator.",approximation,3,0,cpu,torch 2.14.0+cu130,3.12.14,Linux-5.15.0-119-generic-x86_64-with-glibc2.39,benchmark-v1,,False,2,5,False,0.2,validation_swept,0.624145847061857,0.5314632191062985,0.6075783009671787,0.527847569824914,0.1430817610062893,0.13602391629297458,0.13946360153256704,0.8473251308544626,0.17171923616925744,0.025128756543610856,17.75,8.6,completed,,cosine,semantic,semantic_h2_k10_t0_perhop,,,results/flag_md/text/cosine,results/flag_md/text/cosine/reddit__care_gnn__text__s3i0__610f5add4d75.json,Sentence-BERT of raw node text (384d),False
35f24b14ccf4,2026-09-19T11:18:53+00:00,14eedbd784f43524589dcc9c848191495f337851-dirty,reddit,care_gnn,text,flag_bundled,"NOT CARE-GNN - no RL neighbour filtering, no label-aware similarity, no multi-relation aggregation. A similarity-gated mean aggregator.",approximation,3,1,cpu,torch 2.14.0+cu130,3.12.14,Linux-5.15.0-119-generic-x86_64-with-glibc2.39,benchmark-v1,,False,3,5,False,0.2,validation_swept,0.6455336933787926,0.5256788544073951,0.610503622798408,0.5228782391863191,0.12847404299947562,0.18310911808669655,0.1510015408320493,0.8127251716402691,0.17320070324417142,0.03528528655932353,18.22,8.91,completed,,cosine,semantic,semantic_h2_k10_t0_perhop,,,results/flag_md/text/cosine,results/flag_md/text/cosine/reddit__care_gnn__text__s3i1__35f24b14ccf4.json,Sentence-BERT of raw node text (384d),False
cf4f6e07b6b1,2026-09-19T11:38:54+00:00,14eedbd784f43524589dcc9c848191495f337851-dirty,reddit,dga_gnn,text,flag_bundled,"NOT DGA-GNN - no decision-tree dynamic grouping, no bidirectional grouped aggregation. GraphSAGE-mean.",approximation,0,0,cpu,torch 2.14.0+cu130,3.12.14,Linux-5.15.0-119-generic-x86_64-with-glibc2.39,benchmark-v1,,False,1,5,False,0.1,validation_swept,0.6450627453227518,0.5431740375641758,0.6042813548974313,0.5266256970937352,0.13413361169102297,0.1920777279521674,0.15795943454210204,0.8137448168037523,0.15461557919002628,0.030459418115866665,14.63,6.57,completed,,cosine,semantic,semantic_h2_k10_t0_perhop,,,results/flag_md/text/cosine,results/flag_md/text/cosine/reddit__dga_gnn__text__s0i0__cf4f6e07b6b1.json,Sentence-BERT of raw node text (384d),False
5bd44e160cce,2026-09-19T11:39:21+00:00,14eedbd784f43524589dcc9c848191495f337851-dirty,reddit,dga_gnn,text,flag_bundled,"NOT DGA-GNN - no decision-tree dynamic grouping, no bidirectional grouped aggregation. GraphSAGE-mean.",approximation,0,1,cpu,torch 2.14.0+cu130,3.12.14,Linux-5.15.0-119-generic-x86_64-with-glibc2.39,benchmark-v1,,False,1,5,False,0.15,validation_swept,0.6433687648626192,0.5609299104432302,0.6092415422861381,0.5353364238834354,0.14969325153374233,0.18236173393124067,0.16442048517520216,0.8314186663041262,0.16058794592812836,0.011821436276589404,14.36,6.22,completed,,cosine,semantic,semantic_h2_k10_t0_perhop,,,results/flag_md/text/cosine,results/flag_md/text/cosine/reddit__dga_gnn__text__s0i1__5bd44e160cce.json,Sentence-BERT of raw node text (384d),False
855afd88b978,2026-09-19T11:39:45+00:00,14eedbd784f43524589dcc9c848191495f337851-dirty,reddit,dga_gnn,text,flag_bundled,"NOT DGA-GNN - no decision-tree dynamic grouping, no bidirectional grouped aggregation. GraphSAGE-mean.",approximation,1,0,cpu,torch 2.14.0+cu130,3.12.14,Linux-5.15.0-119-generic-x86_64-with-glibc2.39,benchmark-v1,,False,5,5,False,0.2,validation_swept,0.6354862046242444,0.5417714505432044,0.6204254227082502,0.5292503615753832,0.1395631067961165,0.17189835575485798,0.15405224380442062,0.8282917544694446,0.1836037787581944,0.029922165990649993,13.71,6.37,completed,,cosine,semantic,semantic_h2_k10_t0_perhop,,,results/flag_md/text/cosine,results/flag_md/text/cosine/reddit__dga_gnn__text__s1i0__855afd88b978.json,Sentence-BERT of raw node text (384d),False
835ecbf04452,2026-09-19T11:40:09+00:00,14eedbd784f43524589dcc9c848191495f337851-dirty,reddit,dga_gnn,text,flag_bundled,"NOT DGA-GNN - no decision-tree dynamic grouping, no bidirectional grouped aggregation. GraphSAGE-mean.",approximation,1,1,cpu,torch 2.14.0+cu130,3.12.14,Linux-5.15.0-119-generic-x86_64-with-glibc2.39,benchmark-v1,,False,5,5,False,0.2,validation_swept,0.646810446093459,0.5381626764100493,0.6258962266628976,0.5037911942054355,0.12596899224806202,0.04857997010463378,0.07011866235167206,0.8828087825436748,0.18443097032963707,0.027200978904085543,21.37,6.22,completed,,cosine,semantic,semantic_h2_k10_t0_perhop,,,results/flag_md/text/cosine,results/flag_md/text/cosine/reddit__dga_gnn__text__s1i1__835ecbf04452.json,Sentence-BERT of raw node text (384d),False
775071aea801,2026-09-19T11:40:40+00:00,14eedbd784f43524589dcc9c848191495f337851-dirty,reddit,dga_gnn,text,flag_bundled,"NOT DGA-GNN - no decision-tree dynamic grouping, no bidirectional grouped aggregation. GraphSAGE-mean.",approximation,2,0,cpu,torch 2.14.0+cu130,3.12.14,Linux-5.15.0-119-generic-x86_64-with-glibc2.39,benchmark-v1,,False,1,5,False,0.15,validation_swept,0.6362776838667163,0.5634301177859597,0.6157091844587465,0.5370660767160081,0.1600312256049961,0.1532137518684604,0.1565483008781978,0.8498402555910544,0.17486106635450116,0.010139757713222598,13.89,6.29,completed,,cosine,semantic,semantic_h2_k10_t0_perhop,,,results/flag_md/text/cosine,results/flag_md/text/cosine/reddit__dga_gnn__text__s2i0__775071aea801.json,Sentence-BERT of raw node text (384d),False
563cb9c43b3e,2026-09-19T11:41:04+00:00,14eedbd784f43524589dcc9c848191495f337851-dirty,reddit,dga_gnn,text,flag_bundled,"NOT DGA-GNN - no decision-tree dynamic grouping, no bidirectional grouped aggregation. GraphSAGE-mean.",approximation,2,1,cpu,torch 2.14.0+cu130,3.12.14,Linux-5.15.0-119-generic-x86_64-with-glibc2.39,benchmark-v1,,False,2,5,False,0.1,validation_swept,0.6356939231584677,0.5444637106762447,0.6239489368903297,0.5472090811704255,0.17418899858956277,0.18460388639760836,0.1792452830188679,0.8462375093467474,0.18240923834551853,0.046138941359554916,17.81,6.2,completed,,cosine,semantic,semantic_h2_k10_t0_perhop,,,results/flag_md/text/cosine,results/flag_md/text/cosine/reddit__dga_gnn__text__s2i1__563cb9c43b3e.json,Sentence-BERT of raw node text (384d),False
feec84f34411,2026-09-19T11:41:32+00:00,14eedbd784f43524589dcc9c848191495f337851-dirty,reddit,dga_gnn,text,flag_bundled,"NOT DGA-GNN - no decision-tree dynamic grouping, no bidirectional grouped aggregation. GraphSAGE-mean.",approximation,3,0,cpu,torch 2.14.0+cu130,3.12.14,Linux-5.15.0-119-generic-x86_64-with-glibc2.39,benchmark-v1,,False,2,5,False,0.15,validation_swept,0.6639722946451594,0.5597802522071134,0.6191597374492499,0.5310565655778039,0.14089709762532981,0.19955156950672645,0.16517166718218373,0.8165318469172728,0.1733162228021859,0.026201148043732386,17.0,6.12,completed,,cosine,semantic,semantic_h2_k10_t0_perhop,,,results/flag_md/text/cosine,results/flag_md/text/cosine/reddit__dga_gnn__text__s3i0__feec84f34411.json,Sentence-BERT of raw node text (384d),False
f44247bc61b6,2026-09-19T11:41:59+00:00,14eedbd784f43524589dcc9c848191495f337851-dirty,reddit,dga_gnn,text,flag_bundled,"NOT DGA-GNN - no decision-tree dynamic grouping, no bidirectional grouped aggregation. GraphSAGE-mean.",approximation,3,1,cpu,torch 2.14.0+cu130,3.12.14,Linux-5.15.0-119-generic-x86_64-with-glibc2.39,benchmark-v1,,False,2,5,False,0.15,validation_swept,0.653292696902845,0.5410102018531807,0.6160663338227964,0.5327091286782145,0.16885964912280702,0.11509715994020926,0.1368888888888889,0.8679899395010536,0.17575252860408447,0.007496063840216878,13.8,6.38,completed,,cosine,semantic,semantic_h2_k10_t0_perhop,,,results/flag_md/text/cosine,results/flag_md/text/cosine/reddit__dga_gnn__text__s3i1__f44247bc61b6.json,Sentence-BERT of raw node text (384d),False
7e0dac2fea47,2026-09-19T11:27:36+00:00,14eedbd784f43524589dcc9c848191495f337851-dirty,reddit,gat,text,flag_bundled,"NOT canonical GAT - conv2 is a SAGEConv, not a GATConv, so the second layer performs no attention",adapted,0,0,cpu,torch 2.14.0+cu130,3.12.14,Linux-5.15.0-119-generic-x86_64-with-glibc2.39,benchmark-v1,,False,3,5,False,0.25,validation_swept,0.6647207976391714,0.5511707994732724,0.6382279255090546,0.5376174185744156,0.16415410385259632,0.14648729446935724,0.15481832543443919,0.8545306233430766,0.20173246922244886,0.0409960375967858,19.53,9.11,completed,,cosine,semantic,semantic_h2_k10_t0_perhop,,,results/flag_md/text/cosine,results/flag_md/text/cosine/reddit__gat__text__s0i0__7e0dac2fea47.json,Sentence-BERT of raw node text (384d),False
951f2b61657e,2026-09-19T11:28:10+00:00,14eedbd784f43524589dcc9c848191495f337851-dirty,reddit,gat,text,flag_bundled,"NOT canonical GAT - conv2 is a SAGEConv, not a GATConv, so the second layer performs no attention",adapted,0,1,cpu,torch 2.14.0+cu130,3.12.14,Linux-5.15.0-119-generic-x86_64-with-glibc2.39,benchmark-v1,,False,5,5,False,0.2,validation_swept,0.6680478755407846,0.5642887989952338,0.6351428491269863,0.547700164227491,0.17264276228419656,0.19431988041853512,0.1828410689170183,0.8420229760043505,0.195721987177832,0.034726107495940524,19.27,9.15,completed,,cosine,semantic,semantic_h2_k10_t0_perhop,,,results/flag_md/text/cosine,results/flag_md/text/cosine/reddit__gat__text__s0i1__951f2b61657e.json,Sentence-BERT of raw node text (384d),False
9d025547c099,2026-09-19T11:28:43+00:00,14eedbd784f43524589dcc9c848191495f337851-dirty,reddit,gat,text,flag_bundled,"NOT canonical GAT - conv2 is a SAGEConv, not a GATConv, so the second layer performs no attention",adapted,1,0,cpu,torch 2.14.0+cu130,3.12.14,Linux-5.15.0-119-generic-x86_64-with-glibc2.39,benchmark-v1,,False,2,5,False,0.49999999999999994,validation_swept,0.688654986677363,0.5771171829024146,0.6408467320930993,0.5431445425418625,0.1703590527119939,0.16666666666666666,0.16849263316962598,0.8503840663449119,0.21134266811840158,0.07497516731713974,19.2,9.14,completed,,cosine,semantic,semantic_h2_k10_t0_perhop,,,results/flag_md/text/cosine,results/flag_md/text/cosine/reddit__gat__text__s1i0__9d025547c099.json,Sentence-BERT of raw node text (384d),False
4a51841770cf,2026-09-19T11:29:15+00:00,14eedbd784f43524589dcc9c848191495f337851-dirty,reddit,gat,text,flag_bundled,"NOT canonical GAT - conv2 is a SAGEConv, not a GATConv, so the second layer performs no attention",adapted,1,1,cpu,torch 2.14.0+cu130,3.12.14,Linux-5.15.0-119-generic-x86_64-with-glibc2.39,benchmark-v1,,False,2,5,False,0.35,validation_swept,0.702647336905137,0.5631270215448715,0.6390212212837213,0.5427628959081301,0.15717171717171718,0.2907324364723468,0.2040388145816942,0.7936917952552511,0.21278540512379263,0.12106252659497255,19.22,9.17,completed,,cosine,semantic,semantic_h2_k10_t0_perhop,,,results/flag_md/text/cosine,results/flag_md/text/cosine/reddit__gat__text__s1i1__4a51841770cf.json,Sentence-BERT of raw node text (384d),False
671d8d165e8d,2026-09-19T11:29:47+00:00,14eedbd784f43524589dcc9c848191495f337851-dirty,reddit,gat,text,flag_bundled,"NOT canonical GAT - conv2 is a SAGEConv, not a GATConv, so the second layer performs no attention",adapted,2,0,cpu,torch 2.14.0+cu130,3.12.14,Linux-5.15.0-119-generic-x86_64-with-glibc2.39,benchmark-v1,,False,5,5,False,0.1,validation_swept,0.6774739993696817,0.5518399757468342,0.6261301998751025,0.5354189327022368,0.15031592949783837,0.33781763826606875,0.20805523590333716,0.7660933994969751,0.18149430332652733,0.04092690302639575,19.27,9.08,completed,,cosine,semantic,semantic_h2_k10_t0_perhop,,,results/flag_md/text/cosine,results/flag_md/text/cosine/reddit__gat__text__s2i0__671d8d165e8d.json,Sentence-BERT of raw node text (384d),False
900f419c1707,2026-09-19T11:30:19+00:00,14eedbd784f43524589dcc9c848191495f337851-dirty,reddit,gat,text,flag_bundled,"NOT canonical GAT - conv2 is a SAGEConv, not a GATConv, so the second layer performs no attention",adapted,2,1,cpu,torch 2.14.0+cu130,3.12.14,Linux-5.15.0-119-generic-x86_64-with-glibc2.39,benchmark-v1,,False,3,5,False,0.15,validation_swept,0.6726069392315848,0.5603879722499135,0.6294128946205665,0.5367816148957113,0.14975294564804256,0.2944693572496263,0.19853867472915093,0.783767248997349,0.18934952149641815,0.03704725585000468,19.12,9.01,completed,,cosine,semantic,semantic_h2_k10_t0_perhop,,,results/flag_md/text/cosine,results/flag_md/text/cosine/reddit__gat__text__s2i1__900f419c1707.json,Sentence-BERT of raw node text (384d),False
1531bd4938bc,2026-09-19T11:30:51+00:00,14eedbd784f43524589dcc9c848191495f337851-dirty,reddit,gat,text,flag_bundled,"NOT canonical GAT - conv2 is a SAGEConv, not a GATConv, so the second layer performs no attention",adapted,3,0,cpu,torch 2.14.0+cu130,3.12.14,Linux-5.15.0-119-generic-x86_64-with-glibc2.39,benchmark-v1,,False,4,5,False,0.25,validation_swept,0.6766395438787497,0.5710460929973126,0.6243660815352353,0.524228083815713,0.13713355048859935,0.3146487294469357,0.191016333938294,0.7575963564679492,0.19284567872462832,0.06815814398349965,19.08,8.97,completed,,cosine,semantic,semantic_h2_k10_t0_perhop,,,results/flag_md/text/cosine,results/flag_md/text/cosine/reddit__gat__text__s3i0__1531bd4938bc.json,Sentence-BERT of raw node text (384d),False
4048190e0f32,2026-09-19T11:31:23+00:00,14eedbd784f43524589dcc9c848191495f337851-dirty,reddit,gat,text,flag_bundled,"NOT canonical GAT - conv2 is a SAGEConv, not a GATConv, so the second layer performs no attention",adapted,3,1,cpu,torch 2.14.0+cu130,3.12.14,Linux-5.15.0-119-generic-x86_64-with-glibc2.39,benchmark-v1,,False,3,5,False,0.3,validation_swept,0.6657916224966335,0.5479930751474738,0.6522392686689833,0.5540535897627091,0.19255150554675118,0.18161434977578475,0.18692307692307691,0.856298008293114,0.22762349275479438,0.0558413413086009,18.86,8.87,completed,,cosine,semantic,semantic_h2_k10_t0_perhop,,,results/flag_md/text/cosine,results/flag_md/text/cosine/reddit__gat__text__s3i1__4048190e0f32.json,Sentence-BERT of raw node text (384d),False
a2ab92e55307,2026-09-19T11:47:05+00:00,14eedbd784f43524589dcc9c848191495f337851-dirty,reddit,gcn,text,flag_bundled,faithful - two GCNConv layers plus the Eq. 6 skip,faithful,0,0,cpu,torch 2.14.0+cu130,3.12.14,Linux-5.15.0-119-generic-x86_64-with-glibc2.39,benchmark-v1,,False,3,5,False,0.2,validation_swept,0.6207417700484199,0.5414974343545772,0.6044626820411071,0.5277397393094496,0.13578500707213578,0.21524663677130046,0.16652211621856028,0.8040241995785467,0.16827986068799589,0.03875730566538946,15.58,8.57,completed,,cosine,semantic,semantic_h2_k10_t0_perhop,,,results/flag_md/text/cosine,results/flag_md/text/cosine/reddit__gcn__text__s0i0__a2ab92e55307.json,Sentence-BERT of raw node text (384d),False
aa29577d3389,2026-09-19T11:47:35+00:00,14eedbd784f43524589dcc9c848191495f337851-dirty,reddit,gcn,text,flag_bundled,faithful - two GCNConv layers plus the Eq. 6 skip,faithful,0,1,cpu,torch 2.14.0+cu130,3.12.14,Linux-5.15.0-119-generic-x86_64-with-glibc2.39,benchmark-v1,,False,5,5,False,0.2,validation_swept,0.6101266366787955,0.538068619962637,0.5957416819491161,0.5286354778886557,0.1372863247863248,0.1920777279521674,0.1601246105919003,0.8167357759499694,0.1511491541363994,0.04885470756652001,15.26,8.47,completed,,cosine,semantic,semantic_h2_k10_t0_perhop,,,results/flag_md/text/cosine,results/flag_md/text/cosine/reddit__gcn__text__s0i1__aa29577d3389.json,Sentence-BERT of raw node text (384d),False
d17da8879658,2026-09-19T11:48:02+00:00,14eedbd784f43524589dcc9c848191495f337851-dirty,reddit,gcn,text,flag_bundled,faithful - two GCNConv layers plus the Eq. 6 skip,faithful,1,0,cpu,torch 2.14.0+cu130,3.12.14,Linux-5.15.0-119-generic-x86_64-with-glibc2.39,benchmark-v1,,False,5,5,False,0.2,validation_swept,0.6215386213219495,0.5408138710495403,0.597512646513394,0.523206523708684,0.1302503182011031,0.22944693572496264,0.16617050067658998,0.7905648834205696,0.14643112748541698,0.048226177838734896,15.92,8.61,completed,,cosine,semantic,semantic_h2_k10_t0_perhop,,,results/flag_md/text/cosine,results/flag_md/text/cosine/reddit__gcn__text__s1i0__d17da8879658.json,Sentence-BERT of raw node text (384d),False
3c9832a068b9,2026-09-19T11:48:31+00:00,14eedbd784f43524589dcc9c848191495f337851-dirty,reddit,gcn,text,flag_bundled,faithful - two GCNConv layers plus the Eq. 6 skip,faithful,1,1,cpu,torch 2.14.0+cu130,3.12.14,Linux-5.15.0-119-generic-x86_64-with-glibc2.39,benchmark-v1,,False,2,5,False,0.25,validation_swept,0.6107641176976191,0.5393877370094016,0.6013219975505606,0.5235944127853203,0.1327182398864443,0.1397608370702541,0.13614852566436111,0.8386921351369724,0.15389870963480062,0.04604377569491782,14.94,8.58,completed,,cosine,semantic,semantic_h2_k10_t0_perhop,,,results/flag_md/text/cosine,results/flag_md/text/cosine/reddit__gcn__text__s1i1__3c9832a068b9.json,Sentence-BERT of raw node text (384d),False
30f4de978601,2026-09-19T11:48:58+00:00,14eedbd784f43524589dcc9c848191495f337851-dirty,reddit,gcn,text,flag_bundled,faithful - two GCNConv layers plus the Eq. 6 skip,faithful,2,0,cpu,torch 2.14.0+cu130,3.12.14,Linux-5.15.0-119-generic-x86_64-with-glibc2.39,benchmark-v1,,False,4,5,False,0.2,validation_swept,0.6152229034753459,0.5400072260359634,0.6029202975408251,0.527369614572259,0.1356981981981982,0.18011958146487295,0.15478484264611433,0.8210862619808307,0.16506755630698222,0.041125495109706145,15.88,8.53,completed,,cosine,semantic,semantic_h2_k10_t0_perhop,,,results/flag_md/text/cosine,results/flag_md/text/cosine/reddit__gcn__text__s2i0__30f4de978601.json,Sentence-BERT of raw node text (384d),False
c360a228c3c1,2026-09-19T11:49:27+00:00,14eedbd784f43524589dcc9c848191495f337851-dirty,reddit,gcn,text,flag_bundled,faithful - two GCNConv layers plus the Eq. 6 skip,faithful,2,1,cpu,torch 2.14.0+cu130,3.12.14,Linux-5.15.0-119-generic-x86_64-with-glibc2.39,benchmark-v1,,False,4,5,False,0.2,validation_swept,0.6169383720597083,0.5453454171792966,0.6015366895593233,0.5232586902888675,0.12908086388749374,0.1920777279521674,0.15440072093721838,0.8086465909863367,0.16264689901802226,0.04340337451232618,15.77,8.52,completed,,cosine,semantic,semantic_h2_k10_t0_perhop,,,results/flag_md/text/cosine,results/flag_md/text/cosine/reddit__gcn__text__s2i1__c360a228c3c1.json,Sentence-BERT of raw node text (384d),False
dfc2e536ee32,2026-09-19T11:49:55+00:00,14eedbd784f43524589dcc9c848191495f337851-dirty,reddit,gcn,text,flag_bundled,faithful - two GCNConv layers plus the Eq. 6 skip,faithful,3,0,cpu,torch 2.14.0+cu130,3.12.14,Linux-5.15.0-119-generic-x86_64-with-glibc2.39,benchmark-v1,,False,4,5,False,0.25,validation_swept,0.6062229607770107,0.5384100722799158,0.6000626834718282,0.5278568271082442,0.13901947615849564,0.1547085201793722,0.14644499469402192,0.835973081367684,0.14872100791624743,0.04502410402245329,16.16,8.64,completed,,cosine,semantic,semantic_h2_k10_t0_perhop,,,results/flag_md/text/cosine,results/flag_md/text/cosine/reddit__gcn__text__s3i0__dfc2e536ee32.json,Sentence-BERT of raw node text (384d),False
421f78a559fa,2026-09-19T11:50:24+00:00,14eedbd784f43524589dcc9c848191495f337851-dirty,reddit,gcn,text,flag_bundled,faithful - two GCNConv layers plus the Eq. 6 skip,faithful,3,1,cpu,torch 2.14.0+cu130,3.12.14,Linux-5.15.0-119-generic-x86_64-with-glibc2.39,benchmark-v1,,False,2,5,False,0.2,validation_swept,0.6044179583416898,0.5409256853181111,0.6052746442562077,0.5263589630755472,0.1375886524822695,0.14499252615844543,0.14119359534206696,0.839575827611991,0.1582471519427014,0.029132741253679713,16.03,8.51,completed,,cosine,semantic,semantic_h2_k10_t0_perhop,,,results/flag_md/text/cosine,results/flag_md/text/cosine/reddit__gcn__text__s3i1__421f78a559fa.json,Sentence-BERT of raw node text (384d),False
b78695051a16,2026-09-19T10:52:19+00:00,14eedbd784f43524589dcc9c848191495f337851-dirty,reddit,geniepath,text,flag_bundled,closest to faithful - Breadth(GAT)+Depth(LSTM) preserved; matches PyG's example globals exactly. No official author repo exists.,adapted,0,0,cpu,torch 2.14.0+cu130,3.12.14,Linux-5.15.0-119-generic-x86_64-with-glibc2.39,benchmark-v1,,False,4,5,False,0.1,validation_swept,0.5974235739048219,0.5406050167783444,0.5971684351162914,0.5226846893198044,0.12821807168096921,0.1898355754857997,0.15305815004519432,0.8089184963632656,0.14448925880483143,0.04597110967671479,222.71,70.17,completed,,cosine,semantic,semantic_h2_k10_t0_perhop,,,results/flag_md/text/cosine,results/flag_md/text/cosine/reddit__geniepath__text__s0i0__b78695051a16.json,Sentence-BERT of raw node text (384d),False
915821dd4bab,2026-09-19T10:57:25+00:00,14eedbd784f43524589dcc9c848191495f337851-dirty,reddit,geniepath,text,flag_bundled,closest to faithful - Breadth(GAT)+Depth(LSTM) preserved; matches PyG's example globals exactly. No official author repo exists.,adapted,0,1,cpu,torch 2.14.0+cu130,3.12.14,Linux-5.15.0-119-generic-x86_64-with-glibc2.39,benchmark-v1,,False,3,5,False,0.15,validation_swept,0.635536343580781,0.5495003458674703,0.6137951757199461,0.5331383436615943,0.15734265734265734,0.13452914798206278,0.145044319097502,0.8557541975392563,0.1694829518952417,0.03994117247645671,211.29,68.0,completed,,cosine,semantic,semantic_h2_k10_t0_perhop,,,results/flag_md/text/cosine,results/flag_md/text/cosine/reddit__geniepath__text__s0i1__915821dd4bab.json,Sentence-BERT of raw node text (384d),False
82f7b6a70159,2026-09-19T11:02:16+00:00,14eedbd784f43524589dcc9c848191495f337851-dirty,reddit,geniepath,text,flag_bundled,closest to faithful - Breadth(GAT)+Depth(LSTM) preserved; matches PyG's example globals exactly. No official author repo exists.,adapted,1,0,cpu,torch 2.14.0+cu130,3.12.14,Linux-5.15.0-119-generic-x86_64-with-glibc2.39,benchmark-v1,,False,1,5,False,0.25,validation_swept,0.6082786579950148,0.5372207513264644,0.6151709594449786,0.5388787256871663,0.15181518151815182,0.2406576980568012,0.1861809771610292,0.8086465909863367,0.166147750800114,0.08853309471681829,203.06,69.34,completed,,cosine,semantic,semantic_h2_k10_t0_perhop,,,results/flag_md/text/cosine,results/flag_md/text/cosine/reddit__geniepath__text__s1i0__82f7b6a70159.json,Sentence-BERT of raw node text (384d),False
39460cf41c3c,2026-09-19T11:07:00+00:00,14eedbd784f43524589dcc9c848191495f337851-dirty,reddit,geniepath,text,flag_bundled,closest to faithful - Breadth(GAT)+Depth(LSTM) preserved; matches PyG's example globals exactly. No official author repo exists.,adapted,1,1,cpu,torch 2.14.0+cu130,3.12.14,Linux-5.15.0-119-generic-x86_64-with-glibc2.39,benchmark-v1,,False,1,5,False,0.25,validation_swept,0.6107068160330057,0.5440066293231923,0.6164658180031,0.5322484188248607,0.14403600900225055,0.28699551569506726,0.1918081918081918,0.7800285500645775,0.17454200435319273,0.09700032752355599,199.22,70.11,completed,,cosine,semantic,semantic_h2_k10_t0_perhop,,,results/flag_md/text/cosine,results/flag_md/text/cosine/reddit__geniepath__text__s1i1__39460cf41c3c.json,Sentence-BERT of raw node text (384d),False
764629b971c2,2026-09-19T11:11:41+00:00,14eedbd784f43524589dcc9c848191495f337851-dirty,reddit,geniepath,text,flag_bundled,closest to faithful - Breadth(GAT)+Depth(LSTM) preserved; matches PyG's example globals exactly. No official author repo exists.,adapted,2,0,cpu,torch 2.14.0+cu130,3.12.14,Linux-5.15.0-119-generic-x86_64-with-glibc2.39,benchmark-v1,,False,2,5,False,0.1,validation_swept,0.6133999942698335,0.5530879703900915,0.6076274820078429,0.5306142041728784,0.14443676572218384,0.156203288490284,0.15008976660682227,0.8390999932023656,0.16175621919408595,0.038903349288772544,197.9,69.69,completed,,cosine,semantic,semantic_h2_k10_t0_perhop,,,results/flag_md/text/cosine,results/flag_md/text/cosine/reddit__geniepath__text__s2i0__764629b971c2.json,Sentence-BERT of raw node text (384d),False
57b1eafc301d,2026-09-19T11:16:20+00:00,14eedbd784f43524589dcc9c848191495f337851-dirty,reddit,geniepath,text,flag_bundled,closest to faithful - Breadth(GAT)+Depth(LSTM) preserved; matches PyG's example globals exactly. No official author repo exists.,adapted,2,1,cpu,torch 2.14.0+cu130,3.12.14,Linux-5.15.0-119-generic-x86_64-with-glibc2.39,benchmark-v1,,False,2,5,False,0.1,validation_swept,0.6150724866057359,0.5548455768733379,0.6094030014071367,0.5344187703658129,0.14983498349834984,0.1696562032884903,0.15913073957237994,0.8369247501869349,0.16512199077699008,0.03958520460636543,194.81,68.53,completed,,cosine,semantic,semantic_h2_k10_t0_perhop,,,results/flag_md/text/cosine,results/flag_md/text/cosine/reddit__geniepath__text__s2i1__57b1eafc301d.json,Sentence-BERT of raw node text (384d),False
71fc86a169bb,2026-09-19T11:20:54+00:00,14eedbd784f43524589dcc9c848191495f337851-dirty,reddit,geniepath,text,flag_bundled,closest to faithful - Breadth(GAT)+Depth(LSTM) preserved; matches PyG's example globals exactly. No official author repo exists.,adapted,3,0,cpu,torch 2.14.0+cu130,3.12.14,Linux-5.15.0-119-generic-x86_64-with-glibc2.39,benchmark-v1,,False,3,5,False,0.15,validation_swept,0.5985302123026675,0.5486310420902427,0.6041444862967649,0.532801687611774,0.14313725490196078,0.21823617339312407,0.1728833629366489,0.8100740942152131,0.15769867156420414,0.028038753944674966,202.68,69.25,completed,,cosine,semantic,semantic_h2_k10_t0_perhop,,,results/flag_md/text/cosine,results/flag_md/text/cosine/reddit__geniepath__text__s3i0__71fc86a169bb.json,Sentence-BERT of raw node text (384d),False
5869f03ed90f,2026-09-19T11:25:38+00:00,14eedbd784f43524589dcc9c848191495f337851-dirty,reddit,geniepath,text,flag_bundled,closest to faithful - Breadth(GAT)+Depth(LSTM) preserved; matches PyG's example globals exactly. No official author repo exists.,adapted,3,1,cpu,torch 2.14.0+cu130,3.12.14,Linux-5.15.0-119-generic-x86_64-with-glibc2.39,benchmark-v1,,False,2,5,False,0.1,validation_swept,0.5994291321662895,0.548457922474441,0.5947499294978604,0.5270969043938241,0.13524229074889868,0.22944693572496264,0.17017738359201773,0.7964788253687717,0.14956435098854448,0.03438228403388576,196.58,69.02,completed,,cosine,semantic,semantic_h2_k10_t0_perhop,,,results/flag_md/text/cosine,results/flag_md/text/cosine/reddit__geniepath__text__s3i1__5869f03ed90f.json,Sentence-BERT of raw node text (384d),False
1b306ee137b4,2026-09-19T11:42:26+00:00,14eedbd784f43524589dcc9c848191495f337851-dirty,reddit,pmp,text,flag_bundled,"partial - fraud/benign partition present, but applied to the aggregated mean rather than per-neighbour before aggregation",adapted,0,0,cpu,torch 2.14.0+cu130,3.12.14,Linux-5.15.0-119-generic-x86_64-with-glibc2.39,benchmark-v1,,False,5,5,False,0.2,validation_swept,0.6157887574134029,0.5436466694676013,0.597713282804285,0.5270741612601022,0.13767629281396912,0.1532137518684604,0.14503006720905554,0.8357011759907552,0.14832761547848067,0.047185187189150324,19.6,9.65,completed,,cosine,semantic,semantic_h2_k10_t0_perhop,,,results/flag_md/text/cosine,results/flag_md/text/cosine/reddit__pmp__text__s0i0__1b306ee137b4.json,Sentence-BERT of raw node text (384d),False
920540b0a10a,2026-09-19T11:43:01+00:00,14eedbd784f43524589dcc9c848191495f337851-dirty,reddit,pmp,text,flag_bundled,"partial - fraud/benign partition present, but applied to the aggregated mean rather than per-neighbour before aggregation",adapted,0,1,cpu,torch 2.14.0+cu130,3.12.14,Linux-5.15.0-119-generic-x86_64-with-glibc2.39,benchmark-v1,,False,5,5,False,0.2,validation_swept,0.632220009741283,0.5432710451538427,0.6091243461017375,0.5304611108798573,0.1396917148362235,0.21674140508221226,0.1698886936145284,0.8073550404459248,0.1627502350909632,0.04733866485016778,19.1,9.78,completed,,cosine,semantic,semantic_h2_k10_t0_perhop,,,results/flag_md/text/cosine,results/flag_md/text/cosine/reddit__pmp__text__s0i1__920540b0a10a.json,Sentence-BERT of raw node text (384d),False
ebd10f4a0618,2026-09-19T11:43:34+00:00,14eedbd784f43524589dcc9c848191495f337851-dirty,reddit,pmp,text,flag_bundled,"partial - fraud/benign partition present, but applied to the aggregated mean rather than per-neighbour before aggregation",adapted,1,0,cpu,torch 2.14.0+cu130,3.12.14,Linux-5.15.0-119-generic-x86_64-with-glibc2.39,benchmark-v1,,False,3,5,False,0.1,validation_swept,0.6253617167578718,0.5434641350492173,0.6142878244397805,0.5263671215055004,0.13482466747279323,0.16666666666666666,0.14906417112299467,0.8269322275848004,0.16729797238864602,0.0557366286842705,20.39,10.52,completed,,cosine,semantic,semantic_h2_k10_t0_perhop,,,results/flag_md/text/cosine,results/flag_md/text/cosine/reddit__pmp__text__s1i0__ebd10f4a0618.json,Sentence-BERT of raw node text (384d),False
b70e6f0ad2bd,2026-09-19T11:44:09+00:00,14eedbd784f43524589dcc9c848191495f337851-dirty,reddit,pmp,text,flag_bundled,"partial - fraud/benign partition present, but applied to the aggregated mean rather than per-neighbour before aggregation",adapted,1,1,cpu,torch 2.14.0+cu130,3.12.14,Linux-5.15.0-119-generic-x86_64-with-glibc2.39,benchmark-v1,,False,5,5,False,0.2,validation_swept,0.6164011689539581,0.5335508102580027,0.6045968680395554,0.5212130435241281,0.1297134238310709,0.12855007473841554,0.12912912912912913,0.8422948813812793,0.16086788664709034,0.05069142838857897,20.93,10.29,completed,,cosine,semantic,semantic_h2_k10_t0_perhop,,,results/flag_md/text/cosine,results/flag_md/text/cosine/reddit__pmp__text__s1i1__b70e6f0ad2bd.json,Sentence-BERT of raw node text (384d),False
5d4d71164ce4,2026-09-19T11:44:45+00:00,14eedbd784f43524589dcc9c848191495f337851-dirty,reddit,pmp,text,flag_bundled,"partial - fraud/benign partition present, but applied to the aggregated mean rather than per-neighbour before aggregation",adapted,2,0,cpu,torch 2.14.0+cu130,3.12.14,Linux-5.15.0-119-generic-x86_64-with-glibc2.39,benchmark-v1,,False,1,5,False,0.15,validation_swept,0.6317150388218777,0.545612555274391,0.6155597411601831,0.5209338208152019,0.14350282485875707,0.09491778774289986,0.1142600089968511,0.866154578206784,0.1763605851068408,0.035234079176780835,20.74,9.83,completed,,cosine,semantic,semantic_h2_k10_t0_perhop,,,results/flag_md/text/cosine,results/flag_md/text/cosine/reddit__pmp__text__s2i0__5d4d71164ce4.json,Sentence-BERT of raw node text (384d),False
0891f15fd611,2026-09-19T11:45:20+00:00,14eedbd784f43524589dcc9c848191495f337851-dirty,reddit,pmp,text,flag_bundled,"partial - fraud/benign partition present, but applied to the aggregated mean rather than per-neighbour before aggregation",adapted,2,1,cpu,torch 2.14.0+cu130,3.12.14,Linux-5.15.0-119-generic-x86_64-with-glibc2.39,benchmark-v1,,False,4,5,False,0.2,validation_swept,0.6393433229235309,0.5469590614965064,0.6082988870442273,0.5242301111288329,0.1530373831775701,0.09790732436472346,0.11941659070191431,0.8686697029433758,0.1584996518764747,0.04872651116194948,19.28,10.29,completed,,cosine,semantic,semantic_h2_k10_t0_perhop,,,results/flag_md/text/cosine,results/flag_md/text/cosine/reddit__pmp__text__s2i1__0891f15fd611.json,Sentence-BERT of raw node text (384d),False
bc7d822bca73,2026-09-19T11:45:53+00:00,14eedbd784f43524589dcc9c848191495f337851-dirty,reddit,pmp,text,flag_bundled,"partial - fraud/benign partition present, but applied to the aggregated mean rather than per-neighbour before aggregation",adapted,3,0,cpu,torch 2.14.0+cu130,3.12.14,Linux-5.15.0-119-generic-x86_64-with-glibc2.39,benchmark-v1,,False,2,5,False,0.2,validation_swept,0.6455068332235051,0.5338837720878384,0.6194098342185362,0.5270222276699725,0.1368624919302776,0.15844544095665172,0.14686525805334258,0.8325742641560737,0.19003621177669078,0.025985326242955728,20.02,9.99,completed,,cosine,semantic,semantic_h2_k10_t0_perhop,,,results/flag_md/text/cosine,results/flag_md/text/cosine/reddit__pmp__text__s3i0__bc7d822bca73.json,Sentence-BERT of raw node text (384d),False
91cf030a1264,2026-09-19T11:46:27+00:00,14eedbd784f43524589dcc9c848191495f337851-dirty,reddit,pmp,text,flag_bundled,"partial - fraud/benign partition present, but applied to the aggregated mean rather than per-neighbour before aggregation",adapted,3,1,cpu,torch 2.14.0+cu130,3.12.14,Linux-5.15.0-119-generic-x86_64-with-glibc2.39,benchmark-v1,,False,5,5,False,0.2,validation_swept,0.6155953642953327,0.5482270200460442,0.5983881249247613,0.5245676885756295,0.13123236124176857,0.2085201793721973,0.16108545034642033,0.8024607436612059,0.1493110686291243,0.0471898948057005,19.93,9.77,completed,,cosine,semantic,semantic_h2_k10_t0_perhop,,,results/flag_md/text/cosine,results/flag_md/text/cosine/reddit__pmp__text__s3i1__91cf030a1264.json,Sentence-BERT of raw node text (384d),False
758aa6c351bf,2026-09-19T11:36:42+00:00,14eedbd784f43524589dcc9c848191495f337851-dirty,instagram,bwgnn,text,flag_bundled,"beta-wavelet basis NOT applied - the polynomial is evaluated over raw adjacency A, not the normalised Laplacian, so it is not a beta wavelet. Theta coefficients themselves are correct.",approximation,0,0,cpu,torch 2.14.0+cu130,3.12.14,Linux-5.15.0-119-generic-x86_64-with-glibc2.39,benchmark-v1,,False,2,5,False,0.15,validation_swept,0.6011657433056324,0.5492733878292462,0.5894815375773756,0.5371757174030029,0.18559556786703602,0.11591695501730104,0.14270500532481364,0.8733878578169235,0.1451557093425605,0.020761961436128247,10.58,4.53,completed,,md_K1_matched,markov_diffusion,markov_diffusion_h2_k10_t0_perhop_K1_matched_cosine,1.0,matched_cosine,results/flag_md/text/md_K1_matched,results/flag_md/text/md_K1_matched/instagram__bwgnn__text__s0i0__758aa6c351bf.json,Sentence-BERT of raw node text (384d),False
0ad3d81ce8e1,2026-09-19T11:37:01+00:00,14eedbd784f43524589dcc9c848191495f337851-dirty,instagram,bwgnn,text,flag_bundled,"beta-wavelet basis NOT applied - the polynomial is evaluated over raw adjacency A, not the normalised Laplacian, so it is not a beta wavelet. Theta coefficients themselves are correct.",approximation,0,1,cpu,torch 2.14.0+cu130,3.12.14,Linux-5.15.0-119-generic-x86_64-with-glibc2.39,benchmark-v1,,False,2,5,False,0.1,validation_swept,0.6034933825792552,0.5463489409141583,0.5907943810538667,0.5277612259170427,0.13846153846153847,0.28027681660899656,0.1853546910755149,0.7760301981755269,0.14653979238754322,0.019940128919650045,9.59,4.59,completed,,md_K1_matched,markov_diffusion,markov_diffusion_h2_k10_t0_perhop_K1_matched_cosine,1.0,matched_cosine,results/flag_md/text/md_K1_matched,results/flag_md/text/md_K1_matched/instagram__bwgnn__text__s0i1__0ad3d81ce8e1.json,Sentence-BERT of raw node text (384d),False
4d1cc81537a6,2026-09-19T11:37:17+00:00,14eedbd784f43524589dcc9c848191495f337851-dirty,instagram,bwgnn,text,flag_bundled,"beta-wavelet basis NOT applied - the polynomial is evaluated over raw adjacency A, not the normalised Laplacian, so it is not a beta wavelet. Theta coefficients themselves are correct.",approximation,1,0,cpu,torch 2.14.0+cu130,3.12.14,Linux-5.15.0-119-generic-x86_64-with-glibc2.39,benchmark-v1,,False,1,5,False,0.15,validation_swept,0.6577793167128348,0.569722126138591,0.5864197327618205,0.5353884470683248,0.16780045351473924,0.12802768166089964,0.1452404317958783,0.8630072349795533,0.1470588235294117,0.02139158887799201,9.49,4.56,completed,,md_K1_matched,markov_diffusion,markov_diffusion_h2_k10_t0_perhop_K1_matched_cosine,1.0,matched_cosine,results/flag_md/text/md_K1_matched,results/flag_md/text/md_K1_matched/instagram__bwgnn__text__s1i0__4d1cc81537a6.json,Sentence-BERT of raw node text (384d),False
b4466c7cd952,2026-09-19T11:37:33+00:00,14eedbd784f43524589dcc9c848191495f337851-dirty,instagram,bwgnn,text,flag_bundled,"beta-wavelet basis NOT applied - the polynomial is evaluated over raw adjacency A, not the normalised Laplacian, so it is not a beta wavelet. Theta coefficients themselves are correct.",approximation,1,1,cpu,torch 2.14.0+cu130,3.12.14,Linux-5.15.0-119-generic-x86_64-with-glibc2.39,benchmark-v1,,False,2,5,False,0.15,validation_swept,0.6239227454601417,0.5667293189248686,0.5902707103602687,0.5432303465954781,0.16242937853107345,0.19896193771626297,0.17884914463452567,0.8339100346020761,0.14256055363321796,0.014529820519741757,9.28,4.53,completed,,md_K1_matched,markov_diffusion,markov_diffusion_h2_k10_t0_perhop_K1_matched_cosine,1.0,matched_cosine,results/flag_md/text/md_K1_matched,results/flag_md/text/md_K1_matched/instagram__bwgnn__text__s1i1__b4466c7cd952.json,Sentence-BERT of raw node text (384d),False
0814dc8d1d5d,2026-09-19T11:37:49+00:00,14eedbd784f43524589dcc9c848191495f337851-dirty,instagram,bwgnn,text,flag_bundled,"beta-wavelet basis NOT applied - the polynomial is evaluated over raw adjacency A, not the normalised Laplacian, so it is not a beta wavelet. Theta coefficients themselves are correct.",approximation,2,0,cpu,torch 2.14.0+cu130,3.12.14,Linux-5.15.0-119-generic-x86_64-with-glibc2.39,benchmark-v1,,False,1,5,False,0.15,validation_swept,0.6228839642967067,0.5580887858512815,0.5981941667365094,0.5441928591399012,0.15995397008055237,0.24048442906574394,0.19212163096060816,0.8161371500471847,0.1551903114186851,0.016948312647686363,9.43,4.61,completed,,md_K1_matched,markov_diffusion,markov_diffusion_h2_k10_t0_perhop_K1_matched_cosine,1.0,matched_cosine,results/flag_md/text/md_K1_matched,results/flag_md/text/md_K1_matched/instagram__bwgnn__text__s2i0__0814dc8d1d5d.json,Sentence-BERT of raw node text (384d),False
1bb9a68542a4,2026-09-19T11:38:05+00:00,14eedbd784f43524589dcc9c848191495f337851-dirty,instagram,bwgnn,text,flag_bundled,"beta-wavelet basis NOT applied - the polynomial is evaluated over raw adjacency A, not the normalised Laplacian, so it is not a beta wavelet. Theta coefficients themselves are correct.",approximation,2,1,cpu,torch 2.14.0+cu130,3.12.14,Linux-5.15.0-119-generic-x86_64-with-glibc2.39,benchmark-v1,,False,1,5,False,0.15,validation_swept,0.6035895660203139,0.5402588555858311,0.5959469774068797,0.5416713059607793,0.19023136246786632,0.12802768166089964,0.15305067218200621,0.8711859075180874,0.15830449826989618,0.007982244057104503,9.34,4.65,completed,,md_K1_matched,markov_diffusion,markov_diffusion_h2_k10_t0_perhop_K1_matched_cosine,1.0,matched_cosine,results/flag_md/text/md_K1_matched,results/flag_md/text/md_K1_matched/instagram__bwgnn__text__s2i1__1bb9a68542a4.json,Sentence-BERT of raw node text (384d),False
21fac0aa5d26,2026-09-19T11:38:21+00:00,14eedbd784f43524589dcc9c848191495f337851-dirty,instagram,bwgnn,text,flag_bundled,"beta-wavelet basis NOT applied - the polynomial is evaluated over raw adjacency A, not the normalised Laplacian, so it is not a beta wavelet. Theta coefficients themselves are correct.",approximation,3,0,cpu,torch 2.14.0+cu130,3.12.14,Linux-5.15.0-119-generic-x86_64-with-glibc2.39,benchmark-v1,,False,2,5,False,0.15,validation_swept,0.6496614342874731,0.5614818865345181,0.5795295494546282,0.5324781521005043,0.15973741794310722,0.12629757785467127,0.14106280193236714,0.8601761560239068,0.13079584775086506,0.021154331105433695,9.4,4.54,completed,,md_K1_matched,markov_diffusion,markov_diffusion_h2_k10_t0_perhop_K1_matched_cosine,1.0,matched_cosine,results/flag_md/text/md_K1_matched,results/flag_md/text/md_K1_matched/instagram__bwgnn__text__s3i0__21fac0aa5d26.json,Sentence-BERT of raw node text (384d),False
5ed712c92821,2026-09-19T11:38:37+00:00,14eedbd784f43524589dcc9c848191495f337851-dirty,instagram,bwgnn,text,flag_bundled,"beta-wavelet basis NOT applied - the polynomial is evaluated over raw adjacency A, not the normalised Laplacian, so it is not a beta wavelet. Theta coefficients themselves are correct.",approximation,3,1,cpu,torch 2.14.0+cu130,3.12.14,Linux-5.15.0-119-generic-x86_64-with-glibc2.39,benchmark-v1,,False,1,5,False,0.1,validation_swept,0.6278662665435519,0.5529279279279279,0.59910845775314,0.5437310112459411,0.165402124430956,0.18858131487889274,0.17623282134195634,0.8397294746775715,0.15536332179930795,0.027063807585083612,9.34,4.56,completed,,md_K1_matched,markov_diffusion,markov_diffusion_h2_k10_t0_perhop_K1_matched_cosine,1.0,matched_cosine,results/flag_md/text/md_K1_matched,results/flag_md/text/md_K1_matched/instagram__bwgnn__text__s3i1__5ed712c92821.json,Sentence-BERT of raw node text (384d),False
651538293513,2026-09-19T11:22:38+00:00,14eedbd784f43524589dcc9c848191495f337851-dirty,instagram,care_gnn,text,flag_bundled,"NOT CARE-GNN - no RL neighbour filtering, no label-aware similarity, no multi-relation aggregation. A similarity-gated mean aggregator.",approximation,0,0,cpu,torch 2.14.0+cu130,3.12.14,Linux-5.15.0-119-generic-x86_64-with-glibc2.39,benchmark-v1,,False,1,5,False,0.1,validation_swept,0.6579813019390581,0.5728618156258958,0.6104259707139522,0.5390754905221151,0.15219421101774042,0.2820069204152249,0.19769557307459065,0.7919156967599874,0.1908304498269896,0.017061119501312894,12.91,5.82,completed,,md_K1_matched,markov_diffusion,markov_diffusion_h2_k10_t0_perhop_K1_matched_cosine,1.0,matched_cosine,results/flag_md/text/md_K1_matched,results/flag_md/text/md_K1_matched/instagram__care_gnn__text__s0i0__651538293513.json,Sentence-BERT of raw node text (384d),False
bb936ba0f696,2026-09-19T11:23:01+00:00,14eedbd784f43524589dcc9c848191495f337851-dirty,instagram,care_gnn,text,flag_bundled,"NOT CARE-GNN - no RL neighbour filtering, no label-aware similarity, no multi-relation aggregation. A similarity-gated mean aggregator.",approximation,0,1,cpu,torch 2.14.0+cu130,3.12.14,Linux-5.15.0-119-generic-x86_64-with-glibc2.39,benchmark-v1,,False,1,5,False,0.1,validation_swept,0.6830947983995075,0.5718078486683813,0.6134021683169503,0.5434011898789876,0.15806111696522657,0.25951557093425603,0.19646365422396855,0.807014784523435,0.18615916955017303,0.015551998553028256,12.18,5.67,completed,,md_K1_matched,markov_diffusion,markov_diffusion_h2_k10_t0_perhop_K1_matched_cosine,1.0,matched_cosine,results/flag_md/text/md_K1_matched,results/flag_md/text/md_K1_matched/instagram__care_gnn__text__s0i1__bb936ba0f696.json,Sentence-BERT of raw node text (384d),False
3de3d4302b11,2026-09-19T11:23:20+00:00,14eedbd784f43524589dcc9c848191495f337851-dirty,instagram,care_gnn,text,flag_bundled,"NOT CARE-GNN - no RL neighbour filtering, no label-aware similarity, no multi-relation aggregation. A similarity-gated mean aggregator.",approximation,1,0,cpu,torch 2.14.0+cu130,3.12.14,Linux-5.15.0-119-generic-x86_64-with-glibc2.39,benchmark-v1,,False,1,5,False,0.15,validation_swept,0.6491228070175439,0.5904209588420115,0.6144915649956298,0.5398539307782824,0.1529888551165147,0.26124567474048443,0.19297124600638976,0.8013526266121422,0.19463667820069208,0.02813153949130552,12.05,5.6,completed,,md_K1_matched,markov_diffusion,markov_diffusion_h2_k10_t0_perhop_K1_matched_cosine,1.0,matched_cosine,results/flag_md/text/md_K1_matched,results/flag_md/text/md_K1_matched/instagram__care_gnn__text__s1i0__3de3d4302b11.json,Sentence-BERT of raw node text (384d),False
b5ebe4e6484b,2026-09-19T11:23:40+00:00,14eedbd784f43524589dcc9c848191495f337851-dirty,instagram,care_gnn,text,flag_bundled,"NOT CARE-GNN - no RL neighbour filtering, no label-aware similarity, no multi-relation aggregation. A similarity-gated mean aggregator.",approximation,1,1,cpu,torch 2.14.0+cu130,3.12.14,Linux-5.15.0-119-generic-x86_64-with-glibc2.39,benchmark-v1,,False,2,5,False,0.15,validation_swept,0.644756078793475,0.5776595744680851,0.6111275906658206,0.5413681095047194,0.15510204081632653,0.2629757785467128,0.1951219512195122,0.8027681660899654,0.18460207612456747,0.018658638006347497,11.5,5.56,completed,,md_K1_matched,markov_diffusion,markov_diffusion_h2_k10_t0_perhop_K1_matched_cosine,1.0,matched_cosine,results/flag_md/text/md_K1_matched,results/flag_md/text/md_K1_matched/instagram__care_gnn__text__s1i1__b5ebe4e6484b.json,Sentence-BERT of raw node text (384d),False
7d8d748cb182,2026-09-19T11:23:59+00:00,14eedbd784f43524589dcc9c848191495f337851-dirty,instagram,care_gnn,text,flag_bundled,"NOT CARE-GNN - no RL neighbour filtering, no label-aware similarity, no multi-relation aggregation. A similarity-gated mean aggregator.",approximation,2,0,cpu,torch 2.14.0+cu130,3.12.14,Linux-5.15.0-119-generic-x86_64-with-glibc2.39,benchmark-v1,,False,1,5,False,0.1,validation_swept,0.66101108033241,0.5824063400576369,0.6115101291890662,0.539699846610151,0.15384615384615385,0.31141868512110726,0.20594965675057209,0.7816923560868198,0.1994809688581315,0.014845786201080622,11.44,4.89,completed,,md_K1_matched,markov_diffusion,markov_diffusion_h2_k10_t0_perhop_K1_matched_cosine,1.0,matched_cosine,results/flag_md/text/md_K1_matched,results/flag_md/text/md_K1_matched/instagram__care_gnn__text__s2i0__7d8d748cb182.json,Sentence-BERT of raw node text (384d),False
1b4dc3503069,2026-09-19T11:24:18+00:00,14eedbd784f43524589dcc9c848191495f337851-dirty,instagram,care_gnn,text,flag_bundled,"NOT CARE-GNN - no RL neighbour filtering, no label-aware similarity, no multi-relation aggregation. A similarity-gated mean aggregator.",approximation,2,1,cpu,torch 2.14.0+cu130,3.12.14,Linux-5.15.0-119-generic-x86_64-with-glibc2.39,benchmark-v1,,False,2,5,False,0.15,validation_swept,0.6483725761772854,0.5769286117107131,0.6133601130254667,0.5455057365637526,0.16095534787123572,0.2681660899653979,0.20116807268007786,0.8063856558666247,0.19307958477508652,0.01703605939466864,10.6,5.38,completed,,md_K1_matched,markov_diffusion,markov_diffusion_h2_k10_t0_perhop_K1_matched_cosine,1.0,matched_cosine,results/flag_md/text/md_K1_matched,results/flag_md/text/md_K1_matched/instagram__care_gnn__text__s2i1__1b4dc3503069.json,Sentence-BERT of raw node text (384d),False
869a6a10f17b,2026-09-19T11:24:36+00:00,14eedbd784f43524589dcc9c848191495f337851-dirty,instagram,care_gnn,text,flag_bundled,"NOT CARE-GNN - no RL neighbour filtering, no label-aware similarity, no multi-relation aggregation. A similarity-gated mean aggregator.",approximation,3,0,cpu,torch 2.14.0+cu130,3.12.14,Linux-5.15.0-119-generic-x86_64-with-glibc2.39,benchmark-v1,,False,3,5,False,0.2,validation_swept,0.6157663896583564,0.574978970711937,0.6002918427700817,0.550211578942593,0.17692307692307693,0.19896193771626297,0.18729641693811075,0.8430324001258257,0.17145328719723185,0.03144166036501651,11.3,5.39,completed,,md_K1_matched,markov_diffusion,markov_diffusion_h2_k10_t0_perhop_K1_matched_cosine,1.0,matched_cosine,results/flag_md/text/md_K1_matched,results/flag_md/text/md_K1_matched/instagram__care_gnn__text__s3i0__869a6a10f17b.json,Sentence-BERT of raw node text (384d),False
1ed1a0e60db3,2026-09-19T11:24:54+00:00,14eedbd784f43524589dcc9c848191495f337851-dirty,instagram,care_gnn,text,flag_bundled,"NOT CARE-GNN - no RL neighbour filtering, no label-aware similarity, no multi-relation aggregation. A similarity-gated mean aggregator.",approximation,3,1,cpu,torch 2.14.0+cu130,3.12.14,Linux-5.15.0-119-generic-x86_64-with-glibc2.39,benchmark-v1,,False,2,5,False,0.1,validation_swept,0.6546052631578948,0.5771595565355551,0.6143650997952611,0.5454257287135643,0.162291169451074,0.23529411764705882,0.192090395480226,0.8200692041522492,0.19619377162629753,0.028777391127213794,10.71,5.09,completed,,md_K1_matched,markov_diffusion,markov_diffusion_h2_k10_t0_perhop_K1_matched_cosine,1.0,matched_cosine,results/flag_md/text/md_K1_matched,results/flag_md/text/md_K1_matched/instagram__care_gnn__text__s3i1__1ed1a0e60db3.json,Sentence-BERT of raw node text (384d),False
3f247261bcb9,2026-09-19T11:41:03+00:00,14eedbd784f43524589dcc9c848191495f337851-dirty,instagram,dga_gnn,text,flag_bundled,"NOT DGA-GNN - no decision-tree dynamic grouping, no bidirectional grouped aggregation. GraphSAGE-mean.",approximation,0,0,cpu,torch 2.14.0+cu130,3.12.14,Linux-5.15.0-119-generic-x86_64-with-glibc2.39,benchmark-v1,,False,3,5,False,0.15,validation_swept,0.6027816251154201,0.5570560172360727,0.5931141569186192,0.5437731544556026,0.16379310344827586,0.1972318339100346,0.17896389324960754,0.8354828562441019,0.15328719723183393,0.016777657666139596,12.48,3.67,completed,,md_K1_matched,markov_diffusion,markov_diffusion_h2_k10_t0_perhop_K1_matched_cosine,1.0,matched_cosine,results/flag_md/text/md_K1_matched,results/flag_md/text/md_K1_matched/instagram__dga_gnn__text__s0i0__3f247261bcb9.json,Sentence-BERT of raw node text (384d),False
94685a710209,2026-09-19T11:41:22+00:00,14eedbd784f43524589dcc9c848191495f337851-dirty,instagram,dga_gnn,text,flag_bundled,"NOT DGA-GNN - no decision-tree dynamic grouping, no bidirectional grouped aggregation. GraphSAGE-mean.",approximation,0,1,cpu,torch 2.14.0+cu130,3.12.14,Linux-5.15.0-119-generic-x86_64-with-glibc2.39,benchmark-v1,,False,5,5,False,0.15,validation_swept,0.610399353647276,0.5595244956772335,0.5879057362818932,0.5401839351507114,0.1536286522148916,0.2820069204152249,0.19890176937156803,0.7934885184020132,0.15276816608996546,0.02730045317853538,8.34,3.74,completed,,md_K1_matched,markov_diffusion,markov_diffusion_h2_k10_t0_perhop_K1_matched_cosine,1.0,matched_cosine,results/flag_md/text/md_K1_matched,results/flag_md/text/md_K1_matched/instagram__dga_gnn__text__s0i1__94685a710209.json,Sentence-BERT of raw node text (384d),False
371c5648aea8,2026-09-19T11:41:36+00:00,14eedbd784f43524589dcc9c848191495f337851-dirty,instagram,dga_gnn,text,flag_bundled,"NOT DGA-GNN - no decision-tree dynamic grouping, no bidirectional grouped aggregation. GraphSAGE-mean.",approximation,1,0,cpu,torch 2.14.0+cu130,3.12.14,Linux-5.15.0-119-generic-x86_64-with-glibc2.39,benchmark-v1,,False,4,5,False,0.2,validation_swept,0.5856802092951677,0.5561922618183098,0.6022206989858838,0.5315204568927672,0.1422924901185771,0.18685121107266436,0.16155572176514585,0.8236866939289085,0.17595155709342558,0.0420577061321843,10.78,3.97,completed,,md_K1_matched,markov_diffusion,markov_diffusion_h2_k10_t0_perhop_K1_matched_cosine,1.0,matched_cosine,results/flag_md/text/md_K1_matched,results/flag_md/text/md_K1_matched/instagram__dga_gnn__text__s1i0__371c5648aea8.json,Sentence-BERT of raw node text (384d),False
ef92d297995d,2026-09-19T11:41:53+00:00,14eedbd784f43524589dcc9c848191495f337851-dirty,instagram,dga_gnn,text,flag_bundled,"NOT DGA-GNN - no decision-tree dynamic grouping, no bidirectional grouped aggregation. GraphSAGE-mean.",approximation,1,1,cpu,torch 2.14.0+cu130,3.12.14,Linux-5.15.0-119-generic-x86_64-with-glibc2.39,benchmark-v1,,False,4,5,False,0.15,validation_swept,0.6094567559248999,0.5659136200906478,0.6059296464362257,0.5453689405843023,0.16103896103896104,0.3217993079584775,0.21465666474321984,0.7859389745202894,0.17370242214532872,0.016811018888336155,8.51,3.65,completed,,md_K1_matched,markov_diffusion,markov_diffusion_h2_k10_t0_perhop_K1_matched_cosine,1.0,matched_cosine,results/flag_md/text/md_K1_matched,results/flag_md/text/md_K1_matched/instagram__dga_gnn__text__s1i1__ef92d297995d.json,Sentence-BERT of raw node text (384d),False
e402c1658867,2026-09-19T11:42:07+00:00,14eedbd784f43524589dcc9c848191495f337851-dirty,instagram,dga_gnn,text,flag_bundled,"NOT DGA-GNN - no decision-tree dynamic grouping, no bidirectional grouped aggregation. GraphSAGE-mean.",approximation,2,0,cpu,torch 2.14.0+cu130,3.12.14,Linux-5.15.0-119-generic-x86_64-with-glibc2.39,benchmark-v1,,False,3,5,False,0.15,validation_swept,0.6144198214835335,0.5741069118491547,0.6159163563654649,0.5507323404564677,0.22551928783382788,0.1314878892733564,0.16612021857923498,0.8799937087134319,0.18269896193771623,0.024412304199452756,8.38,3.64,completed,,md_K1_matched,markov_diffusion,markov_diffusion_h2_k10_t0_perhop_K1_matched_cosine,1.0,matched_cosine,results/flag_md/text/md_K1_matched,results/flag_md/text/md_K1_matched/instagram__dga_gnn__text__s2i0__e402c1658867.json,Sentence-BERT of raw node text (384d),False
3ef2c402f16d,2026-09-19T11:42:21+00:00,14eedbd784f43524589dcc9c848191495f337851-dirty,instagram,dga_gnn,text,flag_bundled,"NOT DGA-GNN - no decision-tree dynamic grouping, no bidirectional grouped aggregation. GraphSAGE-mean.",approximation,2,1,cpu,torch 2.14.0+cu130,3.12.14,Linux-5.15.0-119-generic-x86_64-with-glibc2.39,benchmark-v1,,False,3,5,False,0.15,validation_swept,0.6201138811942136,0.5616552220381984,0.6133485889776225,0.5280179314761447,0.1676470588235294,0.0986159169550173,0.12418300653594772,0.8735451399811262,0.17768166089965393,0.024630778928910753,9.04,3.64,completed,,md_K1_matched,markov_diffusion,markov_diffusion_h2_k10_t0_perhop_K1_matched_cosine,1.0,matched_cosine,results/flag_md/text/md_K1_matched,results/flag_md/text/md_K1_matched/instagram__dga_gnn__text__s2i1__3ef2c402f16d.json,Sentence-BERT of raw node text (384d),False
fda3a153f5d7,2026-09-19T11:42:35+00:00,14eedbd784f43524589dcc9c848191495f337851-dirty,instagram,dga_gnn,text,flag_bundled,"NOT DGA-GNN - no decision-tree dynamic grouping, no bidirectional grouped aggregation. GraphSAGE-mean.",approximation,3,0,cpu,torch 2.14.0+cu130,3.12.14,Linux-5.15.0-119-generic-x86_64-with-glibc2.39,benchmark-v1,,False,1,5,False,0.15,validation_swept,0.6540473991997537,0.5921232876712329,0.6101552304210918,0.5497076023391813,0.18823529411764706,0.16608996539792387,0.17647058823529413,0.8590751808744889,0.17093425605536333,0.014335882335259108,8.3,3.67,completed,,md_K1_matched,markov_diffusion,markov_diffusion_h2_k10_t0_perhop_K1_matched_cosine,1.0,matched_cosine,results/flag_md/text/md_K1_matched,results/flag_md/text/md_K1_matched/instagram__dga_gnn__text__s3i0__fda3a153f5d7.json,Sentence-BERT of raw node text (384d),False
9137eccffaf6,2026-09-19T11:42:49+00:00,14eedbd784f43524589dcc9c848191495f337851-dirty,instagram,dga_gnn,text,flag_bundled,"NOT DGA-GNN - no decision-tree dynamic grouping, no bidirectional grouped aggregation. GraphSAGE-mean.",approximation,3,1,cpu,torch 2.14.0+cu130,3.12.14,Linux-5.15.0-119-generic-x86_64-with-glibc2.39,benchmark-v1,,False,2,5,False,0.15,validation_swept,0.6197868574946137,0.5529279279279279,0.6120252690940003,0.5438598016857364,0.16338028169014085,0.20069204152249134,0.18012422360248448,0.8339100346020761,0.1835640138408305,0.014170716791544075,7.61,3.03,completed,,md_K1_matched,markov_diffusion,markov_diffusion_h2_k10_t0_perhop_K1_matched_cosine,1.0,matched_cosine,results/flag_md/text/md_K1_matched,results/flag_md/text/md_K1_matched/instagram__dga_gnn__text__s3i1__9137eccffaf6.json,Sentence-BERT of raw node text (384d),False
2be281e1f484,2026-09-19T11:31:40+00:00,14eedbd784f43524589dcc9c848191495f337851-dirty,instagram,gat,text,flag_bundled,"NOT canonical GAT - conv2 is a SAGEConv, not a GATConv, so the second layer performs no attention",adapted,0,0,cpu,torch 2.14.0+cu130,3.12.14,Linux-5.15.0-119-generic-x86_64-with-glibc2.39,benchmark-v1,,False,1,5,False,0.1,validation_swept,0.6592028316405049,0.5738152215239416,0.6350170915099196,0.5547789109150402,0.199203187250996,0.17301038062283736,0.18518518518518517,0.8615916955017301,0.2162629757785467,0.04632682200632847,11.43,4.59,completed,,md_K1_matched,markov_diffusion,markov_diffusion_h2_k10_t0_perhop_K1_matched_cosine,1.0,matched_cosine,results/flag_md/text/md_K1_matched,results/flag_md/text/md_K1_matched/instagram__gat__text__s0i0__2be281e1f484.json,Sentence-BERT of raw node text (384d),False
c8ba938ec11e,2026-09-19T11:31:59+00:00,14eedbd784f43524589dcc9c848191495f337851-dirty,instagram,gat,text,flag_bundled,"NOT canonical GAT - conv2 is a SAGEConv, not a GATConv, so the second layer performs no attention",adapted,0,1,cpu,torch 2.14.0+cu130,3.12.14,Linux-5.15.0-119-generic-x86_64-with-glibc2.39,benchmark-v1,,False,3,5,False,0.25,validation_swept,0.6126692828562634,0.597312032458476,0.5981006273871242,0.5514264900305577,0.17228464419475656,0.23875432525951557,0.2001450326323423,0.8265177728845549,0.16020761245674747,0.08127364514295397,12.01,5.17,completed,,md_K1_matched,markov_diffusion,markov_diffusion_h2_k10_t0_perhop_K1_matched_cosine,1.0,matched_cosine,results/flag_md/text/md_K1_matched,results/flag_md/text/md_K1_matched/instagram__gat__text__s0i1__c8ba938ec11e.json,Sentence-BERT of raw node text (384d),False
b844e03100eb,2026-09-19T11:32:19+00:00,14eedbd784f43524589dcc9c848191495f337851-dirty,instagram,gat,text,flag_bundled,"NOT canonical GAT - conv2 is a SAGEConv, not a GATConv, so the second layer performs no attention",adapted,1,0,cpu,torch 2.14.0+cu130,3.12.14,Linux-5.15.0-119-generic-x86_64-with-glibc2.39,benchmark-v1,,False,3,5,False,0.2,validation_swept,0.6007810095413973,0.5795414917662254,0.6001224243004752,0.554936456815722,0.17843388960205392,0.24048442906574394,0.20486366985998525,0.8302925448254168,0.16332179930795843,0.036995009873276245,12.17,5.05,completed,,md_K1_matched,markov_diffusion,markov_diffusion_h2_k10_t0_perhop_K1_matched_cosine,1.0,matched_cosine,results/flag_md/text/md_K1_matched,results/flag_md/text/md_K1_matched/instagram__gat__text__s1i0__b844e03100eb.json,Sentence-BERT of raw node text (384d),False
8d6650412fb4,2026-09-19T11:32:38+00:00,14eedbd784f43524589dcc9c848191495f337851-dirty,instagram,gat,text,flag_bundled,"NOT canonical GAT - conv2 is a SAGEConv, not a GATConv, so the second layer performs no attention",adapted,1,1,cpu,torch 2.14.0+cu130,3.12.14,Linux-5.15.0-119-generic-x86_64-with-glibc2.39,benchmark-v1,,False,1,5,False,0.2,validation_swept,0.6446214219759926,0.5506950424406446,0.6139426012619581,0.5180127596036379,0.14551083591331268,0.08131487889273356,0.10432852386237514,0.8730732934885184,0.20034602076124564,0.03417072852662745,11.83,5.06,completed,,md_K1_matched,markov_diffusion,markov_diffusion_h2_k10_t0_perhop_K1_matched_cosine,1.0,matched_cosine,results/flag_md/text/md_K1_matched,results/flag_md/text/md_K1_matched/instagram__gat__text__s1i1__8d6650412fb4.json,Sentence-BERT of raw node text (384d),False
962d0b7f8a4b,2026-09-19T11:32:57+00:00,14eedbd784f43524589dcc9c848191495f337851-dirty,instagram,gat,text,flag_bundled,"NOT canonical GAT - conv2 is a SAGEConv, not a GATConv, so the second layer performs no attention",adapted,2,0,cpu,torch 2.14.0+cu130,3.12.14,Linux-5.15.0-119-generic-x86_64-with-glibc2.39,benchmark-v1,,False,1,5,False,0.15,validation_swept,0.659895352416128,0.5896327927744734,0.6208037499551011,0.5469191946069469,0.16382252559726962,0.2491349480968858,0.19766643788606725,0.8161371500471847,0.2062283737024222,0.011905882035016739,11.82,5.1,completed,,md_K1_matched,markov_diffusion,markov_diffusion_h2_k10_t0_perhop_K1_matched_cosine,1.0,matched_cosine,results/flag_md/text/md_K1_matched,results/flag_md/text/md_K1_matched/instagram__gat__text__s2i0__962d0b7f8a4b.json,Sentence-BERT of raw node text (384d),False
87cab865b81f,2026-09-19T11:33:16+00:00,14eedbd784f43524589dcc9c848191495f337851-dirty,instagram,gat,text,flag_bundled,"NOT canonical GAT - conv2 is a SAGEConv, not a GATConv, so the second layer performs no attention",adapted,2,1,cpu,torch 2.14.0+cu130,3.12.14,Linux-5.15.0-119-generic-x86_64-with-glibc2.39,benchmark-v1,,False,1,5,False,0.2,validation_swept,0.6469298245614035,0.5826940710755262,0.6179893380107997,0.5483870967741935,0.18198529411764705,0.17128027681660898,0.17647058823529413,0.8546712802768166,0.18788927335640138,0.02201142590451952,12.01,5.16,completed,,md_K1_matched,markov_diffusion,markov_diffusion_h2_k10_t0_perhop_K1_matched_cosine,1.0,matched_cosine,results/flag_md/text/md_K1_matched,results/flag_md/text/md_K1_matched/instagram__gat__text__s2i1__87cab865b81f.json,Sentence-BERT of raw node text (384d),False
abb8f4675b71,2026-09-19T11:33:35+00:00,14eedbd784f43524589dcc9c848191495f337851-dirty,instagram,gat,text,flag_bundled,"NOT canonical GAT - conv2 is a SAGEConv, not a GATConv, so the second layer performs no attention",adapted,3,0,cpu,torch 2.14.0+cu130,3.12.14,Linux-5.15.0-119-generic-x86_64-with-glibc2.39,benchmark-v1,,False,5,5,False,0.15,validation_swept,0.6378693444136657,0.5864583333333333,0.6048293243615378,0.5477147430197403,0.1647982062780269,0.25432525951557095,0.2,0.8150361748977666,0.1764705882352941,0.027878477111706056,11.45,5.08,completed,,md_K1_matched,markov_diffusion,markov_diffusion_h2_k10_t0_perhop_K1_matched_cosine,1.0,matched_cosine,results/flag_md/text/md_K1_matched,results/flag_md/text/md_K1_matched/instagram__gat__text__s3i0__abb8f4675b71.json,Sentence-BERT of raw node text (384d),False
162d66ec82dd,2026-09-19T11:33:53+00:00,14eedbd784f43524589dcc9c848191495f337851-dirty,instagram,gat,text,flag_bundled,"NOT canonical GAT - conv2 is a SAGEConv, not a GATConv, so the second layer performs no attention",adapted,3,1,cpu,torch 2.14.0+cu130,3.12.14,Linux-5.15.0-119-generic-x86_64-with-glibc2.39,benchmark-v1,,False,1,5,False,0.2,validation_swept,0.6307710064635272,0.57829512259892,0.6256273871241964,0.5583155965472391,0.18097447795823665,0.2698961937716263,0.21666666666666667,0.8225857187794904,0.2012110726643599,0.054679242233133765,12.06,5.09,completed,,md_K1_matched,markov_diffusion,markov_diffusion_h2_k10_t0_perhop_K1_matched_cosine,1.0,matched_cosine,results/flag_md/text/md_K1_matched,results/flag_md/text/md_K1_matched/instagram__gat__text__s3i1__162d66ec82dd.json,Sentence-BERT of raw node text (384d),False
c91adc76fd20,2026-09-19T11:49:19+00:00,14eedbd784f43524589dcc9c848191495f337851-dirty,instagram,gcn,text,flag_bundled,faithful - two GCNConv layers plus the Eq. 6 skip,faithful,0,0,cpu,torch 2.14.0+cu130,3.12.14,Linux-5.15.0-119-generic-x86_64-with-glibc2.39,benchmark-v1,,False,2,5,False,0.15,validation_swept,0.6516620498614958,0.5780310804867321,0.6080219346032735,0.5463338792500836,0.16516129032258065,0.22145328719723184,0.18920916481892092,0.8274614658697703,0.17595155709342558,0.019191866890140935,8.36,4.06,completed,,md_K1_matched,markov_diffusion,markov_diffusion_h2_k10_t0_perhop_K1_matched_cosine,1.0,matched_cosine,results/flag_md/text/md_K1_matched,results/flag_md/text/md_K1_matched/instagram__gcn__text__s0i0__c91adc76fd20.json,Sentence-BERT of raw node text (384d),False
5e33fa26e322,2026-09-19T11:49:35+00:00,14eedbd784f43524589dcc9c848191495f337851-dirty,instagram,gcn,text,flag_bundled,faithful - two GCNConv layers plus the Eq. 6 skip,faithful,0,1,cpu,torch 2.14.0+cu130,3.12.14,Linux-5.15.0-119-generic-x86_64-with-glibc2.39,benchmark-v1,,False,2,5,False,0.15,validation_swept,0.64689135118498,0.5862158817015178,0.6120647801151806,0.5477628636349644,0.17758620689655172,0.1782006920415225,0.17789291882556132,0.8502673796791443,0.1742214532871973,0.026419319565967235,8.01,4.1,completed,,md_K1_matched,markov_diffusion,markov_diffusion_h2_k10_t0_perhop_K1_matched_cosine,1.0,matched_cosine,results/flag_md/text/md_K1_matched,results/flag_md/text/md_K1_matched/instagram__gcn__text__s0i1__5e33fa26e322.json,Sentence-BERT of raw node text (384d),False
6b15f29323d9,2026-09-19T11:49:49+00:00,14eedbd784f43524589dcc9c848191495f337851-dirty,instagram,gcn,text,flag_bundled,faithful - two GCNConv layers plus the Eq. 6 skip,faithful,1,0,cpu,torch 2.14.0+cu130,3.12.14,Linux-5.15.0-119-generic-x86_64-with-glibc2.39,benchmark-v1,,False,2,5,False,0.2,validation_swept,0.6495652508464141,0.6004517701786952,0.6068918295997414,0.5476392921515991,0.17728055077452667,0.1782006920415225,0.17773943054357205,0.8501100975149418,0.15415224913494807,0.026672915669205544,8.19,4.06,completed,,md_K1_matched,markov_diffusion,markov_diffusion_h2_k10_t0_perhop_K1_matched_cosine,1.0,matched_cosine,results/flag_md/text/md_K1_matched,results/flag_md/text/md_K1_matched/instagram__gcn__text__s1i0__6b15f29323d9.json,Sentence-BERT of raw node text (384d),False
f673271007bf,2026-09-19T11:50:03+00:00,14eedbd784f43524589dcc9c848191495f337851-dirty,instagram,gcn,text,flag_bundled,faithful - two GCNConv layers plus the Eq. 6 skip,faithful,1,1,cpu,torch 2.14.0+cu130,3.12.14,Linux-5.15.0-119-generic-x86_64-with-glibc2.39,benchmark-v1,,False,1,5,False,0.15,validation_swept,0.6587796244998461,0.5853330034908331,0.6104476718430096,0.5377508518732539,0.15014720314033367,0.2647058823529412,0.19160926737633063,0.79694872601447,0.17785467128027682,0.017594884181369952,8.25,4.13,completed,,md_K1_matched,markov_diffusion,markov_diffusion_h2_k10_t0_perhop_K1_matched_cosine,1.0,matched_cosine,results/flag_md/text/md_K1_matched,results/flag_md/text/md_K1_matched/instagram__gcn__text__s1i1__f673271007bf.json,Sentence-BERT of raw node text (384d),False
731de5600c6a,2026-09-19T11:50:17+00:00,14eedbd784f43524589dcc9c848191495f337851-dirty,instagram,gcn,text,flag_bundled,faithful - two GCNConv layers plus the Eq. 6 skip,faithful,2,0,cpu,torch 2.14.0+cu130,3.12.14,Linux-5.15.0-119-generic-x86_64-with-glibc2.39,benchmark-v1,,False,2,5,False,0.2,validation_swept,0.6423514927670052,0.5788489405331511,0.6086274709354533,0.5494579727762161,0.18330308529945555,0.17474048442906576,0.17891939769707707,0.8541994337842088,0.1622837370242215,0.022042429987071618,8.16,4.06,completed,,md_K1_matched,markov_diffusion,markov_diffusion_h2_k10_t0_perhop_K1_matched_cosine,1.0,matched_cosine,results/flag_md/text/md_K1_matched,results/flag_md/text/md_K1_matched/instagram__gcn__text__s2i0__731de5600c6a.json,Sentence-BERT of raw node text (384d),False
3503119415d1,2026-09-19T11:50:31+00:00,14eedbd784f43524589dcc9c848191495f337851-dirty,instagram,gcn,text,flag_bundled,faithful - two GCNConv layers plus the Eq. 6 skip,faithful,2,1,cpu,torch 2.14.0+cu130,3.12.14,Linux-5.15.0-119-generic-x86_64-with-glibc2.39,benchmark-v1,,False,1,5,False,0.15,validation_swept,0.6525084641428132,0.5827327327327327,0.6102703212365752,0.5373843249196075,0.15645161290322582,0.16782006920415224,0.16193656093489148,0.8420887071406102,0.17422145328719718,0.013855139390934888,8.25,4.0,completed,,md_K1_matched,markov_diffusion,markov_diffusion_h2_k10_t0_perhop_K1_matched_cosine,1.0,matched_cosine,results/flag_md/text/md_K1_matched,results/flag_md/text/md_K1_matched/instagram__gcn__text__s2i1__3503119415d1.json,Sentence-BERT of raw node text (384d),False
8c98614eb49d,2026-09-19T11:50:45+00:00,14eedbd784f43524589dcc9c848191495f337851-dirty,instagram,gcn,text,flag_bundled,faithful - two GCNConv layers plus the Eq. 6 skip,faithful,3,0,cpu,torch 2.14.0+cu130,3.12.14,Linux-5.15.0-119-generic-x86_64-with-glibc2.39,benchmark-v1,,False,1,5,False,0.1,validation_swept,0.6766697445367805,0.5718037296984665,0.6086629410567401,0.5422125354095824,0.15631469979296067,0.26124567474048443,0.1955958549222798,0.8046555520603964,0.1674740484429066,0.027807233440735116,8.14,3.99,completed,,md_K1_matched,markov_diffusion,markov_diffusion_h2_k10_t0_perhop_K1_matched_cosine,1.0,matched_cosine,results/flag_md/text/md_K1_matched,results/flag_md/text/md_K1_matched/instagram__gcn__text__s3i0__8c98614eb49d.json,Sentence-BERT of raw node text (384d),False
7c2df1b4ce9a,2026-09-19T11:50:59+00:00,14eedbd784f43524589dcc9c848191495f337851-dirty,instagram,gcn,text,flag_bundled,faithful - two GCNConv layers plus the Eq. 6 skip,faithful,3,1,cpu,torch 2.14.0+cu130,3.12.14,Linux-5.15.0-119-generic-x86_64-with-glibc2.39,benchmark-v1,,False,1,5,False,0.15,validation_swept,0.6628770390889505,0.5795233892321271,0.6058807066486274,0.5250887124028388,0.16887417218543047,0.08823529411764706,0.1159090909090909,0.8776344762503933,0.16435986159169552,0.02447459540546956,8.17,3.98,completed,,md_K1_matched,markov_diffusion,markov_diffusion_h2_k10_t0_perhop_K1_matched_cosine,1.0,matched_cosine,results/flag_md/text/md_K1_matched,results/flag_md/text/md_K1_matched/instagram__gcn__text__s3i1__7c2df1b4ce9a.json,Sentence-BERT of raw node text (384d),False
c750348fecaa,2026-09-19T10:52:19+00:00,14eedbd784f43524589dcc9c848191495f337851-dirty,instagram,geniepath,text,flag_bundled,closest to faithful - Breadth(GAT)+Depth(LSTM) preserved; matches PyG's example globals exactly. No official author repo exists.,adapted,0,0,cpu,torch 2.14.0+cu130,3.12.14,Linux-5.15.0-119-generic-x86_64-with-glibc2.39,benchmark-v1,,False,1,5,False,0.1,validation_swept,0.6246633579562942,0.5506268851498465,0.5886452209623926,0.5231599474310032,0.17490494296577946,0.07958477508650519,0.10939357907253269,0.882195659012268,0.13650519031141872,0.02946769060715261,133.09,44.53,completed,,md_K1_matched,markov_diffusion,markov_diffusion_h2_k10_t0_perhop_K1_matched_cosine,1.0,matched_cosine,results/flag_md/text/md_K1_matched,results/flag_md/text/md_K1_matched/instagram__geniepath__text__s0i0__c750348fecaa.json,Sentence-BERT of raw node text (384d),False
ba71a30d4891,2026-09-19T10:55:25+00:00,14eedbd784f43524589dcc9c848191495f337851-dirty,instagram,geniepath,text,flag_bundled,closest to faithful - Breadth(GAT)+Depth(LSTM) preserved; matches PyG's example globals exactly. No official author repo exists.,adapted,0,1,cpu,torch 2.14.0+cu130,3.12.14,Linux-5.15.0-119-generic-x86_64-with-glibc2.39,benchmark-v1,,False,1,5,False,0.1,validation_swept,0.6121114188981225,0.5503372213419064,0.5896050095185642,0.5325233439790445,0.17060367454068243,0.11245674740484429,0.13555787278415016,0.8696130858760617,0.13615916955017293,0.026788065442595713,129.09,44.84,completed,,md_K1_matched,markov_diffusion,markov_diffusion_h2_k10_t0_perhop_K1_matched_cosine,1.0,matched_cosine,results/flag_md/text/md_K1_matched,results/flag_md/text/md_K1_matched/instagram__geniepath__text__s0i1__ba71a30d4891.json,Sentence-BERT of raw node text (384d),False
5562bf118dd4,2026-09-19T10:58:26+00:00,14eedbd784f43524589dcc9c848191495f337851-dirty,instagram,geniepath,text,flag_bundled,closest to faithful - Breadth(GAT)+Depth(LSTM) preserved; matches PyG's example globals exactly. No official author repo exists.,adapted,1,0,cpu,torch 2.14.0+cu130,3.12.14,Linux-5.15.0-119-generic-x86_64-with-glibc2.39,benchmark-v1,,False,2,5,False,0.15,validation_swept,0.5983187134502924,0.5406641279359314,0.5690999868296596,0.5314780970815376,0.14893617021276595,0.1453287197231834,0.14711033274956217,0.8468071720666877,0.11591695501730104,0.014856421276188731,130.51,45.38,completed,,md_K1_matched,markov_diffusion,markov_diffusion_h2_k10_t0_perhop_K1_matched_cosine,1.0,matched_cosine,results/flag_md/text/md_K1_matched,results/flag_md/text/md_K1_matched/instagram__geniepath__text__s1i0__5562bf118dd4.json,Sentence-BERT of raw node text (384d),False
572faaa9d6cc,2026-09-19T11:01:29+00:00,14eedbd784f43524589dcc9c848191495f337851-dirty,instagram,geniepath,text,flag_bundled,closest to faithful - Breadth(GAT)+Depth(LSTM) preserved; matches PyG's example globals exactly. No official author repo exists.,adapted,1,1,cpu,torch 2.14.0+cu130,3.12.14,Linux-5.15.0-119-generic-x86_64-with-glibc2.39,benchmark-v1,,False,1,5,False,0.05,validation_swept,0.5902008310249308,0.5463092826346683,0.5813959962165205,0.5334292659719371,0.14507772020725387,0.19377162629757785,0.16592592592592592,0.8229002831078955,0.12595155709342554,0.05423041575797171,128.19,42.85,completed,,md_K1_matched,markov_diffusion,markov_diffusion_h2_k10_t0_perhop_K1_matched_cosine,1.0,matched_cosine,results/flag_md/text/md_K1_matched,results/flag_md/text/md_K1_matched/instagram__geniepath__text__s1i1__572faaa9d6cc.json,Sentence-BERT of raw node text (384d),False
fce034abce4e,2026-09-19T11:04:27+00:00,14eedbd784f43524589dcc9c848191495f337851-dirty,instagram,geniepath,text,flag_bundled,closest to faithful - Breadth(GAT)+Depth(LSTM) preserved; matches PyG's example globals exactly. No official author repo exists.,adapted,2,0,cpu,torch 2.14.0+cu130,3.12.14,Linux-5.15.0-119-generic-x86_64-with-glibc2.39,benchmark-v1,,False,2,5,False,0.2,validation_swept,0.6060903354878424,0.5496678010046994,0.5811881143664468,0.5369806490063004,0.15949820788530467,0.15397923875432526,0.15669014084507044,0.8493236866939289,0.13235294117647056,0.036125224264272414,121.71,42.84,completed,,md_K1_matched,markov_diffusion,markov_diffusion_h2_k10_t0_perhop_K1_matched_cosine,1.0,matched_cosine,results/flag_md/text/md_K1_matched,results/flag_md/text/md_K1_matched/instagram__geniepath__text__s2i0__fce034abce4e.json,Sentence-BERT of raw node text (384d),False
e6ea069eb371,2026-09-19T11:07:18+00:00,14eedbd784f43524589dcc9c848191495f337851-dirty,instagram,geniepath,text,flag_bundled,closest to faithful - Breadth(GAT)+Depth(LSTM) preserved; matches PyG's example globals exactly. No official author repo exists.,adapted,2,1,cpu,torch 2.14.0+cu130,3.12.14,Linux-5.15.0-119-generic-x86_64-with-glibc2.39,benchmark-v1,,False,1,5,False,0.15,validation_swept,0.6002616189596799,0.5323069326137947,0.5882031165814585,0.5351334379905809,0.14705882352941177,0.2768166089965398,0.19207683073229292,0.7882982069833281,0.13788927335640144,0.03280065699265737,123.08,42.32,completed,,md_K1_matched,markov_diffusion,markov_diffusion_h2_k10_t0_perhop_K1_matched_cosine,1.0,matched_cosine,results/flag_md/text/md_K1_matched,results/flag_md/text/md_K1_matched/instagram__geniepath__text__s2i1__e6ea069eb371.json,Sentence-BERT of raw node text (384d),False
b477ba5055c2,2026-09-19T11:10:10+00:00,14eedbd784f43524589dcc9c848191495f337851-dirty,instagram,geniepath,text,flag_bundled,closest to faithful - Breadth(GAT)+Depth(LSTM) preserved; matches PyG's example globals exactly. No official author repo exists.,adapted,3,0,cpu,torch 2.14.0+cu130,3.12.14,Linux-5.15.0-119-generic-x86_64-with-glibc2.39,benchmark-v1,,False,3,5,False,0.7999999999999999,validation_swept,0.6077446906740535,0.5612003702051442,0.5648832329593755,0.5209926762158505,0.1625441696113074,0.07958477508650519,0.10685249709639953,0.8790500157282164,0.106401384083045,0.040502979554301585,122.75,42.89,completed,,md_K1_matched,markov_diffusion,markov_diffusion_h2_k10_t0_perhop_K1_matched_cosine,1.0,matched_cosine,results/flag_md/text/md_K1_matched,results/flag_md/text/md_K1_matched/instagram__geniepath__text__s3i0__b477ba5055c2.json,Sentence-BERT of raw node text (384d),False
5bc711dcc8e4,2026-09-19T11:13:02+00:00,14eedbd784f43524589dcc9c848191495f337851-dirty,instagram,geniepath,text,flag_bundled,closest to faithful - Breadth(GAT)+Depth(LSTM) preserved; matches PyG's example globals exactly. No official author repo exists.,adapted,3,1,cpu,torch 2.14.0+cu130,3.12.14,Linux-5.15.0-119-generic-x86_64-with-glibc2.39,benchmark-v1,,False,2,5,False,0.05,validation_swept,0.5849876885195444,0.5406941649899396,0.5642155864992038,0.5273278172249958,0.13559322033898305,0.17993079584775087,0.1546468401486989,0.8211701793016671,0.10847750865051903,0.05832428970649845,122.15,42.55,completed,,md_K1_matched,markov_diffusion,markov_diffusion_h2_k10_t0_perhop_K1_matched_cosine,1.0,matched_cosine,results/flag_md/text/md_K1_matched,results/flag_md/text/md_K1_matched/instagram__geniepath__text__s3i1__5bc711dcc8e4.json,Sentence-BERT of raw node text (384d),False
46bf2b51b242,2026-09-19T11:45:04+00:00,14eedbd784f43524589dcc9c848191495f337851-dirty,instagram,pmp,text,flag_bundled,"partial - fraud/benign partition present, but applied to the aggregated mean rather than per-neighbour before aggregation",adapted,0,0,cpu,torch 2.14.0+cu130,3.12.14,Linux-5.15.0-119-generic-x86_64-with-glibc2.39,benchmark-v1,,False,2,5,False,0.15,validation_swept,0.6327139119729148,0.5781411984242173,0.5986949389973779,0.5361737765288466,0.19314641744548286,0.10726643598615918,0.13793103448275862,0.8781063227430009,0.16089965397923872,0.024134699969027177,9.71,4.85,completed,,md_K1_matched,markov_diffusion,markov_diffusion_h2_k10_t0_perhop_K1_matched_cosine,1.0,matched_cosine,results/flag_md/text/md_K1_matched,results/flag_md/text/md_K1_matched/instagram__pmp__text__s0i0__46bf2b51b242.json,Sentence-BERT of raw node text (384d),False
54bbbc08e95b,2026-09-19T11:45:22+00:00,14eedbd784f43524589dcc9c848191495f337851-dirty,instagram,pmp,text,flag_bundled,"partial - fraud/benign partition present, but applied to the aggregated mean rather than per-neighbour before aggregation",adapted,0,1,cpu,torch 2.14.0+cu130,3.12.14,Linux-5.15.0-119-generic-x86_64-with-glibc2.39,benchmark-v1,,False,1,5,False,0.1,validation_swept,0.6521429670667899,0.5711902884316677,0.6091964895056333,0.545238778513292,0.17045454545454544,0.18166089965397925,0.17587939698492464,0.8452343504246619,0.17335640138408304,0.02895179194813939,9.49,4.85,completed,,md_K1_matched,markov_diffusion,markov_diffusion_h2_k10_t0_perhop_K1_matched_cosine,1.0,matched_cosine,results/flag_md/text/md_K1_matched,results/flag_md/text/md_K1_matched/instagram__pmp__text__s0i1__54bbbc08e95b.json,Sentence-BERT of raw node text (384d),False
090a8bf2a8bd,2026-09-19T11:45:39+00:00,14eedbd784f43524589dcc9c848191495f337851-dirty,instagram,pmp,text,flag_bundled,"partial - fraud/benign partition present, but applied to the aggregated mean rather than per-neighbour before aggregation",adapted,1,0,cpu,torch 2.14.0+cu130,3.12.14,Linux-5.15.0-119-generic-x86_64-with-glibc2.39,benchmark-v1,,False,2,5,False,0.2,validation_swept,0.6152085257002156,0.5624462365591398,0.5950340333568803,0.5420307680734221,0.2080745341614907,0.11591695501730104,0.14888888888888888,0.8795218622208242,0.15674740484429073,0.01694968155227525,9.57,4.92,completed,,md_K1_matched,markov_diffusion,markov_diffusion_h2_k10_t0_perhop_K1_matched_cosine,1.0,matched_cosine,results/flag_md/text/md_K1_matched,results/flag_md/text/md_K1_matched/instagram__pmp__text__s1i0__090a8bf2a8bd.json,Sentence-BERT of raw node text (384d),False
91e13ab4ecea,2026-09-19T11:45:55+00:00,14eedbd784f43524589dcc9c848191495f337851-dirty,instagram,pmp,text,flag_bundled,"partial - fraud/benign partition present, but applied to the aggregated mean rather than per-neighbour before aggregation",adapted,1,1,cpu,torch 2.14.0+cu130,3.12.14,Linux-5.15.0-119-generic-x86_64-with-glibc2.39,benchmark-v1,,False,5,5,False,0.15,validation_swept,0.5587873191751308,0.5646294777827524,0.5710295913602568,0.5333991859234228,0.1514629948364888,0.1522491349480969,0.15185504745470232,0.8453916325888644,0.1266435986159169,0.028404622159145517,9.39,4.98,completed,,md_K1_matched,markov_diffusion,markov_diffusion_h2_k10_t0_perhop_K1_matched_cosine,1.0,matched_cosine,results/flag_md/text/md_K1_matched,results/flag_md/text/md_K1_matched/instagram__pmp__text__s1i1__91e13ab4ecea.json,Sentence-BERT of raw node text (384d),False
d7827308ecb2,2026-09-19T11:46:11+00:00,14eedbd784f43524589dcc9c848191495f337851-dirty,instagram,pmp,text,flag_bundled,"partial - fraud/benign partition present, but applied to the aggregated mean rather than per-neighbour before aggregation",adapted,2,0,cpu,torch 2.14.0+cu130,3.12.14,Linux-5.15.0-119-generic-x86_64-with-glibc2.39,benchmark-v1,,False,4,5,False,0.15,validation_swept,0.5815058479532164,0.5787798408488064,0.5809262041881682,0.5463566631932384,0.1720257234726688,0.185121107266436,0.17833333333333334,0.8449197860962567,0.13737024221453287,0.03043432856774289,9.61,4.89,completed,,md_K1_matched,markov_diffusion,markov_diffusion_h2_k10_t0_perhop_K1_matched_cosine,1.0,matched_cosine,results/flag_md/text/md_K1_matched,results/flag_md/text/md_K1_matched/instagram__pmp__text__s2i0__d7827308ecb2.json,Sentence-BERT of raw node text (384d),False
97a333a59d66,2026-09-19T11:46:28+00:00,14eedbd784f43524589dcc9c848191495f337851-dirty,instagram,pmp,text,flag_bundled,"partial - fraud/benign partition present, but applied to the aggregated mean rather than per-neighbour before aggregation",adapted,2,1,cpu,torch 2.14.0+cu130,3.12.14,Linux-5.15.0-119-generic-x86_64-with-glibc2.39,benchmark-v1,,False,2,5,False,0.2,validation_swept,0.624596029547553,0.5764373757830682,0.6021760994240969,0.5413057994240059,0.1634304207119741,0.17474048442906576,0.1688963210702341,0.843661528782636,0.1662629757785467,0.03363420110964606,9.56,4.95,completed,,md_K1_matched,markov_diffusion,markov_diffusion_h2_k10_t0_perhop_K1_matched_cosine,1.0,matched_cosine,results/flag_md/text/md_K1_matched,results/flag_md/text/md_K1_matched/instagram__pmp__text__s2i1__97a333a59d66.json,Sentence-BERT of raw node text (384d),False
0c426bf96035,2026-09-19T11:46:44+00:00,14eedbd784f43524589dcc9c848191495f337851-dirty,instagram,pmp,text,flag_bundled,"partial - fraud/benign partition present, but applied to the aggregated mean rather than per-neighbour before aggregation",adapted,3,0,cpu,torch 2.14.0+cu130,3.12.14,Linux-5.15.0-119-generic-x86_64-with-glibc2.39,benchmark-v1,,False,1,5,False,0.15,validation_swept,0.6255001538935057,0.5545574382113737,0.6054014858538571,0.5313961083648765,0.143101970865467,0.2889273356401384,0.19140401146131805,0.7780748663101604,0.16470588235294115,0.026671394010869216,9.73,4.87,completed,,md_K1_matched,markov_diffusion,markov_diffusion_h2_k10_t0_perhop_K1_matched_cosine,1.0,matched_cosine,results/flag_md/text/md_K1_matched,results/flag_md/text/md_K1_matched/instagram__pmp__text__s3i0__0c426bf96035.json,Sentence-BERT of raw node text (384d),False
eefd707d495f,2026-09-19T11:47:01+00:00,14eedbd784f43524589dcc9c848191495f337851-dirty,instagram,pmp,text,flag_bundled,"partial - fraud/benign partition present, but applied to the aggregated mean rather than per-neighbour before aggregation",adapted,3,1,cpu,torch 2.14.0+cu130,3.12.14,Linux-5.15.0-119-generic-x86_64-with-glibc2.39,benchmark-v1,,False,1,5,False,0.15,validation_swept,0.6525661742074486,0.5716120855028776,0.6130585421630488,0.5445720835905123,0.1618569636135508,0.2231833910034602,0.18763636363636363,0.8243158225857188,0.1756055363321799,0.02068967292317903,9.47,4.78,completed,,md_K1_matched,markov_diffusion,markov_diffusion_h2_k10_t0_perhop_K1_matched_cosine,1.0,matched_cosine,results/flag_md/text/md_K1_matched,results/flag_md/text/md_K1_matched/instagram__pmp__text__s3i1__eefd707d495f.json,Sentence-BERT of raw node text (384d),False
4076964d0c0b,2026-09-19T11:36:24+00:00,14eedbd784f43524589dcc9c848191495f337851-dirty,reddit,bwgnn,text,flag_bundled,"beta-wavelet basis NOT applied - the polynomial is evaluated over raw adjacency A, not the normalised Laplacian, so it is not a beta wavelet. Theta coefficients themselves are correct.",approximation,0,0,cpu,torch 2.14.0+cu130,3.12.14,Linux-5.15.0-119-generic-x86_64-with-glibc2.39,benchmark-v1,,False,4,5,False,0.2,validation_swept,0.6051342291493568,0.5532152862258055,0.6128315347044337,0.5405163763855215,0.1644345238095238,0.16517189835575485,0.16480238627889635,0.8477329889198559,0.165342355371693,0.037352625717171635,19.24,8.97,completed,,md_K1_matched,markov_diffusion,markov_diffusion_h2_k10_t0_perhop_K1_matched_cosine,1.0,matched_cosine,results/flag_md/text/md_K1_matched,results/flag_md/text/md_K1_matched/reddit__bwgnn__text__s0i0__4076964d0c0b.json,Sentence-BERT of raw node text (384d),False
9fb8df0395bf,2026-09-19T11:36:58+00:00,14eedbd784f43524589dcc9c848191495f337851-dirty,reddit,bwgnn,text,flag_bundled,"beta-wavelet basis NOT applied - the polynomial is evaluated over raw adjacency A, not the normalised Laplacian, so it is not a beta wavelet. Theta coefficients themselves are correct.",approximation,0,1,cpu,torch 2.14.0+cu130,3.12.14,Linux-5.15.0-119-generic-x86_64-with-glibc2.39,benchmark-v1,,False,4,5,False,0.15,validation_swept,0.6160394521960864,0.5632928216742692,0.620225037911317,0.5581834887707855,0.17904328018223234,0.2937219730941704,0.22247381828474386,0.8132689823941268,0.18691701604766187,0.0346681275771239,18.85,9.17,completed,,md_K1_matched,markov_diffusion,markov_diffusion_h2_k10_t0_perhop_K1_matched_cosine,1.0,matched_cosine,results/flag_md/text/md_K1_matched,results/flag_md/text/md_K1_matched/reddit__bwgnn__text__s0i1__9fb8df0395bf.json,Sentence-BERT of raw node text (384d),False
4959b8770dad,2026-09-19T11:37:30+00:00,14eedbd784f43524589dcc9c848191495f337851-dirty,reddit,bwgnn,text,flag_bundled,"beta-wavelet basis NOT applied - the polynomial is evaluated over raw adjacency A, not the normalised Laplacian, so it is not a beta wavelet. Theta coefficients themselves are correct.",approximation,1,0,cpu,torch 2.14.0+cu130,3.12.14,Linux-5.15.0-119-generic-x86_64-with-glibc2.39,benchmark-v1,,False,5,5,False,0.3,validation_swept,0.6013630633469902,0.5596601792966056,0.6114745291949276,0.5437729373156704,0.17939609236234458,0.15097159940209268,0.16396103896103897,0.8599687308816532,0.1710332724270855,0.04797739017743109,18.88,9.18,completed,,md_K1_matched,markov_diffusion,markov_diffusion_h2_k10_t0_perhop_K1_matched_cosine,1.0,matched_cosine,results/flag_md/text/md_K1_matched,results/flag_md/text/md_K1_matched/reddit__bwgnn__text__s1i0__4959b8770dad.json,Sentence-BERT of raw node text (384d),False
3ef71ac52018,2026-09-19T11:38:02+00:00,14eedbd784f43524589dcc9c848191495f337851-dirty,reddit,bwgnn,text,flag_bundled,"beta-wavelet basis NOT applied - the polynomial is evaluated over raw adjacency A, not the normalised Laplacian, so it is not a beta wavelet. Theta coefficients themselves are correct.",approximation,1,1,cpu,torch 2.14.0+cu130,3.12.14,Linux-5.15.0-119-generic-x86_64-with-glibc2.39,benchmark-v1,,False,4,5,False,0.2,validation_swept,0.6438988052602928,0.5535681480587238,0.6448704118699783,0.5518369048893368,0.16932907348242812,0.31689088191330345,0.22071837584591358,0.7964788253687717,0.20678012062097317,0.034377377435962,18.89,9.17,completed,,md_K1_matched,markov_diffusion,markov_diffusion_h2_k10_t0_perhop_K1_matched_cosine,1.0,matched_cosine,results/flag_md/text/md_K1_matched,results/flag_md/text/md_K1_matched/reddit__bwgnn__text__s1i1__3ef71ac52018.json,Sentence-BERT of raw node text (384d),False
65f75ba6f945,2026-09-19T11:38:34+00:00,14eedbd784f43524589dcc9c848191495f337851-dirty,reddit,bwgnn,text,flag_bundled,"beta-wavelet basis NOT applied - the polynomial is evaluated over raw adjacency A, not the normalised Laplacian, so it is not a beta wavelet. Theta coefficients themselves are correct.",approximation,2,0,cpu,torch 2.14.0+cu130,3.12.14,Linux-5.15.0-119-generic-x86_64-with-glibc2.39,benchmark-v1,,False,4,5,False,0.25,validation_swept,0.6399485717560094,0.562911828288441,0.6110914759532096,0.5483105783646116,0.17206349206349206,0.20254110612855009,0.1860624785444559,0.8388280878254367,0.1732209904234454,0.04144458600437259,19.18,9.12,completed,,md_K1_matched,markov_diffusion,markov_diffusion_h2_k10_t0_perhop_K1_matched_cosine,1.0,matched_cosine,results/flag_md/text/md_K1_matched,results/flag_md/text/md_K1_matched/reddit__bwgnn__text__s2i0__65f75ba6f945.json,Sentence-BERT of raw node text (384d),False
05c9f5e23045,2026-09-19T11:39:06+00:00,14eedbd784f43524589dcc9c848191495f337851-dirty,reddit,bwgnn,text,flag_bundled,"beta-wavelet basis NOT applied - the polynomial is evaluated over raw adjacency A, not the normalised Laplacian, so it is not a beta wavelet. Theta coefficients themselves are correct.",approximation,2,1,cpu,torch 2.14.0+cu130,3.12.14,Linux-5.15.0-119-generic-x86_64-with-glibc2.39,benchmark-v1,,False,1,5,False,0.2,validation_swept,0.6265686330687906,0.562831311769991,0.6297189907111544,0.5459399415916737,0.1782258064516129,0.16517189835575485,0.17145073700543056,0.8548025287200054,0.2060049044675052,0.020798860518837937,18.8,8.9,completed,,md_K1_matched,markov_diffusion,markov_diffusion_h2_k10_t0_perhop_K1_matched_cosine,1.0,matched_cosine,results/flag_md/text/md_K1_matched,results/flag_md/text/md_K1_matched/reddit__bwgnn__text__s2i1__05c9f5e23045.json,Sentence-BERT of raw node text (384d),False
9f6ca69596c8,2026-09-19T11:39:38+00:00,14eedbd784f43524589dcc9c848191495f337851-dirty,reddit,bwgnn,text,flag_bundled,"beta-wavelet basis NOT applied - the polynomial is evaluated over raw adjacency A, not the normalised Laplacian, so it is not a beta wavelet. Theta coefficients themselves are correct.",approximation,3,0,cpu,torch 2.14.0+cu130,3.12.14,Linux-5.15.0-119-generic-x86_64-with-glibc2.39,benchmark-v1,,False,2,5,False,0.25,validation_swept,0.6430428616451308,0.5629163321021359,0.6291527380929626,0.5387502086057382,0.16187594553706505,0.15994020926756353,0.16090225563909774,0.8482767996737135,0.18630437676611633,0.03651800713902591,17.48,9.28,completed,,md_K1_matched,markov_diffusion,markov_diffusion_h2_k10_t0_perhop_K1_matched_cosine,1.0,matched_cosine,results/flag_md/text/md_K1_matched,results/flag_md/text/md_K1_matched/reddit__bwgnn__text__s3i0__9f6ca69596c8.json,Sentence-BERT of raw node text (384d),False
a5aa9a6ee02a,2026-09-19T11:40:08+00:00,14eedbd784f43524589dcc9c848191495f337851-dirty,reddit,bwgnn,text,flag_bundled,"beta-wavelet basis NOT applied - the polynomial is evaluated over raw adjacency A, not the normalised Laplacian, so it is not a beta wavelet. Theta coefficients themselves are correct.",approximation,3,1,cpu,torch 2.14.0+cu130,3.12.14,Linux-5.15.0-119-generic-x86_64-with-glibc2.39,benchmark-v1,,False,4,5,False,0.35,validation_swept,0.6815495802653069,0.5837965873463312,0.6603620484663507,0.5778675375927986,0.22075471698113208,0.2623318385650224,0.23975409836065573,0.8486846577391068,0.22763360840065827,0.03370273197478298,25.97,9.02,completed,,md_K1_matched,markov_diffusion,markov_diffusion_h2_k10_t0_perhop_K1_matched_cosine,1.0,matched_cosine,results/flag_md/text/md_K1_matched,results/flag_md/text/md_K1_matched/reddit__bwgnn__text__s3i1__a5aa9a6ee02a.json,Sentence-BERT of raw node text (384d),False
9e3679dddfa4,2026-09-19T11:20:46+00:00,14eedbd784f43524589dcc9c848191495f337851-dirty,reddit,care_gnn,text,flag_bundled,"NOT CARE-GNN - no RL neighbour filtering, no label-aware similarity, no multi-relation aggregation. A similarity-gated mean aggregator.",approximation,0,0,cpu,torch 2.14.0+cu130,3.12.14,Linux-5.15.0-119-generic-x86_64-with-glibc2.39,benchmark-v1,,False,1,5,False,0.15,validation_swept,0.6222477294215397,0.5240019419350685,0.622328645150632,0.5299804078717092,0.13927943760984182,0.23692077727952168,0.1754288876591035,0.7974304941880226,0.19015441393692334,0.012845768690642979,17.67,8.58,completed,,md_K1_matched,markov_diffusion,markov_diffusion_h2_k10_t0_perhop_K1_matched_cosine,1.0,matched_cosine,results/flag_md/text/md_K1_matched,results/flag_md/text/md_K1_matched/reddit__care_gnn__text__s0i0__9e3679dddfa4.json,Sentence-BERT of raw node text (384d),False
7dc7d0800d73,2026-09-19T11:21:18+00:00,14eedbd784f43524589dcc9c848191495f337851-dirty,reddit,care_gnn,text,flag_bundled,"NOT CARE-GNN - no RL neighbour filtering, no label-aware similarity, no multi-relation aggregation. A similarity-gated mean aggregator.",approximation,0,1,cpu,torch 2.14.0+cu130,3.12.14,Linux-5.15.0-119-generic-x86_64-with-glibc2.39,benchmark-v1,,False,1,5,False,0.15,validation_swept,0.6169831389851875,0.5250711883789818,0.6197447403391949,0.5281487303588835,0.13689195006457167,0.23766816143497757,0.17372302649549304,0.7943715586975733,0.17861050594213163,0.012056152131197624,16.71,8.16,completed,,md_K1_matched,markov_diffusion,markov_diffusion_h2_k10_t0_perhop_K1_matched_cosine,1.0,matched_cosine,results/flag_md/text/md_K1_matched,results/flag_md/text/md_K1_matched/reddit__care_gnn__text__s0i1__7dc7d0800d73.json,Sentence-BERT of raw node text (384d),False
d0a9825a5cfe,2026-09-19T11:21:47+00:00,14eedbd784f43524589dcc9c848191495f337851-dirty,reddit,care_gnn,text,flag_bundled,"NOT CARE-GNN - no RL neighbour filtering, no label-aware similarity, no multi-relation aggregation. A similarity-gated mean aggregator.",approximation,1,0,cpu,torch 2.14.0+cu130,3.12.14,Linux-5.15.0-119-generic-x86_64-with-glibc2.39,benchmark-v1,,False,3,5,False,0.1,validation_swept,0.626882001547145,0.5282093426733978,0.6047730255852068,0.5249705230558706,0.13457556935817805,0.14573991031390135,0.13993541442411195,0.8370607028753994,0.16914231730109658,0.06188410265981193,17.2,8.49,completed,,md_K1_matched,markov_diffusion,markov_diffusion_h2_k10_t0_perhop_K1_matched_cosine,1.0,matched_cosine,results/flag_md/text/md_K1_matched,results/flag_md/text/md_K1_matched/reddit__care_gnn__text__s1i0__d0a9825a5cfe.json,Sentence-BERT of raw node text (384d),False
6b3caf456856,2026-09-19T11:22:16+00:00,14eedbd784f43524589dcc9c848191495f337851-dirty,reddit,care_gnn,text,flag_bundled,"NOT CARE-GNN - no RL neighbour filtering, no label-aware similarity, no multi-relation aggregation. A similarity-gated mean aggregator.",approximation,1,1,cpu,torch 2.14.0+cu130,3.12.14,Linux-5.15.0-119-generic-x86_64-with-glibc2.39,benchmark-v1,,False,3,5,False,0.1,validation_swept,0.6337689453628628,0.5372705550124904,0.6108212596672881,0.5246433829606202,0.13507625272331156,0.13901345291479822,0.13701657458563535,0.8407314254639385,0.1786089410908377,0.061113130699586266,17.41,8.45,completed,,md_K1_matched,markov_diffusion,markov_diffusion_h2_k10_t0_perhop_K1_matched_cosine,1.0,matched_cosine,results/flag_md/text/md_K1_matched,results/flag_md/text/md_K1_matched/reddit__care_gnn__text__s1i1__6b3caf456856.json,Sentence-BERT of raw node text (384d),False
214eef8de59f,2026-09-19T11:22:46+00:00,14eedbd784f43524589dcc9c848191495f337851-dirty,reddit,care_gnn,text,flag_bundled,"NOT CARE-GNN - no RL neighbour filtering, no label-aware similarity, no multi-relation aggregation. A similarity-gated mean aggregator.",approximation,2,0,cpu,torch 2.14.0+cu130,3.12.14,Linux-5.15.0-119-generic-x86_64-with-glibc2.39,benchmark-v1,,False,2,5,False,0.1,validation_swept,0.6229317680428617,0.5386041673041031,0.6154401138675222,0.5250428213809126,0.13564213564213565,0.14050822122571002,0.13803230543318648,0.8403915437427775,0.1715571063977045,0.05145571969081153,17.36,8.6,completed,,md_K1_matched,markov_diffusion,markov_diffusion_h2_k10_t0_perhop_K1_matched_cosine,1.0,matched_cosine,results/flag_md/text/md_K1_matched,results/flag_md/text/md_K1_matched/reddit__care_gnn__text__s2i0__214eef8de59f.json,Sentence-BERT of raw node text (384d),False
db8f0a1dc027,2026-09-19T11:23:16+00:00,14eedbd784f43524589dcc9c848191495f337851-dirty,reddit,care_gnn,text,flag_bundled,"NOT CARE-GNN - no RL neighbour filtering, no label-aware similarity, no multi-relation aggregation. A similarity-gated mean aggregator.",approximation,2,1,cpu,torch 2.14.0+cu130,3.12.14,Linux-5.15.0-119-generic-x86_64-with-glibc2.39,benchmark-v1,,False,2,5,False,0.1,validation_swept,0.6370315588917859,0.541330700267862,0.6164660694970578,0.5283775872334118,0.13972055888223553,0.15695067264573992,0.14783526927138332,0.8354292706138264,0.1793301139871215,0.04818301467495473,17.53,8.79,completed,,md_K1_matched,markov_diffusion,markov_diffusion_h2_k10_t0_perhop_K1_matched_cosine,1.0,matched_cosine,results/flag_md/text/md_K1_matched,results/flag_md/text/md_K1_matched/reddit__care_gnn__text__s2i1__db8f0a1dc027.json,Sentence-BERT of raw node text (384d),False
b340040cbdb5,2026-09-19T11:23:46+00:00,14eedbd784f43524589dcc9c848191495f337851-dirty,reddit,care_gnn,text,flag_bundled,"NOT CARE-GNN - no RL neighbour filtering, no label-aware similarity, no multi-relation aggregation. A similarity-gated mean aggregator.",approximation,3,0,cpu,torch 2.14.0+cu130,3.12.14,Linux-5.15.0-119-generic-x86_64-with-glibc2.39,benchmark-v1,,False,1,5,False,0.1,validation_swept,0.6040938458012206,0.5238867938013283,0.6086358610040957,0.5276358168177168,0.135567783891946,0.20254110612855009,0.1624213365298172,0.8100061178709809,0.1560328314743459,0.024921099625163985,17.15,8.56,completed,,md_K1_matched,markov_diffusion,markov_diffusion_h2_k10_t0_perhop_K1_matched_cosine,1.0,matched_cosine,results/flag_md/text/md_K1_matched,results/flag_md/text/md_K1_matched/reddit__care_gnn__text__s3i0__b340040cbdb5.json,Sentence-BERT of raw node text (384d),False
39fd7ef1bd4b,2026-09-19T11:24:16+00:00,14eedbd784f43524589dcc9c848191495f337851-dirty,reddit,care_gnn,text,flag_bundled,"NOT CARE-GNN - no RL neighbour filtering, no label-aware similarity, no multi-relation aggregation. A similarity-gated mean aggregator.",approximation,3,1,cpu,torch 2.14.0+cu130,3.12.14,Linux-5.15.0-119-generic-x86_64-with-glibc2.39,benchmark-v1,,False,3,5,False,0.2,validation_swept,0.638018221929347,0.5348998672629097,0.6085148644665528,0.5225426323867124,0.12851165570830841,0.16068759342301944,0.14280969777482563,0.8245530555366732,0.16956085913465735,0.034782671039238836,17.23,8.58,completed,,md_K1_matched,markov_diffusion,markov_diffusion_h2_k10_t0_perhop_K1_matched_cosine,1.0,matched_cosine,results/flag_md/text/md_K1_matched,results/flag_md/text/md_K1_matched/reddit__care_gnn__text__s3i1__39fd7ef1bd4b.json,Sentence-BERT of raw node text (384d),False
bb66e3835a42,2026-09-19T11:40:51+00:00,14eedbd784f43524589dcc9c848191495f337851-dirty,reddit,dga_gnn,text,flag_bundled,"NOT DGA-GNN - no decision-tree dynamic grouping, no bidirectional grouped aggregation. GraphSAGE-mean.",approximation,0,0,cpu,torch 2.14.0+cu130,3.12.14,Linux-5.15.0-119-generic-x86_64-with-glibc2.39,benchmark-v1,,False,3,5,False,0.2,validation_swept,0.6414348336819184,0.546867949177551,0.6141909713221998,0.5217076751265378,0.1349206349206349,0.11434977578475336,0.12378640776699029,0.8527632383930392,0.16845523580800031,0.026911776051185263,16.2,6.93,completed,,md_K1_matched,markov_diffusion,markov_diffusion_h2_k10_t0_perhop_K1_matched_cosine,1.0,matched_cosine,results/flag_md/text/md_K1_matched,results/flag_md/text/md_K1_matched/reddit__dga_gnn__text__s0i0__bb66e3835a42.json,Sentence-BERT of raw node text (384d),False
852273478ea0,2026-09-19T11:41:20+00:00,14eedbd784f43524589dcc9c848191495f337851-dirty,reddit,dga_gnn,text,flag_bundled,"NOT DGA-GNN - no decision-tree dynamic grouping, no bidirectional grouped aggregation. GraphSAGE-mean.",approximation,0,1,cpu,torch 2.14.0+cu130,3.12.14,Linux-5.15.0-119-generic-x86_64-with-glibc2.39,benchmark-v1,,False,3,5,False,0.15,validation_swept,0.6529990258717016,0.5411080257318315,0.6261077330815263,0.5316861725887534,0.1415810629745422,0.23692077727952168,0.17724350013978193,0.7999456189246142,0.19094142236264156,0.022137943124172034,13.84,6.62,completed,,md_K1_matched,markov_diffusion,markov_diffusion_h2_k10_t0_perhop_K1_matched_cosine,1.0,matched_cosine,results/flag_md/text/md_K1_matched,results/flag_md/text/md_K1_matched/reddit__dga_gnn__text__s0i1__852273478ea0.json,Sentence-BERT of raw node text (384d),False
193ba63347ca,2026-09-19T11:41:45+00:00,14eedbd784f43524589dcc9c848191495f337851-dirty,reddit,dga_gnn,text,flag_bundled,"NOT DGA-GNN - no decision-tree dynamic grouping, no bidirectional grouped aggregation. GraphSAGE-mean.",approximation,1,0,cpu,torch 2.14.0+cu130,3.12.14,Linux-5.15.0-119-generic-x86_64-with-glibc2.39,benchmark-v1,,False,5,5,False,0.2,validation_swept,0.646180127782712,0.548777529480046,0.6196002430884711,0.530933721541218,0.1404468764249886,0.23019431988041852,0.17445482866043613,0.801848956563116,0.17571066883197378,0.03531960425164529,13.98,6.18,completed,,md_K1_matched,markov_diffusion,markov_diffusion_h2_k10_t0_perhop_K1_matched_cosine,1.0,matched_cosine,results/flag_md/text/md_K1_matched,results/flag_md/text/md_K1_matched/reddit__dga_gnn__text__s1i0__193ba63347ca.json,Sentence-BERT of raw node text (384d),False
cf0e5c394a4e,2026-09-19T11:42:11+00:00,14eedbd784f43524589dcc9c848191495f337851-dirty,reddit,dga_gnn,text,flag_bundled,"NOT DGA-GNN - no decision-tree dynamic grouping, no bidirectional grouped aggregation. GraphSAGE-mean.",approximation,1,1,cpu,torch 2.14.0+cu130,3.12.14,Linux-5.15.0-119-generic-x86_64-with-glibc2.39,benchmark-v1,,False,4,5,False,0.15,validation_swept,0.5918796378534796,0.5277738304476273,0.598890721627821,0.5290056993777736,0.14176511466296038,0.15246636771300448,0.14692113791861722,0.8389640405139012,0.14384208101972867,0.01518990567157491,13.64,6.14,completed,,md_K1_matched,markov_diffusion,markov_diffusion_h2_k10_t0_perhop_K1_matched_cosine,1.0,matched_cosine,results/flag_md/text/md_K1_matched,results/flag_md/text/md_K1_matched/reddit__dga_gnn__text__s1i1__cf0e5c394a4e.json,Sentence-BERT of raw node text (384d),False
609e3634f221,2026-09-19T11:42:34+00:00,14eedbd784f43524589dcc9c848191495f337851-dirty,reddit,dga_gnn,text,flag_bundled,"NOT DGA-GNN - no decision-tree dynamic grouping, no bidirectional grouped aggregation. GraphSAGE-mean.",approximation,2,0,cpu,torch 2.14.0+cu130,3.12.14,Linux-5.15.0-119-generic-x86_64-with-glibc2.39,benchmark-v1,,False,1,5,False,0.15,validation_swept,0.6404714494456064,0.5356257220101973,0.6132162645725379,0.5396784975672487,0.1559362079149439,0.19730941704035873,0.1741999340151765,0.8298552103867854,0.16647927572422722,0.014347385853361745,13.67,6.2,completed,,md_K1_matched,markov_diffusion,markov_diffusion_h2_k10_t0_perhop_K1_matched_cosine,1.0,matched_cosine,results/flag_md/text/md_K1_matched,results/flag_md/text/md_K1_matched/reddit__dga_gnn__text__s2i0__609e3634f221.json,Sentence-BERT of raw node text (384d),False
a9d131982cd3,2026-09-19T11:42:58+00:00,14eedbd784f43524589dcc9c848191495f337851-dirty,reddit,dga_gnn,text,flag_bundled,"NOT DGA-GNN - no decision-tree dynamic grouping, no bidirectional grouped aggregation. GraphSAGE-mean.",approximation,2,1,cpu,torch 2.14.0+cu130,3.12.14,Linux-5.15.0-119-generic-x86_64-with-glibc2.39,benchmark-v1,,False,2,5,False,0.1,validation_swept,0.6480066183422628,0.5429729594266095,0.6298197839007428,0.5323512570966386,0.1718931475029036,0.11061285500747384,0.13460663938153705,0.8706410169261097,0.1904555360358986,0.04709042031813254,13.82,6.31,completed,,md_K1_matched,markov_diffusion,markov_diffusion_h2_k10_t0_perhop_K1_matched_cosine,1.0,matched_cosine,results/flag_md/text/md_K1_matched,results/flag_md/text/md_K1_matched/reddit__dga_gnn__text__s2i1__a9d131982cd3.json,Sentence-BERT of raw node text (384d),False
6e4981649079,2026-09-19T11:43:22+00:00,14eedbd784f43524589dcc9c848191495f337851-dirty,reddit,dga_gnn,text,flag_bundled,"NOT DGA-GNN - no decision-tree dynamic grouping, no bidirectional grouped aggregation. GraphSAGE-mean.",approximation,3,0,cpu,torch 2.14.0+cu130,3.12.14,Linux-5.15.0-119-generic-x86_64-with-glibc2.39,benchmark-v1,,False,4,5,False,0.2,validation_swept,0.6407114001661749,0.5458322907301917,0.6289339942370998,0.5407234106915703,0.16422287390029325,0.16741405082212257,0.16580310880829016,0.846781320100605,0.1932434303909994,0.03631035784689986,13.91,6.17,completed,,md_K1_matched,markov_diffusion,markov_diffusion_h2_k10_t0_perhop_K1_matched_cosine,1.0,matched_cosine,results/flag_md/text/md_K1_matched,results/flag_md/text/md_K1_matched/reddit__dga_gnn__text__s3i0__6e4981649079.json,Sentence-BERT of raw node text (384d),False
935d4bd998da,2026-09-19T11:43:45+00:00,14eedbd784f43524589dcc9c848191495f337851-dirty,reddit,dga_gnn,text,flag_bundled,"NOT DGA-GNN - no decision-tree dynamic grouping, no bidirectional grouped aggregation. GraphSAGE-mean.",approximation,3,1,cpu,torch 2.14.0+cu130,3.12.14,Linux-5.15.0-119-generic-x86_64-with-glibc2.39,benchmark-v1,,False,5,5,False,0.15,validation_swept,0.6292546485975417,0.516225019141244,0.6151234829744738,0.5135539727504342,0.13144259612762477,0.3602391629297459,0.1926073926073926,0.7253075929576508,0.17414855602787987,0.025231668712784133,13.76,6.39,completed,,md_K1_matched,markov_diffusion,markov_diffusion_h2_k10_t0_perhop_K1_matched_cosine,1.0,matched_cosine,results/flag_md/text/md_K1_matched,results/flag_md/text/md_K1_matched/reddit__dga_gnn__text__s3i1__935d4bd998da.json,Sentence-BERT of raw node text (384d),False
44ea264ac99f,2026-09-19T11:30:59+00:00,14eedbd784f43524589dcc9c848191495f337851-dirty,reddit,gat,text,flag_bundled,"NOT canonical GAT - conv2 is a SAGEConv, not a GATConv, so the second layer performs no attention",adapted,0,0,cpu,torch 2.14.0+cu130,3.12.14,Linux-5.15.0-119-generic-x86_64-with-glibc2.39,benchmark-v1,,False,5,5,False,0.2,validation_swept,0.6877954617081625,0.5775452393032301,0.6547508549956257,0.54711057983673,0.1634438305709024,0.26532137518684606,0.2022792022792023,0.8096662361498199,0.23611677903975586,0.03369415718036245,19.99,9.31,completed,,md_K1_matched,markov_diffusion,markov_diffusion_h2_k10_t0_perhop_K1_matched_cosine,1.0,matched_cosine,results/flag_md/text/md_K1_matched,results/flag_md/text/md_K1_matched/reddit__gat__text__s0i0__44ea264ac99f.json,Sentence-BERT of raw node text (384d),False
a21b682429c6,2026-09-19T11:31:34+00:00,14eedbd784f43524589dcc9c848191495f337851-dirty,reddit,gat,text,flag_bundled,"NOT canonical GAT - conv2 is a SAGEConv, not a GATConv, so the second layer performs no attention",adapted,0,1,cpu,torch 2.14.0+cu130,3.12.14,Linux-5.15.0-119-generic-x86_64-with-glibc2.39,benchmark-v1,,False,3,5,False,0.2,validation_swept,0.6758695527605078,0.5676625324048188,0.6509817988792759,0.5460253877878698,0.16781465247338762,0.20029895366218237,0.1826235093696763,0.8369247501869349,0.22249513973954388,0.029545680895301865,19.5,9.5,completed,,md_K1_matched,markov_diffusion,markov_diffusion_h2_k10_t0_perhop_K1_matched_cosine,1.0,matched_cosine,results/flag_md/text/md_K1_matched,results/flag_md/text/md_K1_matched/reddit__gat__text__s0i1__a21b682429c6.json,Sentence-BERT of raw node text (384d),False
858070174d7b,2026-09-19T11:32:07+00:00,14eedbd784f43524589dcc9c848191495f337851-dirty,reddit,gat,text,flag_bundled,"NOT canonical GAT - conv2 is a SAGEConv, not a GATConv, so the second layer performs no attention",adapted,1,0,cpu,torch 2.14.0+cu130,3.12.14,Linux-5.15.0-119-generic-x86_64-with-glibc2.39,benchmark-v1,,False,5,5,False,0.25,validation_swept,0.6706909148210756,0.563859321159024,0.6363709500111608,0.5443051217550685,0.1711111111111111,0.1726457399103139,0.171875,0.8486846577391068,0.19858471495730695,0.03960968091472531,20.2,9.32,completed,,md_K1_matched,markov_diffusion,markov_diffusion_h2_k10_t0_perhop_K1_matched_cosine,1.0,matched_cosine,results/flag_md/text/md_K1_matched,results/flag_md/text/md_K1_matched/reddit__gat__text__s1i0__858070174d7b.json,Sentence-BERT of raw node text (384d),False
dd83b3a371e2,2026-09-19T11:32:41+00:00,14eedbd784f43524589dcc9c848191495f337851-dirty,reddit,gat,text,flag_bundled,"NOT canonical GAT - conv2 is a SAGEConv, not a GATConv, so the second layer performs no attention",adapted,1,1,cpu,torch 2.14.0+cu130,3.12.14,Linux-5.15.0-119-generic-x86_64-with-glibc2.39,benchmark-v1,,False,4,5,False,0.25,validation_swept,0.6640188522476578,0.5648425536094579,0.6417304818613057,0.5488280258187608,0.1826086956521739,0.1726457399103139,0.17748751440645408,0.8544626469988444,0.20625824271447152,0.03773715609743083,19.51,9.24,completed,,md_K1_matched,markov_diffusion,markov_diffusion_h2_k10_t0_perhop_K1_matched_cosine,1.0,matched_cosine,results/flag_md/text/md_K1_matched,results/flag_md/text/md_K1_matched/reddit__gat__text__s1i1__dd83b3a371e2.json,Sentence-BERT of raw node text (384d),False
12e29185c591,2026-09-19T11:33:14+00:00,14eedbd784f43524589dcc9c848191495f337851-dirty,reddit,gat,text,flag_bundled,"NOT canonical GAT - conv2 is a SAGEConv, not a GATConv, so the second layer performs no attention",adapted,2,0,cpu,torch 2.14.0+cu130,3.12.14,Linux-5.15.0-119-generic-x86_64-with-glibc2.39,benchmark-v1,,False,1,5,False,0.2,validation_swept,0.6334233446981635,0.5565997227721631,0.6323662161124466,0.5410290308636396,0.17259323503902863,0.14872944693572496,0.1597751906864713,0.8577255115219904,0.18669972526800038,0.021279349491512188,19.24,9.26,completed,,md_K1_matched,markov_diffusion,markov_diffusion_h2_k10_t0_perhop_K1_matched_cosine,1.0,matched_cosine,results/flag_md/text/md_K1_matched,results/flag_md/text/md_K1_matched/reddit__gat__text__s2i0__12e29185c591.json,Sentence-BERT of raw node text (384d),False
e4b6d93087a4,2026-09-19T11:33:46+00:00,14eedbd784f43524589dcc9c848191495f337851-dirty,reddit,gat,text,flag_bundled,"NOT canonical GAT - conv2 is a SAGEConv, not a GATConv, so the second layer performs no attention",adapted,2,1,cpu,torch 2.14.0+cu130,3.12.14,Linux-5.15.0-119-generic-x86_64-with-glibc2.39,benchmark-v1,,False,5,5,False,0.15,validation_swept,0.6548470045554824,0.5506335741962509,0.6300064483050816,0.537510136962774,0.15091520358610386,0.30194319880418535,0.2012453300124533,0.7819998640473116,0.19020884840693103,0.03225655183514278,19.48,9.21,completed,,md_K1_matched,markov_diffusion,markov_diffusion_h2_k10_t0_perhop_K1_matched_cosine,1.0,matched_cosine,results/flag_md/text/md_K1_matched,results/flag_md/text/md_K1_matched/reddit__gat__text__s2i1__e4b6d93087a4.json,Sentence-BERT of raw node text (384d),False
151720e70418,2026-09-19T11:34:19+00:00,14eedbd784f43524589dcc9c848191495f337851-dirty,reddit,gat,text,flag_bundled,"NOT canonical GAT - conv2 is a SAGEConv, not a GATConv, so the second layer performs no attention",adapted,3,0,cpu,torch 2.14.0+cu130,3.12.14,Linux-5.15.0-119-generic-x86_64-with-glibc2.39,benchmark-v1,,False,1,5,False,0.2,validation_swept,0.6613758129673668,0.5550336910499927,0.6326796334715881,0.5366487462208631,0.14962121212121213,0.2952167414050822,0.19859225741578682,0.7832914145877234,0.1977849082835068,0.04182918241231663,19.66,9.25,completed,,md_K1_matched,markov_diffusion,markov_diffusion_h2_k10_t0_perhop_K1_matched_cosine,1.0,matched_cosine,results/flag_md/text/md_K1_matched,results/flag_md/text/md_K1_matched/reddit__gat__text__s3i0__151720e70418.json,Sentence-BERT of raw node text (384d),False
c3871ed935dd,2026-09-19T11:34:52+00:00,14eedbd784f43524589dcc9c848191495f337851-dirty,reddit,gat,text,flag_bundled,"NOT canonical GAT - conv2 is a SAGEConv, not a GATConv, so the second layer performs no attention",adapted,3,1,cpu,torch 2.14.0+cu130,3.12.14,Linux-5.15.0-119-generic-x86_64-with-glibc2.39,benchmark-v1,,False,3,5,False,0.2,validation_swept,0.6664470102856489,0.5563108281705377,0.648791454168244,0.5455403513734165,0.1613053613053613,0.2585949177877429,0.19867929945449325,0.8102780232479098,0.22403020297127257,0.030430518343619185,19.4,9.32,completed,,md_K1_matched,markov_diffusion,markov_diffusion_h2_k10_t0_perhop_K1_matched_cosine,1.0,matched_cosine,results/flag_md/text/md_K1_matched,results/flag_md/text/md_K1_matched/reddit__gat__text__s3i1__c3871ed935dd.json,Sentence-BERT of raw node text (384d),False
d0f5cda13edd,2026-09-19T11:48:45+00:00,14eedbd784f43524589dcc9c848191495f337851-dirty,reddit,gcn,text,flag_bundled,faithful - two GCNConv layers plus the Eq. 6 skip,faithful,0,0,cpu,torch 2.14.0+cu130,3.12.14,Linux-5.15.0-119-generic-x86_64-with-glibc2.39,benchmark-v1,,False,5,5,False,0.15,validation_swept,0.6138834770650087,0.5438676017789942,0.5963956780148565,0.5214243449438847,0.12903225806451613,0.24514200298953662,0.16907216494845362,0.7808442661953641,0.1500114513582183,0.04552574786881585,15.62,8.3,completed,,md_K1_matched,markov_diffusion,markov_diffusion_h2_k10_t0_perhop_K1_matched_cosine,1.0,matched_cosine,results/flag_md/text/md_K1_matched,results/flag_md/text/md_K1_matched/reddit__gcn__text__s0i0__d0f5cda13edd.json,Sentence-BERT of raw node text (384d),False
6d0af6426a10,2026-09-19T11:49:14+00:00,14eedbd784f43524589dcc9c848191495f337851-dirty,reddit,gcn,text,flag_bundled,faithful - two GCNConv layers plus the Eq. 6 skip,faithful,0,1,cpu,torch 2.14.0+cu130,3.12.14,Linux-5.15.0-119-generic-x86_64-with-glibc2.39,benchmark-v1,,False,5,5,False,0.2,validation_swept,0.6112368564306793,0.5362739390107072,0.5971502716637733,0.5226205832344694,0.12839791787160207,0.16591928251121077,0.1447668731659602,0.8216980490789205,0.1572562657484119,0.044324659611075255,15.01,8.28,completed,,md_K1_matched,markov_diffusion,markov_diffusion_h2_k10_t0_perhop_K1_matched_cosine,1.0,matched_cosine,results/flag_md/text/md_K1_matched,results/flag_md/text/md_K1_matched/reddit__gcn__text__s0i1__6d0af6426a10.json,Sentence-BERT of raw node text (384d),False
eb58682b89f6,2026-09-19T11:49:41+00:00,14eedbd784f43524589dcc9c848191495f337851-dirty,reddit,gcn,text,flag_bundled,faithful - two GCNConv layers plus the Eq. 6 skip,faithful,1,0,cpu,torch 2.14.0+cu130,3.12.14,Linux-5.15.0-119-generic-x86_64-with-glibc2.39,benchmark-v1,,False,4,5,False,0.2,validation_swept,0.6022225883161906,0.5430639002751418,0.5962219795212382,0.5226111677097154,0.12819253438113948,0.19506726457399104,0.15471250740960285,0.8061314662497451,0.14495122526179682,0.04361253177191426,14.89,8.23,completed,,md_K1_matched,markov_diffusion,markov_diffusion_h2_k10_t0_perhop_K1_matched_cosine,1.0,matched_cosine,results/flag_md/text/md_K1_matched,results/flag_md/text/md_K1_matched/reddit__gcn__text__s1i0__eb58682b89f6.json,Sentence-BERT of raw node text (384d),False
bfa043ee2bbf,2026-09-19T11:50:08+00:00,14eedbd784f43524589dcc9c848191495f337851-dirty,reddit,gcn,text,flag_bundled,faithful - two GCNConv layers plus the Eq. 6 skip,faithful,1,1,cpu,torch 2.14.0+cu130,3.12.14,Linux-5.15.0-119-generic-x86_64-with-glibc2.39,benchmark-v1,,False,5,5,False,0.25,validation_swept,0.6116487121450878,0.5377920722486103,0.5979669563765286,0.5244884000892277,0.13432835820895522,0.1412556053811659,0.1377049180327869,0.8390999932023656,0.1470281741415701,0.04319417795848102,14.95,8.21,completed,,md_K1_matched,markov_diffusion,markov_diffusion_h2_k10_t0_perhop_K1_matched_cosine,1.0,matched_cosine,results/flag_md/text/md_K1_matched,results/flag_md/text/md_K1_matched/reddit__gcn__text__s1i1__bfa043ee2bbf.json,Sentence-BERT of raw node text (384d),False
ec3524ff2005,2026-09-19T11:50:35+00:00,14eedbd784f43524589dcc9c848191495f337851-dirty,reddit,gcn,text,flag_bundled,faithful - two GCNConv layers plus the Eq. 6 skip,faithful,2,0,cpu,torch 2.14.0+cu130,3.12.14,Linux-5.15.0-119-generic-x86_64-with-glibc2.39,benchmark-v1,,False,4,5,False,0.2,validation_swept,0.6207596768186115,0.5498164014687883,0.6001144912271643,0.5228455290211664,0.12844036697247707,0.18834080717488788,0.15272727272727274,0.8099381415267487,0.15389401508091904,0.040991137111258485,14.92,8.2,completed,,md_K1_matched,markov_diffusion,markov_diffusion_h2_k10_t0_perhop_K1_matched_cosine,1.0,matched_cosine,results/flag_md/text/md_K1_matched,results/flag_md/text/md_K1_matched/reddit__gcn__text__s2i0__ec3524ff2005.json,Sentence-BERT of raw node text (384d),False
98d9a7df7efa,2026-09-19T11:51:02+00:00,14eedbd784f43524589dcc9c848191495f337851-dirty,reddit,gcn,text,flag_bundled,faithful - two GCNConv layers plus the Eq. 6 skip,faithful,2,1,cpu,torch 2.14.0+cu130,3.12.14,Linux-5.15.0-119-generic-x86_64-with-glibc2.39,benchmark-v1,,False,4,5,False,0.2,validation_swept,0.6127195370025499,0.5446517002310994,0.5985724699959326,0.5216339918257391,0.12664640324214793,0.18684603886397608,0.15096618357487923,0.8088505200190333,0.15220151663151898,0.04229510216270749,14.92,8.08,completed,,md_K1_matched,markov_diffusion,markov_diffusion_h2_k10_t0_perhop_K1_matched_cosine,1.0,matched_cosine,results/flag_md/text/md_K1_matched,results/flag_md/text/md_K1_matched/reddit__gcn__text__s2i1__98d9a7df7efa.json,Sentence-BERT of raw node text (384d),False
07d993d56307,2026-09-19T11:51:29+00:00,14eedbd784f43524589dcc9c848191495f337851-dirty,reddit,gcn,text,flag_bundled,faithful - two GCNConv layers plus the Eq. 6 skip,faithful,3,0,cpu,torch 2.14.0+cu130,3.12.14,Linux-5.15.0-119-generic-x86_64-with-glibc2.39,benchmark-v1,,False,5,5,False,0.2,validation_swept,0.6103057043807121,0.5407912894945088,0.5967923957616227,0.5184677880623665,0.12661023187338977,0.2571001494768311,0.16966707768187422,0.7711236489701584,0.15173798532325972,0.04850732420709184,14.74,8.06,completed,,md_K1_matched,markov_diffusion,markov_diffusion_h2_k10_t0_perhop_K1_matched_cosine,1.0,matched_cosine,results/flag_md/text/md_K1_matched,results/flag_md/text/md_K1_matched/reddit__gcn__text__s3i0__07d993d56307.json,Sentence-BERT of raw node text (384d),False
a6e7c1f6c30a,2026-09-19T11:51:55+00:00,14eedbd784f43524589dcc9c848191495f337851-dirty,reddit,gcn,text,flag_bundled,faithful - two GCNConv layers plus the Eq. 6 skip,faithful,3,1,cpu,torch 2.14.0+cu130,3.12.14,Linux-5.15.0-119-generic-x86_64-with-glibc2.39,benchmark-v1,,False,5,5,False,0.25,validation_swept,0.6131528808411885,0.5489940487161041,0.5980372349658869,0.5236953667848568,0.12973838761345435,0.18161434977578475,0.15135471815633758,0.8147644619672354,0.15199640933693115,0.04860865216088175,14.67,8.09,completed,,md_K1_matched,markov_diffusion,markov_diffusion_h2_k10_t0_perhop_K1_matched_cosine,1.0,matched_cosine,results/flag_md/text/md_K1_matched,results/flag_md/text/md_K1_matched/reddit__gcn__text__s3i1__a6e7c1f6c30a.json,Sentence-BERT of raw node text (384d),False
1f6b4a863a73,2026-09-19T10:52:19+00:00,14eedbd784f43524589dcc9c848191495f337851-dirty,reddit,geniepath,text,flag_bundled,closest to faithful - Breadth(GAT)+Depth(LSTM) preserved; matches PyG's example globals exactly. No official author repo exists.,adapted,0,0,cpu,torch 2.14.0+cu130,3.12.14,Linux-5.15.0-119-generic-x86_64-with-glibc2.39,benchmark-v1,,False,5,5,False,0.2,validation_swept,0.6272777411683809,0.5508085799314953,0.6100264269851006,0.530866467032789,0.14031620553359683,0.21225710014947682,0.16894705532421178,0.8100740942152131,0.17142755906559154,0.04430170895452579,203.92,71.51,completed,,md_K1_matched,markov_diffusion,markov_diffusion_h2_k10_t0_perhop_K1_matched_cosine,1.0,matched_cosine,results/flag_md/text/md_K1_matched,results/flag_md/text/md_K1_matched/reddit__geniepath__text__s0i0__1f6b4a863a73.json,Sentence-BERT of raw node text (384d),False
602916571369,2026-09-19T10:57:08+00:00,14eedbd784f43524589dcc9c848191495f337851-dirty,reddit,geniepath,text,flag_bundled,closest to faithful - Breadth(GAT)+Depth(LSTM) preserved; matches PyG's example globals exactly. No official author repo exists.,adapted,0,1,cpu,torch 2.14.0+cu130,3.12.14,Linux-5.15.0-119-generic-x86_64-with-glibc2.39,benchmark-v1,,False,4,5,False,0.15,validation_swept,0.6117203392258546,0.5446988732438882,0.6054057564396146,0.5266616532264418,0.13495104299702002,0.23692077727952168,0.17195551939245998,0.7924682210590714,0.1608635833060323,0.035449048972913635,204.22,73.34,completed,,md_K1_matched,markov_diffusion,markov_diffusion_h2_k10_t0_perhop_K1_matched_cosine,1.0,matched_cosine,results/flag_md/text/md_K1_matched,results/flag_md/text/md_K1_matched/reddit__geniepath__text__s0i1__602916571369.json,Sentence-BERT of raw node text (384d),False
6388808fb4a4,2026-09-19T11:01:57+00:00,14eedbd784f43524589dcc9c848191495f337851-dirty,reddit,geniepath,text,flag_bundled,closest to faithful - Breadth(GAT)+Depth(LSTM) preserved; matches PyG's example globals exactly. No official author repo exists.,adapted,1,0,cpu,torch 2.14.0+cu130,3.12.14,Linux-5.15.0-119-generic-x86_64-with-glibc2.39,benchmark-v1,,False,1,5,False,0.3,validation_swept,0.6067386757585307,0.541209607386078,0.6150606653725347,0.5350332969695919,0.16539923954372623,0.13004484304932734,0.14560669456066946,0.861192305077833,0.16682153105721242,0.09926846306881197,211.11,74.65,completed,,md_K1_matched,markov_diffusion,markov_diffusion_h2_k10_t0_perhop_K1_matched_cosine,1.0,matched_cosine,results/flag_md/text/md_K1_matched,results/flag_md/text/md_K1_matched/reddit__geniepath__text__s1i0__6388808fb4a4.json,Sentence-BERT of raw node text (384d),False
6e6faf002e87,2026-09-19T11:06:56+00:00,14eedbd784f43524589dcc9c848191495f337851-dirty,reddit,geniepath,text,flag_bundled,closest to faithful - Breadth(GAT)+Depth(LSTM) preserved; matches PyG's example globals exactly. No official author repo exists.,adapted,1,1,cpu,torch 2.14.0+cu130,3.12.14,Linux-5.15.0-119-generic-x86_64-with-glibc2.39,benchmark-v1,,False,4,5,False,0.1,validation_swept,0.6225109589433573,0.5525647551023832,0.6076170869242479,0.529486586493987,0.1383177570093458,0.22122571001494767,0.1702127659574468,0.80382027054585,0.171378266249835,0.04607491415639205,214.59,73.75,completed,,md_K1_matched,markov_diffusion,markov_diffusion_h2_k10_t0_perhop_K1_matched_cosine,1.0,matched_cosine,results/flag_md/text/md_K1_matched,results/flag_md/text/md_K1_matched/reddit__geniepath__text__s1i1__6e6faf002e87.json,Sentence-BERT of raw node text (384d),False
47ac490f1ec8,2026-09-19T11:11:57+00:00,14eedbd784f43524589dcc9c848191495f337851-dirty,reddit,geniepath,text,flag_bundled,closest to faithful - Breadth(GAT)+Depth(LSTM) preserved; matches PyG's example globals exactly. No official author repo exists.,adapted,2,0,cpu,torch 2.14.0+cu130,3.12.14,Linux-5.15.0-119-generic-x86_64-with-glibc2.39,benchmark-v1,,False,2,5,False,0.1,validation_swept,0.6131492994871501,0.5543927951134789,0.6071381306532349,0.530358928317838,0.14276358873608383,0.16292974588938713,0.15218150087260035,0.8348854598599688,0.16153462507336636,0.03823836430274553,205.84,67.15,completed,,md_K1_matched,markov_diffusion,markov_diffusion_h2_k10_t0_perhop_K1_matched_cosine,1.0,matched_cosine,results/flag_md/text/md_K1_matched,results/flag_md/text/md_K1_matched/reddit__geniepath__text__s2i0__47ac490f1ec8.json,Sentence-BERT of raw node text (384d),False
dbc5efd71253,2026-09-19T11:16:41+00:00,14eedbd784f43524589dcc9c848191495f337851-dirty,reddit,geniepath,text,flag_bundled,closest to faithful - Breadth(GAT)+Depth(LSTM) preserved; matches PyG's example globals exactly. No official author repo exists.,adapted,2,1,cpu,torch 2.14.0+cu130,3.12.14,Linux-5.15.0-119-generic-x86_64-with-glibc2.39,benchmark-v1,,False,5,5,False,0.1,validation_swept,0.6361702432455664,0.5524472249582936,0.6179024912097273,0.533209078422096,0.14431330472103004,0.20104633781763825,0.1680199875078076,0.8189110189654001,0.18467726674578105,0.053940631600676844,197.84,69.89,completed,,md_K1_matched,markov_diffusion,markov_diffusion_h2_k10_t0_perhop_K1_matched_cosine,1.0,matched_cosine,results/flag_md/text/md_K1_matched,results/flag_md/text/md_K1_matched/reddit__geniepath__text__s2i1__dbc5efd71253.json,Sentence-BERT of raw node text (384d),False
e4a18c5eb78b,2026-09-19T11:21:21+00:00,14eedbd784f43524589dcc9c848191495f337851-dirty,reddit,geniepath,text,flag_bundled,closest to faithful - Breadth(GAT)+Depth(LSTM) preserved; matches PyG's example globals exactly. No official author repo exists.,adapted,3,0,cpu,torch 2.14.0+cu130,3.12.14,Linux-5.15.0-119-generic-x86_64-with-glibc2.39,benchmark-v1,,False,4,5,False,0.35,validation_swept,0.5969078589233018,0.5361499924621076,0.5991279083739329,0.5256491822618251,0.13266911379129523,0.1890881913303438,0.15593220338983052,0.8138127931479845,0.14768395860878908,0.06932947864767716,202.62,73.93,completed,,md_K1_matched,markov_diffusion,markov_diffusion_h2_k10_t0_perhop_K1_matched_cosine,1.0,matched_cosine,results/flag_md/text/md_K1_matched,results/flag_md/text/md_K1_matched/reddit__geniepath__text__s3i0__e4a18c5eb78b.json,Sentence-BERT of raw node text (384d),False
a2bbcdcc6807,2026-09-19T11:26:09+00:00,14eedbd784f43524589dcc9c848191495f337851-dirty,reddit,geniepath,text,flag_bundled,closest to faithful - Breadth(GAT)+Depth(LSTM) preserved; matches PyG's example globals exactly. No official author repo exists.,adapted,3,1,cpu,torch 2.14.0+cu130,3.12.14,Linux-5.15.0-119-generic-x86_64-with-glibc2.39,benchmark-v1,,False,3,5,False,0.2,validation_swept,0.612196659312953,0.547757649659381,0.5948742792881759,0.5256323540193081,0.14211438474870017,0.12257100149476831,0.13162118780096307,0.8528991910815036,0.1427326014523832,0.03427198066357837,202.29,71.62,completed,,md_K1_matched,markov_diffusion,markov_diffusion_h2_k10_t0_perhop_K1_matched_cosine,1.0,matched_cosine,results/flag_md/text/md_K1_matched,results/flag_md/text/md_K1_matched/reddit__geniepath__text__s3i1__a2bbcdcc6807.json,Sentence-BERT of raw node text (384d),False
d6eedf7d1a34,2026-09-19T11:44:18+00:00,14eedbd784f43524589dcc9c848191495f337851-dirty,reddit,pmp,text,flag_bundled,"partial - fraud/benign partition present, but applied to the aggregated mean rather than per-neighbour before aggregation",adapted,0,0,cpu,torch 2.14.0+cu130,3.12.14,Linux-5.15.0-119-generic-x86_64-with-glibc2.39,benchmark-v1,,False,5,5,False,0.25,validation_swept,0.6188615591782942,0.5448498724930735,0.6020594337227912,0.5260362132441001,0.14593077642656688,0.11659192825112108,0.12962193601994185,0.857589558833526,0.14604198250116218,0.051317744513727157,19.67,9.49,completed,,md_K1_matched,markov_diffusion,markov_diffusion_h2_k10_t0_perhop_K1_matched_cosine,1.0,matched_cosine,results/flag_md/text/md_K1_matched,results/flag_md/text/md_K1_matched/reddit__pmp__text__s0i0__d6eedf7d1a34.json,Sentence-BERT of raw node text (384d),False
fdc14abafa00,2026-09-19T11:44:53+00:00,14eedbd784f43524589dcc9c848191495f337851-dirty,reddit,pmp,text,flag_bundled,"partial - fraud/benign partition present, but applied to the aggregated mean rather than per-neighbour before aggregation",adapted,0,1,cpu,torch 2.14.0+cu130,3.12.14,Linux-5.15.0-119-generic-x86_64-with-glibc2.39,benchmark-v1,,False,5,5,False,0.2,validation_swept,0.6055926424662637,0.528604385617412,0.5906229415918137,0.5247858053023128,0.13266583229036297,0.15844544095665172,0.1444141689373297,0.8292434232886955,0.13740730072429141,0.0517225346463113,19.12,9.52,completed,,md_K1_matched,markov_diffusion,markov_diffusion_h2_k10_t0_perhop_K1_matched_cosine,1.0,matched_cosine,results/flag_md/text/md_K1_matched,results/flag_md/text/md_K1_matched/reddit__pmp__text__s0i1__fdc14abafa00.json,Sentence-BERT of raw node text (384d),False
eb7003b9443e,2026-09-19T11:45:25+00:00,14eedbd784f43524589dcc9c848191495f337851-dirty,reddit,pmp,text,flag_bundled,"partial - fraud/benign partition present, but applied to the aggregated mean rather than per-neighbour before aggregation",adapted,1,0,cpu,torch 2.14.0+cu130,3.12.14,Linux-5.15.0-119-generic-x86_64-with-glibc2.39,benchmark-v1,,False,5,5,False,0.15,validation_swept,0.6253652981119102,0.537275341480949,0.6089829506098281,0.5290680504689509,0.13766359670382938,0.21225710014947682,0.16700970302852103,0.807423016790157,0.16137920180735849,0.05475073739571787,18.32,9.37,completed,,md_K1_matched,markov_diffusion,markov_diffusion_h2_k10_t0_perhop_K1_matched_cosine,1.0,matched_cosine,results/flag_md/text/md_K1_matched,results/flag_md/text/md_K1_matched/reddit__pmp__text__s1i0__eb7003b9443e.json,Sentence-BERT of raw node text (384d),False
f26446f7172a,2026-09-19T11:45:57+00:00,14eedbd784f43524589dcc9c848191495f337851-dirty,reddit,pmp,text,flag_bundled,"partial - fraud/benign partition present, but applied to the aggregated mean rather than per-neighbour before aggregation",adapted,1,1,cpu,torch 2.14.0+cu130,3.12.14,Linux-5.15.0-119-generic-x86_64-with-glibc2.39,benchmark-v1,,False,3,5,False,0.1,validation_swept,0.6302538463742372,0.5373013876163666,0.6172191541822272,0.5275101399823302,0.1436734693877551,0.13153961136023917,0.13733905579399142,0.8497043029025899,0.18731683555324258,0.05567964566919726,19.29,9.62,completed,,md_K1_matched,markov_diffusion,markov_diffusion_h2_k10_t0_perhop_K1_matched_cosine,1.0,matched_cosine,results/flag_md/text/md_K1_matched,results/flag_md/text/md_K1_matched/reddit__pmp__text__s1i1__f26446f7172a.json,Sentence-BERT of raw node text (384d),False
b20e3d318279,2026-09-19T11:46:30+00:00,14eedbd784f43524589dcc9c848191495f337851-dirty,reddit,pmp,text,flag_bundled,"partial - fraud/benign partition present, but applied to the aggregated mean rather than per-neighbour before aggregation",adapted,2,0,cpu,torch 2.14.0+cu130,3.12.14,Linux-5.15.0-119-generic-x86_64-with-glibc2.39,benchmark-v1,,False,4,5,False,0.15,validation_swept,0.6439059679683694,0.5434555748318773,0.6102460370979296,0.5225856500467899,0.12814194184327254,0.19431988041853512,0.15444015444015444,0.8064713479709061,0.17464142829789897,0.04318847439641536,19.55,9.6,completed,,md_K1_matched,markov_diffusion,markov_diffusion_h2_k10_t0_perhop_K1_matched_cosine,1.0,matched_cosine,results/flag_md/text/md_K1_matched,results/flag_md/text/md_K1_matched/reddit__pmp__text__s2i0__b20e3d318279.json,Sentence-BERT of raw node text (384d),False
0a0e09f493df,2026-09-19T11:47:03+00:00,14eedbd784f43524589dcc9c848191495f337851-dirty,reddit,pmp,text,flag_bundled,"partial - fraud/benign partition present, but applied to the aggregated mean rather than per-neighbour before aggregation",adapted,2,1,cpu,torch 2.14.0+cu130,3.12.14,Linux-5.15.0-119-generic-x86_64-with-glibc2.39,benchmark-v1,,False,4,5,False,0.15,validation_swept,0.6324348909835831,0.5377920722486103,0.6099353023410063,0.5237025036230419,0.13115802943058222,0.1532137518684604,0.1413305756635643,0.8306709265175719,0.16922067164088184,0.05123868557052025,19.19,9.46,completed,,md_K1_matched,markov_diffusion,markov_diffusion_h2_k10_t0_perhop_K1_matched_cosine,1.0,matched_cosine,results/flag_md/text/md_K1_matched,results/flag_md/text/md_K1_matched/reddit__pmp__text__s2i1__0a0e09f493df.json,Sentence-BERT of raw node text (384d),False
b763ecfea6d8,2026-09-19T11:47:36+00:00,14eedbd784f43524589dcc9c848191495f337851-dirty,reddit,pmp,text,flag_bundled,"partial - fraud/benign partition present, but applied to the aggregated mean rather than per-neighbour before aggregation",adapted,3,0,cpu,torch 2.14.0+cu130,3.12.14,Linux-5.15.0-119-generic-x86_64-with-glibc2.39,benchmark-v1,,False,2,5,False,0.2,validation_swept,0.6265757957768674,0.5391738950846758,0.6161991226325897,0.5278883450033828,0.13594581519109822,0.2100149476831091,0.16505139500734214,0.8067432533478349,0.17625758435917716,0.03100239812806084,19.17,9.51,completed,,md_K1_matched,markov_diffusion,markov_diffusion_h2_k10_t0_perhop_K1_matched_cosine,1.0,matched_cosine,results/flag_md/text/md_K1_matched,results/flag_md/text/md_K1_matched/reddit__pmp__text__s3i0__b763ecfea6d8.json,Sentence-BERT of raw node text (384d),False
882afe01d2b1,2026-09-19T11:48:08+00:00,14eedbd784f43524589dcc9c848191495f337851-dirty,reddit,pmp,text,flag_bundled,"partial - fraud/benign partition present, but applied to the aggregated mean rather than per-neighbour before aggregation",adapted,3,1,cpu,torch 2.14.0+cu130,3.12.14,Linux-5.15.0-119-generic-x86_64-with-glibc2.39,benchmark-v1,,False,1,5,False,0.15,validation_swept,0.6180700799358221,0.5373594727394895,0.5993402531057548,0.5174386748260965,0.13369565217391305,0.09192825112107623,0.10894596988485385,0.8632315954047991,0.1578004427858511,0.02986102822352981,19.21,9.41,completed,,md_K1_matched,markov_diffusion,markov_diffusion_h2_k10_t0_perhop_K1_matched_cosine,1.0,matched_cosine,results/flag_md/text/md_K1_matched,results/flag_md/text/md_K1_matched/reddit__pmp__text__s3i1__882afe01d2b1.json,Sentence-BERT of raw node text (384d),False
9dab26ff3541,2026-09-19T11:35:05+00:00,14eedbd784f43524589dcc9c848191495f337851-dirty,instagram,bwgnn,text,flag_bundled,"beta-wavelet basis NOT applied - the polynomial is evaluated over raw adjacency A, not the normalised Laplacian, so it is not a beta wavelet. Theta coefficients themselves are correct.",approximation,0,0,cpu,torch 2.14.0+cu130,3.12.14,Linux-5.15.0-119-generic-x86_64-with-glibc2.39,benchmark-v1,,False,2,5,False,0.15,validation_swept,0.6017813173284088,0.547178672869188,0.5890499096035727,0.5384058969749754,0.18469656992084432,0.12110726643598616,0.14629049111807732,0.8715004718464926,0.14671280276816606,0.019430402977747754,9.6,4.49,completed,,md_K2_matched,markov_diffusion,markov_diffusion_h2_k10_t0_perhop_K2_matched_cosine,2.0,matched_cosine,results/flag_md/text/md_K2_matched,results/flag_md/text/md_K2_matched/instagram__bwgnn__text__s0i0__9dab26ff3541.json,Sentence-BERT of raw node text (384d),False
577343a90273,2026-09-19T11:35:23+00:00,14eedbd784f43524589dcc9c848191495f337851-dirty,instagram,bwgnn,text,flag_bundled,"beta-wavelet basis NOT applied - the polynomial is evaluated over raw adjacency A, not the normalised Laplacian, so it is not a beta wavelet. Theta coefficients themselves are correct.",approximation,0,1,cpu,torch 2.14.0+cu130,3.12.14,Linux-5.15.0-119-generic-x86_64-with-glibc2.39,benchmark-v1,,False,4,5,False,0.15,validation_swept,0.6110918744228994,0.5593229824962339,0.5750559739466721,0.5370782894809973,0.15339233038348082,0.17993079584775087,0.16560509554140126,0.8351682919156967,0.1181660899653979,0.0256424073495947,9.21,4.52,completed,,md_K2_matched,markov_diffusion,markov_diffusion_h2_k10_t0_perhop_K2_matched_cosine,2.0,matched_cosine,results/flag_md/text/md_K2_matched,results/flag_md/text/md_K2_matched/instagram__bwgnn__text__s0i1__577343a90273.json,Sentence-BERT of raw node text (384d),False
7ec8e363fe64,2026-09-19T11:35:39+00:00,14eedbd784f43524589dcc9c848191495f337851-dirty,instagram,bwgnn,text,flag_bundled,"beta-wavelet basis NOT applied - the polynomial is evaluated over raw adjacency A, not the normalised Laplacian, so it is not a beta wavelet. Theta coefficients themselves are correct.",approximation,1,0,cpu,torch 2.14.0+cu130,3.12.14,Linux-5.15.0-119-generic-x86_64-with-glibc2.39,benchmark-v1,,False,1,5,False,0.15,validation_swept,0.657356109572176,0.5673024523160763,0.5874558494270902,0.5335483133934076,0.16,0.1314878892733564,0.144349477682811,0.8582887700534759,0.14740484429065748,0.018339820556033854,9.35,4.5,completed,,md_K2_matched,markov_diffusion,markov_diffusion_h2_k10_t0_perhop_K2_matched_cosine,2.0,matched_cosine,results/flag_md/text/md_K2_matched,results/flag_md/text/md_K2_matched/instagram__bwgnn__text__s1i0__7ec8e363fe64.json,Sentence-BERT of raw node text (384d),False
42a50d86cdc4,2026-09-19T11:35:55+00:00,14eedbd784f43524589dcc9c848191495f337851-dirty,instagram,bwgnn,text,flag_bundled,"beta-wavelet basis NOT applied - the polynomial is evaluated over raw adjacency A, not the normalised Laplacian, so it is not a beta wavelet. Theta coefficients themselves are correct.",approximation,1,1,cpu,torch 2.14.0+cu130,3.12.14,Linux-5.15.0-119-generic-x86_64-with-glibc2.39,benchmark-v1,,False,1,5,False,0.15,validation_swept,0.6483725761772852,0.5594213178804537,0.581373097783791,0.5414054807302676,0.18581907090464547,0.1314878892733564,0.1540020263424519,0.8686693928908462,0.1422145328719724,0.01866658232871332,8.74,4.25,completed,,md_K2_matched,markov_diffusion,markov_diffusion_h2_k10_t0_perhop_K2_matched_cosine,2.0,matched_cosine,results/flag_md/text/md_K2_matched,results/flag_md/text/md_K2_matched/instagram__bwgnn__text__s1i1__42a50d86cdc4.json,Sentence-BERT of raw node text (384d),False
2e3c84a872e6,2026-09-19T11:36:09+00:00,14eedbd784f43524589dcc9c848191495f337851-dirty,instagram,bwgnn,text,flag_bundled,"beta-wavelet basis NOT applied - the polynomial is evaluated over raw adjacency A, not the normalised Laplacian, so it is not a beta wavelet. Theta coefficients themselves are correct.",approximation,2,0,cpu,torch 2.14.0+cu130,3.12.14,Linux-5.15.0-119-generic-x86_64-with-glibc2.39,benchmark-v1,,False,1,5,False,0.2,validation_swept,0.6219221298861188,0.5612003702051442,0.5976984830162474,0.527305770104498,0.21674876847290642,0.07612456747404844,0.11267605633802817,0.8910034602076125,0.1574394463667821,0.014413925671300216,9.71,4.52,completed,,md_K2_matched,markov_diffusion,markov_diffusion_h2_k10_t0_perhop_K2_matched_cosine,2.0,matched_cosine,results/flag_md/text/md_K2_matched,results/flag_md/text/md_K2_matched/instagram__bwgnn__text__s2i0__2e3c84a872e6.json,Sentence-BERT of raw node text (384d),False
5007abf6d69c,2026-09-19T11:36:25+00:00,14eedbd784f43524589dcc9c848191495f337851-dirty,instagram,bwgnn,text,flag_bundled,"beta-wavelet basis NOT applied - the polynomial is evaluated over raw adjacency A, not the normalised Laplacian, so it is not a beta wavelet. Theta coefficients themselves are correct.",approximation,2,1,cpu,torch 2.14.0+cu130,3.12.14,Linux-5.15.0-119-generic-x86_64-with-glibc2.39,benchmark-v1,,False,1,5,False,0.15,validation_swept,0.6067059095106186,0.5412531248033591,0.5952874127464949,0.5426649023431455,0.19230769230769232,0.12975778546712802,0.15495867768595042,0.8713431896822901,0.1557093425605537,0.010529215528168922,9.5,4.72,completed,,md_K2_matched,markov_diffusion,markov_diffusion_h2_k10_t0_perhop_K2_matched_cosine,2.0,matched_cosine,results/flag_md/text/md_K2_matched,results/flag_md/text/md_K2_matched/instagram__bwgnn__text__s2i1__5007abf6d69c.json,Sentence-BERT of raw node text (384d),False
a87952f0a3e2,2026-09-19T11:36:41+00:00,14eedbd784f43524589dcc9c848191495f337851-dirty,instagram,bwgnn,text,flag_bundled,"beta-wavelet basis NOT applied - the polynomial is evaluated over raw adjacency A, not the normalised Laplacian, so it is not a beta wavelet. Theta coefficients themselves are correct.",approximation,3,0,cpu,torch 2.14.0+cu130,3.12.14,Linux-5.15.0-119-generic-x86_64-with-glibc2.39,benchmark-v1,,False,1,5,False,0.15,validation_swept,0.5975684826100338,0.5549599045478509,0.5867862573484514,0.5350866502547104,0.17067307692307693,0.12283737024221453,0.14285714285714285,0.8659955960994024,0.14653979238754328,0.013105070931510638,9.55,4.47,completed,,md_K2_matched,markov_diffusion,markov_diffusion_h2_k10_t0_perhop_K2_matched_cosine,2.0,matched_cosine,results/flag_md/text/md_K2_matched,results/flag_md/text/md_K2_matched/instagram__bwgnn__text__s3i0__a87952f0a3e2.json,Sentence-BERT of raw node text (384d),False
e31e3594aef1,2026-09-19T11:36:57+00:00,14eedbd784f43524589dcc9c848191495f337851-dirty,instagram,bwgnn,text,flag_bundled,"beta-wavelet basis NOT applied - the polynomial is evaluated over raw adjacency A, not the normalised Laplacian, so it is not a beta wavelet. Theta coefficients themselves are correct.",approximation,3,1,cpu,torch 2.14.0+cu130,3.12.14,Linux-5.15.0-119-generic-x86_64-with-glibc2.39,benchmark-v1,,False,1,5,False,0.1,validation_swept,0.6003385657125269,0.5372960372960374,0.5856631865039931,0.5352065822870413,0.1603960396039604,0.14013840830449828,0.14958448753462603,0.8551431267694244,0.13961937716262973,0.030257958982968326,9.58,4.57,completed,,md_K2_matched,markov_diffusion,markov_diffusion_h2_k10_t0_perhop_K2_matched_cosine,2.0,matched_cosine,results/flag_md/text/md_K2_matched,results/flag_md/text/md_K2_matched/instagram__bwgnn__text__s3i1__e31e3594aef1.json,Sentence-BERT of raw node text (384d),False
ec0140dd1ccc,2026-09-19T11:18:07+00:00,14eedbd784f43524589dcc9c848191495f337851-dirty,instagram,care_gnn,text,flag_bundled,"NOT CARE-GNN - no RL neighbour filtering, no label-aware similarity, no multi-relation aggregation. A similarity-gated mean aggregator.",approximation,0,0,cpu,torch 2.14.0+cu130,3.12.14,Linux-5.15.0-119-generic-x86_64-with-glibc2.39,benchmark-v1,,False,1,5,False,0.1,validation_swept,0.6600300092336103,0.5697505777352777,0.6105082853414111,0.5412988726973997,0.15509039010466222,0.2820069204152249,0.20012277470841006,0.795061340044039,0.19325259515570936,0.0168092142738995,12.26,5.53,completed,,md_K2_matched,markov_diffusion,markov_diffusion_h2_k10_t0_perhop_K2_matched_cosine,2.0,matched_cosine,results/flag_md/text/md_K2_matched,results/flag_md/text/md_K2_matched/instagram__care_gnn__text__s0i0__ec0140dd1ccc.json,Sentence-BERT of raw node text (384d),False
fa02e4168ac7,2026-09-19T11:18:29+00:00,14eedbd784f43524589dcc9c848191495f337851-dirty,instagram,care_gnn,text,flag_bundled,"NOT CARE-GNN - no RL neighbour filtering, no label-aware similarity, no multi-relation aggregation. A similarity-gated mean aggregator.",approximation,0,1,cpu,torch 2.14.0+cu130,3.12.14,Linux-5.15.0-119-generic-x86_64-with-glibc2.39,benchmark-v1,,False,1,5,False,0.1,validation_swept,0.6763427208371806,0.5750975305868176,0.6108516121693945,0.5408979949314252,0.1544885177453027,0.2560553633217993,0.19270833333333334,0.8049701163888016,0.18131487889273357,0.013610075456425664,11.38,5.52,completed,,md_K2_matched,markov_diffusion,markov_diffusion_h2_k10_t0_perhop_K2_matched_cosine,2.0,matched_cosine,results/flag_md/text/md_K2_matched,results/flag_md/text/md_K2_matched/instagram__care_gnn__text__s0i1__fa02e4168ac7.json,Sentence-BERT of raw node text (384d),False
798d15690a68,2026-09-19T11:18:48+00:00,14eedbd784f43524589dcc9c848191495f337851-dirty,instagram,care_gnn,text,flag_bundled,"NOT CARE-GNN - no RL neighbour filtering, no label-aware similarity, no multi-relation aggregation. A similarity-gated mean aggregator.",approximation,1,0,cpu,torch 2.14.0+cu130,3.12.14,Linux-5.15.0-119-generic-x86_64-with-glibc2.39,benchmark-v1,,False,1,5,False,0.15,validation_swept,0.6491228070175439,0.5919960731980427,0.613244573221106,0.5394110635251937,0.15239043824701196,0.2647058823529412,0.1934260429835651,0.7993079584775087,0.197923875432526,0.028551710355287464,11.5,5.42,completed,,md_K2_matched,markov_diffusion,markov_diffusion_h2_k10_t0_perhop_K2_matched_cosine,2.0,matched_cosine,results/flag_md/text/md_K2_matched,results/flag_md/text/md_K2_matched/instagram__care_gnn__text__s1i0__798d15690a68.json,Sentence-BERT of raw node text (384d),False
584a03f2a0d0,2026-09-19T11:19:06+00:00,14eedbd784f43524589dcc9c848191495f337851-dirty,instagram,care_gnn,text,flag_bundled,"NOT CARE-GNN - no RL neighbour filtering, no label-aware similarity, no multi-relation aggregation. A similarity-gated mean aggregator.",approximation,1,1,cpu,torch 2.14.0+cu130,3.12.14,Linux-5.15.0-119-generic-x86_64-with-glibc2.39,benchmark-v1,,False,1,5,False,0.15,validation_swept,0.6511811326562018,0.5758110446166439,0.6133423031333437,0.5393110969418162,0.15543328748280605,0.19550173010380623,0.1731800766283525,0.8302925448254168,0.19809688581314877,0.02041348392280365,11.53,5.45,completed,,md_K2_matched,markov_diffusion,markov_diffusion_h2_k10_t0_perhop_K2_matched_cosine,2.0,matched_cosine,results/flag_md/text/md_K2_matched,results/flag_md/text/md_K2_matched/instagram__care_gnn__text__s1i1__584a03f2a0d0.json,Sentence-BERT of raw node text (384d),False
fa1c6bad4595,2026-09-19T11:19:26+00:00,14eedbd784f43524589dcc9c848191495f337851-dirty,instagram,care_gnn,text,flag_bundled,"NOT CARE-GNN - no RL neighbour filtering, no label-aware similarity, no multi-relation aggregation. A similarity-gated mean aggregator.",approximation,2,0,cpu,torch 2.14.0+cu130,3.12.14,Linux-5.15.0-119-generic-x86_64-with-glibc2.39,benchmark-v1,,False,1,5,False,0.1,validation_swept,0.6618959679901508,0.5813362889948239,0.6104732642090014,0.5416780759401242,0.15651438240270726,0.32006920415224915,0.21022727272727273,0.7813777917584146,0.19636678200692043,0.01434177147724329,11.47,5.56,completed,,md_K2_matched,markov_diffusion,markov_diffusion_h2_k10_t0_perhop_K2_matched_cosine,2.0,matched_cosine,results/flag_md/text/md_K2_matched,results/flag_md/text/md_K2_matched/instagram__care_gnn__text__s2i0__fa1c6bad4595.json,Sentence-BERT of raw node text (384d),False
0cdfb3c6fc3f,2026-09-19T11:19:45+00:00,14eedbd784f43524589dcc9c848191495f337851-dirty,instagram,care_gnn,text,flag_bundled,"NOT CARE-GNN - no RL neighbour filtering, no label-aware similarity, no multi-relation aggregation. A similarity-gated mean aggregator.",approximation,2,1,cpu,torch 2.14.0+cu130,3.12.14,Linux-5.15.0-119-generic-x86_64-with-glibc2.39,benchmark-v1,,False,2,5,False,0.15,validation_swept,0.6498922745460142,0.5758547008547008,0.6121836125046396,0.5435120065601141,0.15811088295687886,0.2664359861591695,0.19845360824742267,0.8043409877319911,0.19619377162629764,0.01792306247184575,11.67,5.55,completed,,md_K2_matched,markov_diffusion,markov_diffusion_h2_k10_t0_perhop_K2_matched_cosine,2.0,matched_cosine,results/flag_md/text/md_K2_matched,results/flag_md/text/md_K2_matched/instagram__care_gnn__text__s2i1__0cdfb3c6fc3f.json,Sentence-BERT of raw node text (384d),False
09c7588db0aa,2026-09-19T11:20:04+00:00,14eedbd784f43524589dcc9c848191495f337851-dirty,instagram,care_gnn,text,flag_bundled,"NOT CARE-GNN - no RL neighbour filtering, no label-aware similarity, no multi-relation aggregation. A similarity-gated mean aggregator.",approximation,3,0,cpu,torch 2.14.0+cu130,3.12.14,Linux-5.15.0-119-generic-x86_64-with-glibc2.39,benchmark-v1,,False,3,5,False,0.2,validation_swept,0.6145063865804863,0.5810910625725441,0.598861214544845,0.5445977567328096,0.17422867513611615,0.16608996539792387,0.17006200177147918,0.852626612142183,0.1662629757785467,0.0297728699534433,11.55,5.49,completed,,md_K2_matched,markov_diffusion,markov_diffusion_h2_k10_t0_perhop_K2_matched_cosine,2.0,matched_cosine,results/flag_md/text/md_K2_matched,results/flag_md/text/md_K2_matched/instagram__care_gnn__text__s3i0__09c7588db0aa.json,Sentence-BERT of raw node text (384d),False
2d6d2f7307c4,2026-09-19T11:20:23+00:00,14eedbd784f43524589dcc9c848191495f337851-dirty,instagram,care_gnn,text,flag_bundled,"NOT CARE-GNN - no RL neighbour filtering, no label-aware similarity, no multi-relation aggregation. A similarity-gated mean aggregator.",approximation,3,1,cpu,torch 2.14.0+cu130,3.12.14,Linux-5.15.0-119-generic-x86_64-with-glibc2.39,benchmark-v1,,False,2,5,False,0.1,validation_swept,0.6514312096029548,0.5760329131652661,0.6117111265430251,0.5459608724228426,0.16292798110979928,0.23875432525951557,0.1936842105263158,0.8192827933312362,0.18771626297577854,0.0278321381555193,11.4,5.43,completed,,md_K2_matched,markov_diffusion,markov_diffusion_h2_k10_t0_perhop_K2_matched_cosine,2.0,matched_cosine,results/flag_md/text/md_K2_matched,results/flag_md/text/md_K2_matched/instagram__care_gnn__text__s3i1__2d6d2f7307c4.json,Sentence-BERT of raw node text (384d),False
2803559db824,2026-09-19T11:39:32+00:00,14eedbd784f43524589dcc9c848191495f337851-dirty,instagram,dga_gnn,text,flag_bundled,"NOT DGA-GNN - no decision-tree dynamic grouping, no bidirectional grouped aggregation. GraphSAGE-mean.",approximation,0,0,cpu,torch 2.14.0+cu130,3.12.14,Linux-5.15.0-119-generic-x86_64-with-glibc2.39,benchmark-v1,,False,3,5,False,0.15,validation_swept,0.623807325330871,0.5852117018361195,0.6063017085523401,0.5388350394057433,0.1524609843937575,0.21972318339100347,0.18001417434443656,0.8180245360176156,0.18269896193771623,0.013920054442011049,8.52,3.73,completed,,md_K2_matched,markov_diffusion,markov_diffusion_h2_k10_t0_perhop_K2_matched_cosine,2.0,matched_cosine,results/flag_md/text/md_K2_matched,results/flag_md/text/md_K2_matched/instagram__dga_gnn__text__s0i0__2803559db824.json,Sentence-BERT of raw node text (384d),False
8a5690c6156e,2026-09-19T11:39:48+00:00,14eedbd784f43524589dcc9c848191495f337851-dirty,instagram,dga_gnn,text,flag_bundled,"NOT DGA-GNN - no decision-tree dynamic grouping, no bidirectional grouped aggregation. GraphSAGE-mean.",approximation,0,1,cpu,torch 2.14.0+cu130,3.12.14,Linux-5.15.0-119-generic-x86_64-with-glibc2.39,benchmark-v1,,False,5,5,False,0.15,validation_swept,0.5870652508464143,0.5489297756927136,0.5953456316375523,0.5507760377736737,0.17433751743375175,0.21626297577854672,0.19305019305019305,0.8356401384083045,0.1603806228373702,0.015861276435669036,8.5,3.69,completed,,md_K2_matched,markov_diffusion,markov_diffusion_h2_k10_t0_perhop_K2_matched_cosine,2.0,matched_cosine,results/flag_md/text/md_K2_matched,results/flag_md/text/md_K2_matched/instagram__dga_gnn__text__s0i1__8a5690c6156e.json,Sentence-BERT of raw node text (384d),False
b03965987824,2026-09-19T11:40:02+00:00,14eedbd784f43524589dcc9c848191495f337851-dirty,instagram,dga_gnn,text,flag_bundled,"NOT DGA-GNN - no decision-tree dynamic grouping, no bidirectional grouped aggregation. GraphSAGE-mean.",approximation,1,0,cpu,torch 2.14.0+cu130,3.12.14,Linux-5.15.0-119-generic-x86_64-with-glibc2.39,benchmark-v1,,False,1,5,False,0.2,validation_swept,0.6226531240381656,0.5572098787288661,0.6129748805689588,0.5323302665081293,0.14537444933920704,0.17128027681660898,0.1572676727561557,0.8331236237810632,0.19359861591695504,0.028298724094096957,8.88,3.72,completed,,md_K2_matched,markov_diffusion,markov_diffusion_h2_k10_t0_perhop_K2_matched_cosine,2.0,matched_cosine,results/flag_md/text/md_K2_matched,results/flag_md/text/md_K2_matched/instagram__dga_gnn__text__s1i0__b03965987824.json,Sentence-BERT of raw node text (384d),False
f7493b53f832,2026-09-19T11:40:16+00:00,14eedbd784f43524589dcc9c848191495f337851-dirty,instagram,dga_gnn,text,flag_bundled,"NOT DGA-GNN - no decision-tree dynamic grouping, no bidirectional grouped aggregation. GraphSAGE-mean.",approximation,1,1,cpu,torch 2.14.0+cu130,3.12.14,Linux-5.15.0-119-generic-x86_64-with-glibc2.39,benchmark-v1,,False,5,5,False,0.15,validation_swept,0.5937788550323176,0.5646929824561403,0.6049155302259311,0.5478844230075802,0.17189835575485798,0.19896193771626297,0.18444266238973536,0.8400440390059767,0.17664359861591694,0.0108763369836778,14.07,3.95,completed,,md_K2_matched,markov_diffusion,markov_diffusion_h2_k10_t0_perhop_K2_matched_cosine,2.0,matched_cosine,results/flag_md/text/md_K2_matched,results/flag_md/text/md_K2_matched/instagram__dga_gnn__text__s1i1__f7493b53f832.json,Sentence-BERT of raw node text (384d),False
7839c447b4b5,2026-09-19T11:40:37+00:00,14eedbd784f43524589dcc9c848191495f337851-dirty,instagram,dga_gnn,text,flag_bundled,"NOT DGA-GNN - no decision-tree dynamic grouping, no bidirectional grouped aggregation. GraphSAGE-mean.",approximation,2,0,cpu,torch 2.14.0+cu130,3.12.14,Linux-5.15.0-119-generic-x86_64-with-glibc2.39,benchmark-v1,,False,1,5,False,0.2,validation_swept,0.628251000307787,0.568505414419001,0.6159138120951616,0.5359647813122544,0.15947467166979362,0.14705882352941177,0.15301530153015303,0.8519974834853727,0.19134948096885812,0.03336061312213245,8.87,3.85,completed,,md_K2_matched,markov_diffusion,markov_diffusion_h2_k10_t0_perhop_K2_matched_cosine,2.0,matched_cosine,results/flag_md/text/md_K2_matched,results/flag_md/text/md_K2_matched/instagram__dga_gnn__text__s2i0__7839c447b4b5.json,Sentence-BERT of raw node text (384d),False
533a1a468df9,2026-09-19T11:40:52+00:00,14eedbd784f43524589dcc9c848191495f337851-dirty,instagram,dga_gnn,text,flag_bundled,"NOT DGA-GNN - no decision-tree dynamic grouping, no bidirectional grouped aggregation. GraphSAGE-mean.",approximation,2,1,cpu,torch 2.14.0+cu130,3.12.14,Linux-5.15.0-119-generic-x86_64-with-glibc2.39,benchmark-v1,,False,5,5,False,0.1,validation_swept,0.5962219144352108,0.5793903048475763,0.5895289807353838,0.5401911024705203,0.15875370919881307,0.185121107266436,0.17092651757188498,0.8367411135577225,0.15968858131487895,0.04238425040586896,8.9,3.81,completed,,md_K2_matched,markov_diffusion,markov_diffusion_h2_k10_t0_perhop_K2_matched_cosine,2.0,matched_cosine,results/flag_md/text/md_K2_matched,results/flag_md/text/md_K2_matched/instagram__dga_gnn__text__s2i1__533a1a468df9.json,Sentence-BERT of raw node text (384d),False
f7415c31f180,2026-09-19T11:41:07+00:00,14eedbd784f43524589dcc9c848191495f337851-dirty,instagram,dga_gnn,text,flag_bundled,"NOT DGA-GNN - no decision-tree dynamic grouping, no bidirectional grouped aggregation. GraphSAGE-mean.",approximation,3,0,cpu,torch 2.14.0+cu130,3.12.14,Linux-5.15.0-119-generic-x86_64-with-glibc2.39,benchmark-v1,,False,2,5,False,0.1,validation_swept,0.6302131425053863,0.5765909890284444,0.6083622681720764,0.5411400051084158,0.15477386934673368,0.2664359861591695,0.1958041958041958,0.801038062283737,0.16262975778546718,0.02704753503513927,12.36,3.81,completed,,md_K2_matched,markov_diffusion,markov_diffusion_h2_k10_t0_perhop_K2_matched_cosine,2.0,matched_cosine,results/flag_md/text/md_K2_matched,results/flag_md/text/md_K2_matched/instagram__dga_gnn__text__s3i0__f7415c31f180.json,Sentence-BERT of raw node text (384d),False
5f081ca7ffd8,2026-09-19T11:41:25+00:00,14eedbd784f43524589dcc9c848191495f337851-dirty,instagram,dga_gnn,text,flag_bundled,"NOT DGA-GNN - no decision-tree dynamic grouping, no bidirectional grouped aggregation. GraphSAGE-mean.",approximation,3,1,cpu,torch 2.14.0+cu130,3.12.14,Linux-5.15.0-119-generic-x86_64-with-glibc2.39,benchmark-v1,,False,1,5,False,0.15,validation_swept,0.6298284087411512,0.5646929824561404,0.615806354090588,0.5363961120044869,0.15120810600155885,0.3356401384083045,0.20849005910800644,0.7683233721296006,0.16955017301038067,0.031355901076667865,9.02,3.64,completed,,md_K2_matched,markov_diffusion,markov_diffusion_h2_k10_t0_perhop_K2_matched_cosine,2.0,matched_cosine,results/flag_md/text/md_K2_matched,results/flag_md/text/md_K2_matched/instagram__dga_gnn__text__s3i1__5f081ca7ffd8.json,Sentence-BERT of raw node text (384d),False
3a1b2255accc,2026-09-19T11:30:19+00:00,14eedbd784f43524589dcc9c848191495f337851-dirty,instagram,gat,text,flag_bundled,"NOT canonical GAT - conv2 is a SAGEConv, not a GATConv, so the second layer performs no attention",adapted,0,0,cpu,torch 2.14.0+cu130,3.12.14,Linux-5.15.0-119-generic-x86_64-with-glibc2.39,benchmark-v1,,False,1,5,False,0.1,validation_swept,0.6786703601108033,0.58011634056055,0.6313264029405778,0.5413451450688409,0.17536534446764093,0.1453287197231834,0.15894039735099338,0.8601761560239068,0.20916955017301037,0.04694932672631941,12.75,5.24,completed,,md_K2_matched,markov_diffusion,markov_diffusion_h2_k10_t0_perhop_K2_matched_cosine,2.0,matched_cosine,results/flag_md/text/md_K2_matched,results/flag_md/text/md_K2_matched/instagram__gat__text__s0i0__3a1b2255accc.json,Sentence-BERT of raw node text (384d),False
7a6a30d483dd,2026-09-19T11:30:41+00:00,14eedbd784f43524589dcc9c848191495f337851-dirty,instagram,gat,text,flag_bundled,"NOT canonical GAT - conv2 is a SAGEConv, not a GATConv, so the second layer performs no attention",adapted,0,1,cpu,torch 2.14.0+cu130,3.12.14,Linux-5.15.0-119-generic-x86_64-with-glibc2.39,benchmark-v1,,False,2,5,False,0.15,validation_swept,0.6480070791012619,0.5875324675324676,0.6166625758791202,0.5449771360264257,0.1684867394695788,0.18685121107266436,0.17719442165709598,0.8422459893048129,0.19065743944636682,0.010541352524107744,12.26,5.25,completed,,md_K2_matched,markov_diffusion,markov_diffusion_h2_k10_t0_perhop_K2_matched_cosine,2.0,matched_cosine,results/flag_md/text/md_K2_matched,results/flag_md/text/md_K2_matched/instagram__gat__text__s0i1__7a6a30d483dd.json,Sentence-BERT of raw node text (384d),False
75de921a4c7a,2026-09-19T11:31:00+00:00,14eedbd784f43524589dcc9c848191495f337851-dirty,instagram,gat,text,flag_bundled,"NOT canonical GAT - conv2 is a SAGEConv, not a GATConv, so the second layer performs no attention",adapted,1,0,cpu,torch 2.14.0+cu130,3.12.14,Linux-5.15.0-119-generic-x86_64-with-glibc2.39,benchmark-v1,,False,5,5,False,0.1,validation_swept,0.5858148661126501,0.5662667684134589,0.5985792495300583,0.5488903330704598,0.16666666666666666,0.25432525951557095,0.20136986301369864,0.8166089965397924,0.1775086505190312,0.046722079190585124,12.33,5.26,completed,,md_K2_matched,markov_diffusion,markov_diffusion_h2_k10_t0_perhop_K2_matched_cosine,2.0,matched_cosine,results/flag_md/text/md_K2_matched,results/flag_md/text/md_K2_matched/instagram__gat__text__s1i0__75de921a4c7a.json,Sentence-BERT of raw node text (384d),False
30c37d2eba5d,2026-09-19T11:31:20+00:00,14eedbd784f43524589dcc9c848191495f337851-dirty,instagram,gat,text,flag_bundled,"NOT canonical GAT - conv2 is a SAGEConv, not a GATConv, so the second layer performs no attention",adapted,1,1,cpu,torch 2.14.0+cu130,3.12.14,Linux-5.15.0-119-generic-x86_64-with-glibc2.39,benchmark-v1,,False,2,5,False,0.15,validation_swept,0.6422937827023699,0.5848263614838201,0.6178851725913244,0.5436124062299698,0.16515151515151516,0.18858131487889274,0.17609046849757673,0.839572192513369,0.1825259515570935,0.016732139824899833,12.28,5.26,completed,,md_K2_matched,markov_diffusion,markov_diffusion_h2_k10_t0_perhop_K2_matched_cosine,2.0,matched_cosine,results/flag_md/text/md_K2_matched,results/flag_md/text/md_K2_matched/instagram__gat__text__s1i1__30c37d2eba5d.json,Sentence-BERT of raw node text (384d),False
ce4406841a57,2026-09-19T11:31:39+00:00,14eedbd784f43524589dcc9c848191495f337851-dirty,instagram,gat,text,flag_bundled,"NOT canonical GAT - conv2 is a SAGEConv, not a GATConv, so the second layer performs no attention",adapted,2,0,cpu,torch 2.14.0+cu130,3.12.14,Linux-5.15.0-119-generic-x86_64-with-glibc2.39,benchmark-v1,,False,1,5,False,0.2,validation_swept,0.6415243151738996,0.5764373757830682,0.6134114474204092,0.5514754544310324,0.171990171990172,0.2422145328719723,0.20114942528735633,0.8251022334067317,0.17854671280276813,0.03153787876153262,12.39,5.28,completed,,md_K2_matched,markov_diffusion,markov_diffusion_h2_k10_t0_perhop_K2_matched_cosine,2.0,matched_cosine,results/flag_md/text/md_K2_matched,results/flag_md/text/md_K2_matched/instagram__gat__text__s2i0__ce4406841a57.json,Sentence-BERT of raw node text (384d),False
f1e72cbb6a41,2026-09-19T11:31:59+00:00,14eedbd784f43524589dcc9c848191495f337851-dirty,instagram,gat,text,flag_bundled,"NOT canonical GAT - conv2 is a SAGEConv, not a GATConv, so the second layer performs no attention",adapted,2,1,cpu,torch 2.14.0+cu130,3.12.14,Linux-5.15.0-119-generic-x86_64-with-glibc2.39,benchmark-v1,,False,1,5,False,0.15,validation_swept,0.6389658356417359,0.5919960731980427,0.610001227236264,0.5468967296802495,0.16265640038498555,0.29238754325259514,0.20902906617192332,0.7988361119849009,0.1740484429065744,0.0190287724646472,12.59,5.3,completed,,md_K2_matched,markov_diffusion,markov_diffusion_h2_k10_t0_perhop_K2_matched_cosine,2.0,matched_cosine,results/flag_md/text/md_K2_matched,results/flag_md/text/md_K2_matched/instagram__gat__text__s2i1__f1e72cbb6a41.json,Sentence-BERT of raw node text (384d),False
a0666bd25e8d,2026-09-19T11:32:19+00:00,14eedbd784f43524589dcc9c848191495f337851-dirty,instagram,gat,text,flag_bundled,"NOT canonical GAT - conv2 is a SAGEConv, not a GATConv, so the second layer performs no attention",adapted,3,0,cpu,torch 2.14.0+cu130,3.12.14,Linux-5.15.0-119-generic-x86_64-with-glibc2.39,benchmark-v1,,False,1,5,False,0.2,validation_swept,0.6436980609418282,0.5761781302424889,0.605253768513308,0.5495489993547651,0.16741071428571427,0.25951557093425603,0.20352781546811397,0.8153507392261717,0.16245674740484428,0.050845156436344886,12.22,5.2,completed,,md_K2_matched,markov_diffusion,markov_diffusion_h2_k10_t0_perhop_K2_matched_cosine,2.0,matched_cosine,results/flag_md/text/md_K2_matched,results/flag_md/text/md_K2_matched/instagram__gat__text__s3i0__a0666bd25e8d.json,Sentence-BERT of raw node text (384d),False
0d74838e4e97,2026-09-19T11:32:38+00:00,14eedbd784f43524589dcc9c848191495f337851-dirty,instagram,gat,text,flag_bundled,"NOT canonical GAT - conv2 is a SAGEConv, not a GATConv, so the second layer performs no attention",adapted,3,1,cpu,torch 2.14.0+cu130,3.12.14,Linux-5.15.0-119-generic-x86_64-with-glibc2.39,benchmark-v1,,False,1,5,False,0.15,validation_swept,0.6539319790704833,0.5920115100027405,0.6087081392703632,0.5509722812542512,0.16991963260619977,0.2560553633217993,0.20427881297446515,0.8186536646744259,0.1707612456747405,0.01988600690143968,12.18,5.2,completed,,md_K2_matched,markov_diffusion,markov_diffusion_h2_k10_t0_perhop_K2_matched_cosine,2.0,matched_cosine,results/flag_md/text/md_K2_matched,results/flag_md/text/md_K2_matched/instagram__gat__text__s3i1__0d74838e4e97.json,Sentence-BERT of raw node text (384d),False
ec57827bf451,2026-09-19T11:47:46+00:00,14eedbd784f43524589dcc9c848191495f337851-dirty,instagram,gcn,text,flag_bundled,faithful - two GCNConv layers plus the Eq. 6 skip,faithful,0,0,cpu,torch 2.14.0+cu130,3.12.14,Linux-5.15.0-119-generic-x86_64-with-glibc2.39,benchmark-v1,,False,2,5,False,0.15,validation_swept,0.6530278547245305,0.5888639167988718,0.6078365021970522,0.5478231743548213,0.18467583497053044,0.16262975778546712,0.17295308187672492,0.8586033343818811,0.16608996539792398,0.02310646846937326,9.63,4.18,completed,,md_K2_matched,markov_diffusion,markov_diffusion_h2_k10_t0_perhop_K2_matched_cosine,2.0,matched_cosine,results/flag_md/text/md_K2_matched,results/flag_md/text/md_K2_matched/instagram__gcn__text__s0i0__ec57827bf451.json,Sentence-BERT of raw node text (384d),False
c2366b76c5f3,2026-09-19T11:48:03+00:00,14eedbd784f43524589dcc9c848191495f337851-dirty,instagram,gcn,text,flag_bundled,faithful - two GCNConv layers plus the Eq. 6 skip,faithful,0,1,cpu,torch 2.14.0+cu130,3.12.14,Linux-5.15.0-119-generic-x86_64-with-glibc2.39,benchmark-v1,,False,2,5,False,0.15,validation_swept,0.6502962449984612,0.5701654135338345,0.6084535625770764,0.5425219941348973,0.17095588235294118,0.16089965397923875,0.1657754010695187,0.8527838943063857,0.17110726643598617,0.02341251543858689,8.28,4.07,completed,,md_K2_matched,markov_diffusion,markov_diffusion_h2_k10_t0_perhop_K2_matched_cosine,2.0,matched_cosine,results/flag_md/text/md_K2_matched,results/flag_md/text/md_K2_matched/instagram__gcn__text__s0i1__c2366b76c5f3.json,Sentence-BERT of raw node text (384d),False
25f1f9aa9f70,2026-09-19T11:48:17+00:00,14eedbd784f43524589dcc9c848191495f337851-dirty,instagram,gcn,text,flag_bundled,faithful - two GCNConv layers plus the Eq. 6 skip,faithful,1,0,cpu,torch 2.14.0+cu130,3.12.14,Linux-5.15.0-119-generic-x86_64-with-glibc2.39,benchmark-v1,,False,1,5,False,0.2,validation_swept,0.6652431517389967,0.5873263368315842,0.6106980579734438,0.5414426182214493,0.16817359855334538,0.16089965397923875,0.16445623342175067,0.8513683548285624,0.17612456747404848,0.026059686391432427,8.14,4.06,completed,,md_K2_matched,markov_diffusion,markov_diffusion_h2_k10_t0_perhop_K2_matched_cosine,2.0,matched_cosine,results/flag_md/text/md_K2_matched,results/flag_md/text/md_K2_matched/instagram__gcn__text__s1i0__25f1f9aa9f70.json,Sentence-BERT of raw node text (384d),False
3ba2788222bb,2026-09-19T11:48:31+00:00,14eedbd784f43524589dcc9c848191495f337851-dirty,instagram,gcn,text,flag_bundled,faithful - two GCNConv layers plus the Eq. 6 skip,faithful,1,1,cpu,torch 2.14.0+cu130,3.12.14,Linux-5.15.0-119-generic-x86_64-with-glibc2.39,benchmark-v1,,False,1,5,False,0.2,validation_swept,0.6509502923976608,0.572329947676208,0.6105002035416243,0.5437979520296,0.16719745222929935,0.18166089965397925,0.17412935323383086,0.8433469644542309,0.17352941176470582,0.029948209045023027,8.13,3.96,completed,,md_K2_matched,markov_diffusion,markov_diffusion_h2_k10_t0_perhop_K2_matched_cosine,2.0,matched_cosine,results/flag_md/text/md_K2_matched,results/flag_md/text/md_K2_matched/instagram__gcn__text__s1i1__3ba2788222bb.json,Sentence-BERT of raw node text (384d),False
2b14214bf78a,2026-09-19T11:48:45+00:00,14eedbd784f43524589dcc9c848191495f337851-dirty,instagram,gcn,text,flag_bundled,faithful - two GCNConv layers plus the Eq. 6 skip,faithful,2,0,cpu,torch 2.14.0+cu130,3.12.14,Linux-5.15.0-119-generic-x86_64-with-glibc2.39,benchmark-v1,,False,2,5,False,0.2,validation_swept,0.63911972914743,0.5734584846069837,0.6066939751679219,0.5434910998249806,0.18322295805739514,0.14359861591695502,0.16100872938894278,0.8639509279647688,0.1688581314878892,0.021025267382043633,8.0,4.0,completed,,md_K2_matched,markov_diffusion,markov_diffusion_h2_k10_t0_perhop_K2_matched_cosine,2.0,matched_cosine,results/flag_md/text/md_K2_matched,results/flag_md/text/md_K2_matched/instagram__gcn__text__s2i0__2b14214bf78a.json,Sentence-BERT of raw node text (384d),False
d6c57360005e,2026-09-19T11:48:59+00:00,14eedbd784f43524589dcc9c848191495f337851-dirty,instagram,gcn,text,flag_bundled,faithful - two GCNConv layers plus the Eq. 6 skip,faithful,2,1,cpu,torch 2.14.0+cu130,3.12.14,Linux-5.15.0-119-generic-x86_64-with-glibc2.39,benchmark-v1,,False,2,5,False,0.2,validation_swept,0.6260003077870114,0.58011634056055,0.6047907113181117,0.5458273789464254,0.17823639774859287,0.1643598615916955,0.171017101710171,0.8551431267694244,0.15657439446366783,0.023202351983062423,8.12,4.04,completed,,md_K2_matched,markov_diffusion,markov_diffusion_h2_k10_t0_perhop_K2_matched_cosine,2.0,matched_cosine,results/flag_md/text/md_K2_matched,results/flag_md/text/md_K2_matched/instagram__gcn__text__s2i1__d6c57360005e.json,Sentence-BERT of raw node text (384d),False
9c6d33a46e1c,2026-09-19T11:49:13+00:00,14eedbd784f43524589dcc9c848191495f337851-dirty,instagram,gcn,text,flag_bundled,faithful - two GCNConv layers plus the Eq. 6 skip,faithful,3,0,cpu,torch 2.14.0+cu130,3.12.14,Linux-5.15.0-119-generic-x86_64-with-glibc2.39,benchmark-v1,,False,1,5,False,0.1,validation_swept,0.662915512465374,0.5793590132443636,0.6084085140264124,0.5395730828157734,0.15290178571428573,0.2370242214532872,0.18588873812754408,0.8112614029569047,0.16851211072664363,0.0310675320843192,8.2,4.02,completed,,md_K2_matched,markov_diffusion,markov_diffusion_h2_k10_t0_perhop_K2_matched_cosine,2.0,matched_cosine,results/flag_md/text/md_K2_matched,results/flag_md/text/md_K2_matched/instagram__gcn__text__s3i0__9c6d33a46e1c.json,Sentence-BERT of raw node text (384d),False
5d32aaee7464,2026-09-19T11:49:27+00:00,14eedbd784f43524589dcc9c848191495f337851-dirty,instagram,gcn,text,flag_bundled,faithful - two GCNConv layers plus the Eq. 6 skip,faithful,3,1,cpu,torch 2.14.0+cu130,3.12.14,Linux-5.15.0-119-generic-x86_64-with-glibc2.39,benchmark-v1,,False,1,5,False,0.15,validation_swept,0.6550092336103416,0.5691412506946487,0.6094450796805593,0.5290602776693638,0.19101123595505617,0.08823529411764706,0.12071005917159763,0.8831393519974835,0.17508650519031144,0.02698158676530687,8.07,4.03,completed,,md_K2_matched,markov_diffusion,markov_diffusion_h2_k10_t0_perhop_K2_matched_cosine,2.0,matched_cosine,results/flag_md/text/md_K2_matched,results/flag_md/text/md_K2_matched/instagram__gcn__text__s3i1__5d32aaee7464.json,Sentence-BERT of raw node text (384d),False
ae44c8cae155,2026-09-19T10:52:19+00:00,14eedbd784f43524589dcc9c848191495f337851-dirty,instagram,geniepath,text,flag_bundled,closest to faithful - Breadth(GAT)+Depth(LSTM) preserved; matches PyG's example globals exactly. No official author repo exists.,adapted,0,0,cpu,torch 2.14.0+cu130,3.12.14,Linux-5.15.0-119-generic-x86_64-with-glibc2.39,benchmark-v1,,False,1,5,False,0.1,validation_swept,0.6247499230532472,0.556381851459397,0.5888242178613762,0.5238138484891732,0.17142857142857143,0.08304498269896193,0.11188811188811189,0.8801509908776345,0.13910034602076127,0.029119798157173128,138.31,45.48,completed,,md_K2_matched,markov_diffusion,markov_diffusion_h2_k10_t0_perhop_K2_matched_cosine,2.0,matched_cosine,results/flag_md/text/md_K2_matched,results/flag_md/text/md_K2_matched/instagram__geniepath__text__s0i0__ae44c8cae155.json,Sentence-BERT of raw node text (384d),False
dab031cac4ed,2026-09-19T10:55:31+00:00,14eedbd784f43524589dcc9c848191495f337851-dirty,instagram,geniepath,text,flag_bundled,closest to faithful - Breadth(GAT)+Depth(LSTM) preserved; matches PyG's example globals exactly. No official author repo exists.,adapted,0,1,cpu,torch 2.14.0+cu130,3.12.14,Linux-5.15.0-119-generic-x86_64-with-glibc2.39,benchmark-v1,,False,1,5,False,0.1,validation_swept,0.6120921822099108,0.5514124293785311,0.589547987931179,0.533927972678568,0.17615176151761516,0.11245674740484429,0.13727560718057022,0.8715004718464926,0.13546712802768168,0.027139592731208063,127.95,46.07,completed,,md_K2_matched,markov_diffusion,markov_diffusion_h2_k10_t0_perhop_K2_matched_cosine,2.0,matched_cosine,results/flag_md/text/md_K2_matched,results/flag_md/text/md_K2_matched/instagram__geniepath__text__s0i1__dab031cac4ed.json,Sentence-BERT of raw node text (384d),False
19c16a7d22d5,2026-09-19T10:58:32+00:00,14eedbd784f43524589dcc9c848191495f337851-dirty,instagram,geniepath,text,flag_bundled,closest to faithful - Breadth(GAT)+Depth(LSTM) preserved; matches PyG's example globals exactly. No official author repo exists.,adapted,1,0,cpu,torch 2.14.0+cu130,3.12.14,Linux-5.15.0-119-generic-x86_64-with-glibc2.39,benchmark-v1,,False,1,5,False,0.05,validation_swept,0.6008964296706678,0.547178672869188,0.5804082206870128,0.5268268514567346,0.16066481994459833,0.10034602076124567,0.1235356762513312,0.8705567788612771,0.1250865051903114,0.05849161006032143,126.62,43.1,completed,,md_K2_matched,markov_diffusion,markov_diffusion_h2_k10_t0_perhop_K2_matched_cosine,2.0,matched_cosine,results/flag_md/text/md_K2_matched,results/flag_md/text/md_K2_matched/instagram__geniepath__text__s1i0__19c16a7d22d5.json,Sentence-BERT of raw node text (384d),False
e6e7046f1c55,2026-09-19T11:01:29+00:00,14eedbd784f43524589dcc9c848191495f337851-dirty,instagram,geniepath,text,flag_bundled,closest to faithful - Breadth(GAT)+Depth(LSTM) preserved; matches PyG's example globals exactly. No official author repo exists.,adapted,1,1,cpu,torch 2.14.0+cu130,3.12.14,Linux-5.15.0-119-generic-x86_64-with-glibc2.39,benchmark-v1,,False,2,5,False,0.1,validation_swept,0.5884887657740844,0.5309876227059326,0.5696719986590199,0.5221989166753069,0.1312178387650086,0.2647058823529412,0.17545871559633028,0.7738282478766908,0.11280276816608997,0.016095802201981816,116.39,41.93,completed,,md_K2_matched,markov_diffusion,markov_diffusion_h2_k10_t0_perhop_K2_matched_cosine,2.0,matched_cosine,results/flag_md/text/md_K2_matched,results/flag_md/text/md_K2_matched/instagram__geniepath__text__s1i1__e6e7046f1c55.json,Sentence-BERT of raw node text (384d),False
f40623d094c2,2026-09-19T11:04:14+00:00,14eedbd784f43524589dcc9c848191495f337851-dirty,instagram,geniepath,text,flag_bundled,closest to faithful - Breadth(GAT)+Depth(LSTM) preserved; matches PyG's example globals exactly. No official author repo exists.,adapted,2,0,cpu,torch 2.14.0+cu130,3.12.14,Linux-5.15.0-119-generic-x86_64-with-glibc2.39,benchmark-v1,,False,1,5,False,0.15,validation_swept,0.6053208679593721,0.5483066239091136,0.5839338310125597,0.5369840878914274,0.1509933774834437,0.1972318339100346,0.17104276069017255,0.8262032085561497,0.1335640138408305,0.025268816545291586,116.07,42.65,completed,,md_K2_matched,markov_diffusion,markov_diffusion_h2_k10_t0_perhop_K2_matched_cosine,2.0,matched_cosine,results/flag_md/text/md_K2_matched,results/flag_md/text/md_K2_matched/instagram__geniepath__text__s2i0__f40623d094c2.json,Sentence-BERT of raw node text (384d),False
d777d33ecc71,2026-09-19T11:06:59+00:00,14eedbd784f43524589dcc9c848191495f337851-dirty,instagram,geniepath,text,flag_bundled,closest to faithful - Breadth(GAT)+Depth(LSTM) preserved; matches PyG's example globals exactly. No official author repo exists.,adapted,2,1,cpu,torch 2.14.0+cu130,3.12.14,Linux-5.15.0-119-generic-x86_64-with-glibc2.39,benchmark-v1,,False,3,5,False,0.1,validation_swept,0.5669052016004925,0.5343498659517426,0.5594148477628381,0.5135914483595581,0.1736842105263158,0.05709342560553633,0.0859375,0.8895879207297892,0.09498269896193767,0.04861464982775581,116.42,41.86,completed,,md_K2_matched,markov_diffusion,markov_diffusion_h2_k10_t0_perhop_K2_matched_cosine,2.0,matched_cosine,results/flag_md/text/md_K2_matched,results/flag_md/text/md_K2_matched/instagram__geniepath__text__s2i1__d777d33ecc71.json,Sentence-BERT of raw node text (384d),False
0ea18d63b030,2026-09-19T11:09:44+00:00,14eedbd784f43524589dcc9c848191495f337851-dirty,instagram,geniepath,text,flag_bundled,closest to faithful - Breadth(GAT)+Depth(LSTM) preserved; matches PyG's example globals exactly. No official author repo exists.,adapted,3,0,cpu,torch 2.14.0+cu130,3.12.14,Linux-5.15.0-119-generic-x86_64-with-glibc2.39,benchmark-v1,,False,1,5,False,0.15,validation_swept,0.6021468144044322,0.5494190520160049,0.5721549071491002,0.5293445319428344,0.14358108108108109,0.14705882352941177,0.1452991452991453,0.8427178357974205,0.12058823529411766,0.020112382971153767,121.98,43.15,completed,,md_K2_matched,markov_diffusion,markov_diffusion_h2_k10_t0_perhop_K2_matched_cosine,2.0,matched_cosine,results/flag_md/text/md_K2_matched,results/flag_md/text/md_K2_matched/instagram__geniepath__text__s3i0__0ea18d63b030.json,Sentence-BERT of raw node text (384d),False
0230d4672883,2026-09-19T11:12:36+00:00,14eedbd784f43524589dcc9c848191495f337851-dirty,instagram,geniepath,text,flag_bundled,closest to faithful - Breadth(GAT)+Depth(LSTM) preserved; matches PyG's example globals exactly. No official author repo exists.,adapted,3,1,cpu,torch 2.14.0+cu130,3.12.14,Linux-5.15.0-119-generic-x86_64-with-glibc2.39,benchmark-v1,,False,1,5,False,0.15,validation_swept,0.5898738073253309,0.5292243510065292,0.5733029717077143,0.5204153158772181,0.12811387900355872,0.2491349480968858,0.1692126909518214,0.7776030198175526,0.11920415224913489,0.03346610521137737,121.93,40.91,completed,,md_K2_matched,markov_diffusion,markov_diffusion_h2_k10_t0_perhop_K2_matched_cosine,2.0,matched_cosine,results/flag_md/text/md_K2_matched,results/flag_md/text/md_K2_matched/instagram__geniepath__text__s3i1__0230d4672883.json,Sentence-BERT of raw node text (384d),False
5c6749102444,2026-09-19T11:43:42+00:00,14eedbd784f43524589dcc9c848191495f337851-dirty,instagram,pmp,text,flag_bundled,"partial - fraud/benign partition present, but applied to the aggregated mean rather than per-neighbour before aggregation",adapted,0,0,cpu,torch 2.14.0+cu130,3.12.14,Linux-5.15.0-119-generic-x86_64-with-glibc2.39,benchmark-v1,,False,2,5,False,0.1,validation_swept,0.6265389350569406,0.5888639167988718,0.5964254498868549,0.5495783543871628,0.2014218009478673,0.14705882352941177,0.17,0.869455803711859,0.1536332179930795,0.04456671387929506,10.04,4.9,completed,,md_K2_matched,markov_diffusion,markov_diffusion_h2_k10_t0_perhop_K2_matched_cosine,2.0,matched_cosine,results/flag_md/text/md_K2_matched,results/flag_md/text/md_K2_matched/instagram__pmp__text__s0i0__5c6749102444.json,Sentence-BERT of raw node text (384d),False
2afa885d60f7,2026-09-19T11:44:01+00:00,14eedbd784f43524589dcc9c848191495f337851-dirty,instagram,pmp,text,flag_bundled,"partial - fraud/benign partition present, but applied to the aggregated mean rather than per-neighbour before aggregation",adapted,0,1,cpu,torch 2.14.0+cu130,3.12.14,Linux-5.15.0-119-generic-x86_64-with-glibc2.39,benchmark-v1,,False,2,5,False,0.15,validation_swept,0.6292320714065867,0.5751284246575342,0.6034274314244322,0.5431628780560631,0.1787941787941788,0.14878892733564014,0.16241737488196412,0.860490720352312,0.16937716262975777,0.020857821507821814,9.51,4.83,completed,,md_K2_matched,markov_diffusion,markov_diffusion_h2_k10_t0_perhop_K2_matched_cosine,2.0,matched_cosine,results/flag_md/text/md_K2_matched,results/flag_md/text/md_K2_matched/instagram__pmp__text__s0i1__2afa885d60f7.json,Sentence-BERT of raw node text (384d),False
5b1267c8eb68,2026-09-19T11:44:17+00:00,14eedbd784f43524589dcc9c848191495f337851-dirty,instagram,pmp,text,flag_bundled,"partial - fraud/benign partition present, but applied to the aggregated mean rather than per-neighbour before aggregation",adapted,1,0,cpu,torch 2.14.0+cu130,3.12.14,Linux-5.15.0-119-generic-x86_64-with-glibc2.39,benchmark-v1,,False,1,5,False,0.15,validation_swept,0.6128424130501692,0.5616901313488435,0.6039374827887597,0.543041597920104,0.15871121718377088,0.2301038062283737,0.18785310734463276,0.8191255111670337,0.1622837370242215,0.017980661348666185,9.05,4.44,completed,,md_K2_matched,markov_diffusion,markov_diffusion_h2_k10_t0_perhop_K2_matched_cosine,2.0,matched_cosine,results/flag_md/text/md_K2_matched,results/flag_md/text/md_K2_matched/instagram__pmp__text__s1i0__5b1267c8eb68.json,Sentence-BERT of raw node text (384d),False
6da4921373c1,2026-09-19T11:44:33+00:00,14eedbd784f43524589dcc9c848191495f337851-dirty,instagram,pmp,text,flag_bundled,"partial - fraud/benign partition present, but applied to the aggregated mean rather than per-neighbour before aggregation",adapted,1,1,cpu,torch 2.14.0+cu130,3.12.14,Linux-5.15.0-119-generic-x86_64-with-glibc2.39,benchmark-v1,,False,2,5,False,0.15,validation_swept,0.6149969221298862,0.5696476964769648,0.5988136217238778,0.5479704390384462,0.16942148760330578,0.21280276816608998,0.18865030674846625,0.833595470273671,0.15778546712802766,0.014834483017891267,8.87,4.72,completed,,md_K2_matched,markov_diffusion,markov_diffusion_h2_k10_t0_perhop_K2_matched_cosine,2.0,matched_cosine,results/flag_md/text/md_K2_matched,results/flag_md/text/md_K2_matched/instagram__pmp__text__s1i1__6da4921373c1.json,Sentence-BERT of raw node text (384d),False
5a515de75d86,2026-09-19T11:44:48+00:00,14eedbd784f43524589dcc9c848191495f337851-dirty,instagram,pmp,text,flag_bundled,"partial - fraud/benign partition present, but applied to the aggregated mean rather than per-neighbour before aggregation",adapted,2,0,cpu,torch 2.14.0+cu130,3.12.14,Linux-5.15.0-119-generic-x86_64-with-glibc2.39,benchmark-v1,,False,1,5,False,0.1,validation_swept,0.642774699907664,0.5683818850687085,0.604307299960489,0.5421414845220295,0.15757575757575756,0.22491349480968859,0.18531717747683535,0.8202264863164517,0.16678200692041523,0.024111877180010156,9.62,4.82,completed,,md_K2_matched,markov_diffusion,markov_diffusion_h2_k10_t0_perhop_K2_matched_cosine,2.0,matched_cosine,results/flag_md/text/md_K2_matched,results/flag_md/text/md_K2_matched/instagram__pmp__text__s2i0__5a515de75d86.json,Sentence-BERT of raw node text (384d),False
ba0560d2c768,2026-09-19T11:45:05+00:00,14eedbd784f43524589dcc9c848191495f337851-dirty,instagram,pmp,text,flag_bundled,"partial - fraud/benign partition present, but applied to the aggregated mean rather than per-neighbour before aggregation",adapted,2,1,cpu,torch 2.14.0+cu130,3.12.14,Linux-5.15.0-119-generic-x86_64-with-glibc2.39,benchmark-v1,,False,1,5,False,0.15,validation_swept,0.6562019082794706,0.5727977977977978,0.606813705535135,0.5424556956819996,0.2073170731707317,0.11764705882352941,0.15011037527593818,0.8788927335640139,0.18875432525951563,0.006608764396950555,9.44,4.82,completed,,md_K2_matched,markov_diffusion,markov_diffusion_h2_k10_t0_perhop_K2_matched_cosine,2.0,matched_cosine,results/flag_md/text/md_K2_matched,results/flag_md/text/md_K2_matched/instagram__pmp__text__s2i1__ba0560d2c768.json,Sentence-BERT of raw node text (384d),False
9481c5620e9f,2026-09-19T11:45:21+00:00,14eedbd784f43524589dcc9c848191495f337851-dirty,instagram,pmp,text,flag_bundled,"partial - fraud/benign partition present, but applied to the aggregated mean rather than per-neighbour before aggregation",adapted,3,0,cpu,torch 2.14.0+cu130,3.12.14,Linux-5.15.0-119-generic-x86_64-with-glibc2.39,benchmark-v1,,False,1,5,False,0.2,validation_swept,0.6282125269313634,0.5665799698166523,0.6014030902407778,0.5316616709687592,0.17478510028653296,0.10553633217993079,0.13160733549083065,0.8733878578169235,0.1631487889273356,0.031582981038671076,9.43,4.85,completed,,md_K2_matched,markov_diffusion,markov_diffusion_h2_k10_t0_perhop_K2_matched_cosine,2.0,matched_cosine,results/flag_md/text/md_K2_matched,results/flag_md/text/md_K2_matched/instagram__pmp__text__s3i0__9481c5620e9f.json,Sentence-BERT of raw node text (384d),False
d7c9acd4547f,2026-09-19T11:45:37+00:00,14eedbd784f43524589dcc9c848191495f337851-dirty,instagram,pmp,text,flag_bundled,"partial - fraud/benign partition present, but applied to the aggregated mean rather than per-neighbour before aggregation",adapted,3,1,cpu,torch 2.14.0+cu130,3.12.14,Linux-5.15.0-119-generic-x86_64-with-glibc2.39,benchmark-v1,,False,1,5,False,0.15,validation_swept,0.657279162819329,0.5768805083008813,0.6069894098490201,0.5473515594279683,0.17005813953488372,0.20242214532871972,0.1848341232227488,0.837684806542938,0.1704152249134948,0.02378273448523355,9.41,4.83,completed,,md_K2_matched,markov_diffusion,markov_diffusion_h2_k10_t0_perhop_K2_matched_cosine,2.0,matched_cosine,results/flag_md/text/md_K2_matched,results/flag_md/text/md_K2_matched/instagram__pmp__text__s3i1__d7c9acd4547f.json,Sentence-BERT of raw node text (384d),False
1cec49ebc92d,2026-09-19T11:35:00+00:00,14eedbd784f43524589dcc9c848191495f337851-dirty,reddit,bwgnn,text,flag_bundled,"beta-wavelet basis NOT applied - the polynomial is evaluated over raw adjacency A, not the normalised Laplacian, so it is not a beta wavelet. Theta coefficients themselves are correct.",approximation,0,0,cpu,torch 2.14.0+cu130,3.12.14,Linux-5.15.0-119-generic-x86_64-with-glibc2.39,benchmark-v1,,False,2,5,False,0.15,validation_swept,0.6657056699997136,0.5788610799652928,0.6483124140659118,0.5668432068039037,0.20147874306839186,0.24439461883408073,0.22087132725430597,0.843178573856298,0.2198391399934969,0.02332315764478695,20.17,9.36,completed,,md_K2_matched,markov_diffusion,markov_diffusion_h2_k10_t0_perhop_K2_matched_cosine,2.0,matched_cosine,results/flag_md/text/md_K2_matched,results/flag_md/text/md_K2_matched/reddit__bwgnn__text__s0i0__1cec49ebc92d.json,Sentence-BERT of raw node text (384d),False
964981ee3147,2026-09-19T11:35:35+00:00,14eedbd784f43524589dcc9c848191495f337851-dirty,reddit,bwgnn,text,flag_bundled,"beta-wavelet basis NOT applied - the polynomial is evaluated over raw adjacency A, not the normalised Laplacian, so it is not a beta wavelet. Theta coefficients themselves are correct.",approximation,0,1,cpu,torch 2.14.0+cu130,3.12.14,Linux-5.15.0-119-generic-x86_64-with-glibc2.39,benchmark-v1,,False,2,5,False,0.2,validation_swept,0.6794401627367275,0.5817845018999459,0.6688951546279862,0.5833438741562513,0.22681029323758228,0.28325859491778776,0.25191093386507146,0.8469852491333016,0.24513350808251289,0.02112419705687197,19.21,9.82,completed,,md_K2_matched,markov_diffusion,markov_diffusion_h2_k10_t0_perhop_K2_matched_cosine,2.0,matched_cosine,results/flag_md/text/md_K2_matched,results/flag_md/text/md_K2_matched/reddit__bwgnn__text__s0i1__964981ee3147.json,Sentence-BERT of raw node text (384d),False
dbbe52dbddc4,2026-09-19T11:36:08+00:00,14eedbd784f43524589dcc9c848191495f337851-dirty,reddit,bwgnn,text,flag_bundled,"beta-wavelet basis NOT applied - the polynomial is evaluated over raw adjacency A, not the normalised Laplacian, so it is not a beta wavelet. Theta coefficients themselves are correct.",approximation,1,0,cpu,torch 2.14.0+cu130,3.12.14,Linux-5.15.0-119-generic-x86_64-with-glibc2.39,benchmark-v1,,False,2,5,False,0.25,validation_swept,0.6665222187204538,0.5592831280425481,0.6429839836352323,0.5630309511079428,0.1890625,0.2713004484304933,0.22283609576427257,0.8278838964040514,0.2104023042658852,0.04184049834256989,20.39,9.38,completed,,md_K2_matched,markov_diffusion,markov_diffusion_h2_k10_t0_perhop_K2_matched_cosine,2.0,matched_cosine,results/flag_md/text/md_K2_matched,results/flag_md/text/md_K2_matched/reddit__bwgnn__text__s1i0__dbbe52dbddc4.json,Sentence-BERT of raw node text (384d),False
a6b16fd9af8a,2026-09-19T11:36:42+00:00,14eedbd784f43524589dcc9c848191495f337851-dirty,reddit,bwgnn,text,flag_bundled,"beta-wavelet basis NOT applied - the polynomial is evaluated over raw adjacency A, not the normalised Laplacian, so it is not a beta wavelet. Theta coefficients themselves are correct.",approximation,1,1,cpu,torch 2.14.0+cu130,3.12.14,Linux-5.15.0-119-generic-x86_64-with-glibc2.39,benchmark-v1,,False,2,5,False,0.35,validation_swept,0.6631127696759591,0.5691282029436197,0.6412330268124974,0.5485299461031692,0.17301484828921884,0.20029895366218237,0.18565985452026326,0.8401876147100809,0.20916439511735102,0.06406063349404355,19.61,9.44,completed,,md_K2_matched,markov_diffusion,markov_diffusion_h2_k10_t0_perhop_K2_matched_cosine,2.0,matched_cosine,results/flag_md/text/md_K2_matched,results/flag_md/text/md_K2_matched/reddit__bwgnn__text__s1i1__a6b16fd9af8a.json,Sentence-BERT of raw node text (384d),False
c78b43ad9e11,2026-09-19T11:37:15+00:00,14eedbd784f43524589dcc9c848191495f337851-dirty,reddit,bwgnn,text,flag_bundled,"beta-wavelet basis NOT applied - the polynomial is evaluated over raw adjacency A, not the normalised Laplacian, so it is not a beta wavelet. Theta coefficients themselves are correct.",approximation,2,0,cpu,torch 2.14.0+cu130,3.12.14,Linux-5.15.0-119-generic-x86_64-with-glibc2.39,benchmark-v1,,False,5,5,False,0.2,validation_swept,0.629727387330602,0.5778675744503924,0.6141832867845962,0.5455941978966555,0.161582459485224,0.2533632286995516,0.19732246798603026,0.8125212426075725,0.17479562203789023,0.04689811326850244,19.61,9.6,completed,,md_K2_matched,markov_diffusion,markov_diffusion_h2_k10_t0_perhop_K2_matched_cosine,2.0,matched_cosine,results/flag_md/text/md_K2_matched,results/flag_md/text/md_K2_matched/reddit__bwgnn__text__s2i0__c78b43ad9e11.json,Sentence-BERT of raw node text (384d),False
f5aab2a22c71,2026-09-19T11:37:48+00:00,14eedbd784f43524589dcc9c848191495f337851-dirty,reddit,bwgnn,text,flag_bundled,"beta-wavelet basis NOT applied - the polynomial is evaluated over raw adjacency A, not the normalised Laplacian, so it is not a beta wavelet. Theta coefficients themselves are correct.",approximation,2,1,cpu,torch 2.14.0+cu130,3.12.14,Linux-5.15.0-119-generic-x86_64-with-glibc2.39,benchmark-v1,,False,1,5,False,0.15,validation_swept,0.6655659971922184,0.5676135012839935,0.6413785859265994,0.5469559972690217,0.162890625,0.3116591928251121,0.21395587480759365,0.7917204812725172,0.21112660686475676,0.012900436356377403,19.46,9.37,completed,,md_K2_matched,markov_diffusion,markov_diffusion_h2_k10_t0_perhop_K2_matched_cosine,2.0,matched_cosine,results/flag_md/text/md_K2_matched,results/flag_md/text/md_K2_matched/reddit__bwgnn__text__s2i1__f5aab2a22c71.json,Sentence-BERT of raw node text (384d),False
70d853a7eae1,2026-09-19T11:38:21+00:00,14eedbd784f43524589dcc9c848191495f337851-dirty,reddit,bwgnn,text,flag_bundled,"beta-wavelet basis NOT applied - the polynomial is evaluated over raw adjacency A, not the normalised Laplacian, so it is not a beta wavelet. Theta coefficients themselves are correct.",approximation,3,0,cpu,torch 2.14.0+cu130,3.12.14,Linux-5.15.0-119-generic-x86_64-with-glibc2.39,benchmark-v1,,False,2,5,False,0.25,validation_swept,0.6481176403174512,0.563859321159024,0.6271577203559322,0.5540204380309135,0.1886094674556213,0.1905829596412556,0.1895910780669145,0.8518115695737883,0.18620607057233435,0.03679779718922176,19.32,9.31,completed,,md_K2_matched,markov_diffusion,markov_diffusion_h2_k10_t0_perhop_K2_matched_cosine,2.0,matched_cosine,results/flag_md/text/md_K2_matched,results/flag_md/text/md_K2_matched/reddit__bwgnn__text__s3i0__70d853a7eae1.json,Sentence-BERT of raw node text (384d),False
29034569e2b0,2026-09-19T11:38:54+00:00,14eedbd784f43524589dcc9c848191495f337851-dirty,reddit,bwgnn,text,flag_bundled,"beta-wavelet basis NOT applied - the polynomial is evaluated over raw adjacency A, not the normalised Laplacian, so it is not a beta wavelet. Theta coefficients themselves are correct.",approximation,3,1,cpu,torch 2.14.0+cu130,3.12.14,Linux-5.15.0-119-generic-x86_64-with-glibc2.39,benchmark-v1,,False,4,5,False,0.3,validation_swept,0.6536257628284102,0.5769374550682962,0.6318436396116173,0.5451815061684321,0.1618172537008678,0.23692077727952168,0.19229602669093115,0.8189789953096323,0.1921194200616395,0.03747654178636774,19.72,9.34,completed,,md_K2_matched,markov_diffusion,markov_diffusion_h2_k10_t0_perhop_K2_matched_cosine,2.0,matched_cosine,results/flag_md/text/md_K2_matched,results/flag_md/text/md_K2_matched/reddit__bwgnn__text__s3i1__29034569e2b0.json,Sentence-BERT of raw node text (384d),False
49c1c74116c4,2026-09-19T11:15:58+00:00,14eedbd784f43524589dcc9c848191495f337851-dirty,reddit,care_gnn,text,flag_bundled,"NOT CARE-GNN - no RL neighbour filtering, no label-aware similarity, no multi-relation aggregation. A similarity-gated mean aggregator.",approximation,0,0,cpu,torch 2.14.0+cu130,3.12.14,Linux-5.15.0-119-generic-x86_64-with-glibc2.39,benchmark-v1,,False,5,5,False,0.25,validation_swept,0.6320534767785004,0.5235910410820169,0.5994466629937372,0.5206087532517807,0.1302588996763754,0.1203288490284006,0.1250971250971251,0.8469172727890694,0.15642901828942307,0.05271251211522142,17.85,8.62,completed,,md_K2_matched,markov_diffusion,markov_diffusion_h2_k10_t0_perhop_K2_matched_cosine,2.0,matched_cosine,results/flag_md/text/md_K2_matched,results/flag_md/text/md_K2_matched/reddit__care_gnn__text__s0i0__49c1c74116c4.json,Sentence-BERT of raw node text (384d),False
c7b9c641e8a8,2026-09-19T11:16:30+00:00,14eedbd784f43524589dcc9c848191495f337851-dirty,reddit,care_gnn,text,flag_bundled,"NOT CARE-GNN - no RL neighbour filtering, no label-aware similarity, no multi-relation aggregation. A similarity-gated mean aggregator.",approximation,0,1,cpu,torch 2.14.0+cu130,3.12.14,Linux-5.15.0-119-generic-x86_64-with-glibc2.39,benchmark-v1,,False,5,5,False,0.2,validation_swept,0.6318636650144687,0.5311893322874791,0.5999879897663196,0.5229205414865984,0.1285569105691057,0.1890881913303438,0.1530550514216576,0.8096662361498199,0.1545372248502409,0.05014681385220194,16.7,8.41,completed,,md_K2_matched,markov_diffusion,markov_diffusion_h2_k10_t0_perhop_K2_matched_cosine,2.0,matched_cosine,results/flag_md/text/md_K2_matched,results/flag_md/text/md_K2_matched/reddit__care_gnn__text__s0i1__c7b9c641e8a8.json,Sentence-BERT of raw node text (384d),False
3b5e9c2d2730,2026-09-19T11:16:59+00:00,14eedbd784f43524589dcc9c848191495f337851-dirty,reddit,care_gnn,text,flag_bundled,"NOT CARE-GNN - no RL neighbour filtering, no label-aware similarity, no multi-relation aggregation. A similarity-gated mean aggregator.",approximation,1,0,cpu,torch 2.14.0+cu130,3.12.14,Linux-5.15.0-119-generic-x86_64-with-glibc2.39,benchmark-v1,,False,2,5,False,0.25,validation_swept,0.6299404778958828,0.5300122190957348,0.6019483013371543,0.5173195863577921,0.12341269841269842,0.23243647234678624,0.1612234318299637,0.7800285500645775,0.1648741853970983,0.07737298221580279,16.92,8.36,completed,,md_K2_matched,markov_diffusion,markov_diffusion_h2_k10_t0_perhop_K2_matched_cosine,2.0,matched_cosine,results/flag_md/text/md_K2_matched,results/flag_md/text/md_K2_matched/reddit__care_gnn__text__s1i0__3b5e9c2d2730.json,Sentence-BERT of raw node text (384d),False
3457b0ea3b64,2026-09-19T11:17:28+00:00,14eedbd784f43524589dcc9c848191495f337851-dirty,reddit,care_gnn,text,flag_bundled,"NOT CARE-GNN - no RL neighbour filtering, no label-aware similarity, no multi-relation aggregation. A similarity-gated mean aggregator.",approximation,1,1,cpu,torch 2.14.0+cu130,3.12.14,Linux-5.15.0-119-generic-x86_64-with-glibc2.39,benchmark-v1,,False,3,5,False,0.1,validation_swept,0.6379304787554078,0.5243347624278071,0.6118621093278885,0.5236722984568161,0.13263157894736843,0.1412556053811659,0.13680781758957655,0.8378764190061858,0.1780115032218612,0.0582564678045531,17.04,8.48,completed,,md_K2_matched,markov_diffusion,markov_diffusion_h2_k10_t0_perhop_K2_matched_cosine,2.0,matched_cosine,results/flag_md/text/md_K2_matched,results/flag_md/text/md_K2_matched/reddit__care_gnn__text__s1i1__3457b0ea3b64.json,Sentence-BERT of raw node text (384d),False
5366a728f5ef,2026-09-19T11:17:58+00:00,14eedbd784f43524589dcc9c848191495f337851-dirty,reddit,care_gnn,text,flag_bundled,"NOT CARE-GNN - no RL neighbour filtering, no label-aware similarity, no multi-relation aggregation. A similarity-gated mean aggregator.",approximation,2,0,cpu,torch 2.14.0+cu130,3.12.14,Linux-5.15.0-119-generic-x86_64-with-glibc2.39,benchmark-v1,,False,4,5,False,0.2,validation_swept,0.6320248259461937,0.524210456816861,0.6027561558176084,0.5225531041419147,0.1282051282051282,0.1681614349775785,0.1454898157129001,0.8203385221942764,0.1548030819075582,0.04601328512922491,17.24,8.47,completed,,md_K2_matched,markov_diffusion,markov_diffusion_h2_k10_t0_perhop_K2_matched_cosine,2.0,matched_cosine,results/flag_md/text/md_K2_matched,results/flag_md/text/md_K2_matched/reddit__care_gnn__text__s2i0__5366a728f5ef.json,Sentence-BERT of raw node text (384d),False
240e59203848,2026-09-19T11:18:28+00:00,14eedbd784f43524589dcc9c848191495f337851-dirty,reddit,care_gnn,text,flag_bundled,"NOT CARE-GNN - no RL neighbour filtering, no label-aware similarity, no multi-relation aggregation. A similarity-gated mean aggregator.",approximation,2,1,cpu,torch 2.14.0+cu130,3.12.14,Linux-5.15.0-119-generic-x86_64-with-glibc2.39,benchmark-v1,,False,1,5,False,0.2,validation_swept,0.6058164770936596,0.5370456948450345,0.6093126591886895,0.5233317818984302,0.14556962025316456,0.1031390134529148,0.12073490813648294,0.8633675480932635,0.1651779900982917,0.021404418874392435,17.13,8.48,completed,,md_K2_matched,markov_diffusion,markov_diffusion_h2_k10_t0_perhop_K2_matched_cosine,2.0,matched_cosine,results/flag_md/text/md_K2_matched,results/flag_md/text/md_K2_matched/reddit__care_gnn__text__s2i1__240e59203848.json,Sentence-BERT of raw node text (384d),False
ce0485c45cdd,2026-09-19T11:18:57+00:00,14eedbd784f43524589dcc9c848191495f337851-dirty,reddit,care_gnn,text,flag_bundled,"NOT CARE-GNN - no RL neighbour filtering, no label-aware similarity, no multi-relation aggregation. A similarity-gated mean aggregator.",approximation,3,0,cpu,torch 2.14.0+cu130,3.12.14,Linux-5.15.0-119-generic-x86_64-with-glibc2.39,benchmark-v1,,False,2,5,False,0.2,validation_swept,0.6246132137638598,0.5275611098075071,0.6089165282611585,0.5220984263891125,0.137546468401487,0.11061285500747384,0.12261806130903065,0.8560261029161852,0.1662130833416326,0.022431549213740794,16.92,8.42,completed,,md_K2_matched,markov_diffusion,markov_diffusion_h2_k10_t0_perhop_K2_matched_cosine,2.0,matched_cosine,results/flag_md/text/md_K2_matched,results/flag_md/text/md_K2_matched/reddit__care_gnn__text__s3i0__ce0485c45cdd.json,Sentence-BERT of raw node text (384d),False
5d38dd426bd9,2026-09-19T11:19:26+00:00,14eedbd784f43524589dcc9c848191495f337851-dirty,reddit,care_gnn,text,flag_bundled,"NOT CARE-GNN - no RL neighbour filtering, no label-aware similarity, no multi-relation aggregation. A similarity-gated mean aggregator.",approximation,3,1,cpu,torch 2.14.0+cu130,3.12.14,Linux-5.15.0-119-generic-x86_64-with-glibc2.39,benchmark-v1,,False,3,5,False,0.2,validation_swept,0.6363582643325789,0.5311832611832612,0.6035657148682223,0.5169654967975622,0.11943793911007025,0.15246636771300448,0.133946158896914,0.8206784039154374,0.16701143693923134,0.03827110929807053,18.07,8.86,completed,,md_K2_matched,markov_diffusion,markov_diffusion_h2_k10_t0_perhop_K2_matched_cosine,2.0,matched_cosine,results/flag_md/text/md_K2_matched,results/flag_md/text/md_K2_matched/reddit__care_gnn__text__s3i1__5d38dd426bd9.json,Sentence-BERT of raw node text (384d),False
24f04192e4df,2026-09-19T11:39:29+00:00,14eedbd784f43524589dcc9c848191495f337851-dirty,reddit,dga_gnn,text,flag_bundled,"NOT DGA-GNN - no decision-tree dynamic grouping, no bidirectional grouped aggregation. GraphSAGE-mean.",approximation,0,0,cpu,torch 2.14.0+cu130,3.12.14,Linux-5.15.0-119-generic-x86_64-with-glibc2.39,benchmark-v1,,False,2,5,False,0.15,validation_swept,0.6373914849726383,0.5528687238010821,0.6142904511544524,0.5216000480739151,0.12658227848101267,0.17189835575485798,0.14580031695721077,0.8168037522942017,0.1914899027411388,0.011985502141721512,14.27,6.18,completed,,md_K2_matched,markov_diffusion,markov_diffusion_h2_k10_t0_perhop_K2_matched_cosine,2.0,matched_cosine,results/flag_md/text/md_K2_matched,results/flag_md/text/md_K2_matched/reddit__dga_gnn__text__s0i0__24f04192e4df.json,Sentence-BERT of raw node text (384d),False
2f1802b7f657,2026-09-19T11:39:54+00:00,14eedbd784f43524589dcc9c848191495f337851-dirty,reddit,dga_gnn,text,flag_bundled,"NOT DGA-GNN - no decision-tree dynamic grouping, no bidirectional grouped aggregation. GraphSAGE-mean.",approximation,0,1,cpu,torch 2.14.0+cu130,3.12.14,Linux-5.15.0-119-generic-x86_64-with-glibc2.39,benchmark-v1,,False,4,5,False,0.15,validation_swept,0.6476842964788128,0.5258728854635394,0.6250871147126535,0.5139050320138346,0.1350383631713555,0.39461883408071746,0.20121951219512196,0.7150431649785874,0.1813850990612345,0.021307215107299476,14.62,9.05,completed,,md_K2_matched,markov_diffusion,markov_diffusion_h2_k10_t0_perhop_K2_matched_cosine,2.0,matched_cosine,results/flag_md/text/md_K2_matched,results/flag_md/text/md_K2_matched/reddit__dga_gnn__text__s0i1__2f1802b7f657.json,Sentence-BERT of raw node text (384d),False
69c03f83e5b4,2026-09-19T11:40:22+00:00,14eedbd784f43524589dcc9c848191495f337851-dirty,reddit,dga_gnn,text,flag_bundled,"NOT DGA-GNN - no decision-tree dynamic grouping, no bidirectional grouped aggregation. GraphSAGE-mean.",approximation,1,0,cpu,torch 2.14.0+cu130,3.12.14,Linux-5.15.0-119-generic-x86_64-with-glibc2.39,benchmark-v1,,False,4,5,False,0.1,validation_swept,0.6405824714207947,0.5380821700969705,0.627423465638157,0.5208717330505226,0.13618792744573296,0.3423019431988042,0.19485215911508189,0.7427095370810958,0.19620597332800388,0.03189880375926163,14.18,6.3,completed,,md_K2_matched,markov_diffusion,markov_diffusion_h2_k10_t0_perhop_K2_matched_cosine,2.0,matched_cosine,results/flag_md/text/md_K2_matched,results/flag_md/text/md_K2_matched/reddit__dga_gnn__text__s1i0__69c03f83e5b4.json,Sentence-BERT of raw node text (384d),False
28ab41e42b82,2026-09-19T11:40:51+00:00,14eedbd784f43524589dcc9c848191495f337851-dirty,reddit,dga_gnn,text,flag_bundled,"NOT DGA-GNN - no decision-tree dynamic grouping, no bidirectional grouped aggregation. GraphSAGE-mean.",approximation,1,1,cpu,torch 2.14.0+cu130,3.12.14,Linux-5.15.0-119-generic-x86_64-with-glibc2.39,benchmark-v1,,False,4,5,False,0.15,validation_swept,0.638358450562989,0.560634436198007,0.6157533915077978,0.5261448605255207,0.13803230543318648,0.14050822122571002,0.13925925925925925,0.8420229760043505,0.19524442809547427,0.028499766066329594,14.65,9.17,completed,,md_K2_matched,markov_diffusion,markov_diffusion_h2_k10_t0_perhop_K2_matched_cosine,2.0,matched_cosine,results/flag_md/text/md_K2_matched,results/flag_md/text/md_K2_matched/reddit__dga_gnn__text__s1i1__28ab41e42b82.json,Sentence-BERT of raw node text (384d),False
c0526b04f531,2026-09-19T11:41:19+00:00,14eedbd784f43524589dcc9c848191495f337851-dirty,reddit,dga_gnn,text,flag_bundled,"NOT DGA-GNN - no decision-tree dynamic grouping, no bidirectional grouped aggregation. GraphSAGE-mean.",approximation,2,0,cpu,torch 2.14.0+cu130,3.12.14,Linux-5.15.0-119-generic-x86_64-with-glibc2.39,benchmark-v1,,False,4,5,False,0.15,validation_swept,0.6497077615104719,0.5443263575842613,0.622169728912986,0.5285435483020322,0.13713980789754535,0.1920777279521674,0.16002490660024907,0.816599823261505,0.17838069635211923,0.029375210125547675,14.23,5.93,completed,,md_K2_matched,markov_diffusion,markov_diffusion_h2_k10_t0_perhop_K2_matched_cosine,2.0,matched_cosine,results/flag_md/text/md_K2_matched,results/flag_md/text/md_K2_matched/reddit__dga_gnn__text__s2i0__c0526b04f531.json,Sentence-BERT of raw node text (384d),False
a9117aea0bf9,2026-09-19T11:41:43+00:00,14eedbd784f43524589dcc9c848191495f337851-dirty,reddit,dga_gnn,text,flag_bundled,"NOT DGA-GNN - no decision-tree dynamic grouping, no bidirectional grouped aggregation. GraphSAGE-mean.",approximation,2,1,cpu,torch 2.14.0+cu130,3.12.14,Linux-5.15.0-119-generic-x86_64-with-glibc2.39,benchmark-v1,,False,4,5,False,0.15,validation_swept,0.6399843852963929,0.5410396817240923,0.6201320969219711,0.5259767116936446,0.15614236509758897,0.10164424514200299,0.1231326392032594,0.8683298212222147,0.17136613865230757,0.026494138281755127,15.53,6.26,completed,,md_K2_matched,markov_diffusion,markov_diffusion_h2_k10_t0_perhop_K2_matched_cosine,2.0,matched_cosine,results/flag_md/text/md_K2_matched,results/flag_md/text/md_K2_matched/reddit__dga_gnn__text__s2i1__a9117aea0bf9.json,Sentence-BERT of raw node text (384d),False
19b3b2acaa98,2026-09-19T11:42:10+00:00,14eedbd784f43524589dcc9c848191495f337851-dirty,reddit,dga_gnn,text,flag_bundled,"NOT DGA-GNN - no decision-tree dynamic grouping, no bidirectional grouped aggregation. GraphSAGE-mean.",approximation,3,0,cpu,torch 2.14.0+cu130,3.12.14,Linux-5.15.0-119-generic-x86_64-with-glibc2.39,benchmark-v1,,False,1,5,False,0.1,validation_swept,0.6320946623499413,0.5342705337657305,0.6196393643708175,0.5315770422959014,0.14680851063829786,0.1547085201793722,0.15065502183406113,0.8413432125620284,0.1679478327759668,0.02109633845497148,13.8,6.2,completed,,md_K2_matched,markov_diffusion,markov_diffusion_h2_k10_t0_perhop_K2_matched_cosine,2.0,matched_cosine,results/flag_md/text/md_K2_matched,results/flag_md/text/md_K2_matched/reddit__dga_gnn__text__s3i0__19b3b2acaa98.json,Sentence-BERT of raw node text (384d),False
277b6ffd1514,2026-09-19T11:42:33+00:00,14eedbd784f43524589dcc9c848191495f337851-dirty,reddit,dga_gnn,text,flag_bundled,"NOT DGA-GNN - no decision-tree dynamic grouping, no bidirectional grouped aggregation. GraphSAGE-mean.",approximation,3,1,cpu,torch 2.14.0+cu130,3.12.14,Linux-5.15.0-119-generic-x86_64-with-glibc2.39,benchmark-v1,,False,3,5,False,0.2,validation_swept,0.68950018623041,0.5738879806236754,0.6384517830753954,0.5403794806785188,0.1605104096709201,0.17862481315396114,0.16908383445348427,0.8403235673985453,0.21097587815263047,0.0368828406995151,13.93,6.03,completed,,md_K2_matched,markov_diffusion,markov_diffusion_h2_k10_t0_perhop_K2_matched_cosine,2.0,matched_cosine,results/flag_md/text/md_K2_matched,results/flag_md/text/md_K2_matched/reddit__dga_gnn__text__s3i1__277b6ffd1514.json,Sentence-BERT of raw node text (384d),False
e55466b303ac,2026-09-19T11:30:05+00:00,14eedbd784f43524589dcc9c848191495f337851-dirty,reddit,gat,text,flag_bundled,"NOT canonical GAT - conv2 is a SAGEConv, not a GATConv, so the second layer performs no attention",adapted,0,0,cpu,torch 2.14.0+cu130,3.12.14,Linux-5.15.0-119-generic-x86_64-with-glibc2.39,benchmark-v1,,False,5,5,False,0.2,validation_swept,0.6744226857290204,0.5610726096333573,0.638364291121805,0.548815617841778,0.16700201207243462,0.24813153961136025,0.19963920625375828,0.8190469716538644,0.2093428999399432,0.038756751642189995,19.81,9.21,completed,,md_K2_matched,markov_diffusion,markov_diffusion_h2_k10_t0_perhop_K2_matched_cosine,2.0,matched_cosine,results/flag_md/text/md_K2_matched,results/flag_md/text/md_K2_matched/reddit__gat__text__s0i0__e55466b303ac.json,Sentence-BERT of raw node text (384d),False
e2db0bf9e671,2026-09-19T11:30:40+00:00,14eedbd784f43524589dcc9c848191495f337851-dirty,reddit,gat,text,flag_bundled,"NOT canonical GAT - conv2 is a SAGEConv, not a GATConv, so the second layer performs no attention",adapted,0,1,cpu,torch 2.14.0+cu130,3.12.14,Linux-5.15.0-119-generic-x86_64-with-glibc2.39,benchmark-v1,,False,5,5,False,0.2,validation_swept,0.6770442368850815,0.5729876160990712,0.6415513063881588,0.5470251890698212,0.1632466940264478,0.26756352765321373,0.20277541772868876,0.8086465909863367,0.21404097473692896,0.03679022134565816,19.33,9.22,completed,,md_K2_matched,markov_diffusion,markov_diffusion_h2_k10_t0_perhop_K2_matched_cosine,2.0,matched_cosine,results/flag_md/text/md_K2_matched,results/flag_md/text/md_K2_matched/reddit__gat__text__s0i1__e2db0bf9e671.json,Sentence-BERT of raw node text (384d),False
f8a181981024,2026-09-19T11:31:13+00:00,14eedbd784f43524589dcc9c848191495f337851-dirty,reddit,gat,text,flag_bundled,"NOT canonical GAT - conv2 is a SAGEConv, not a GATConv, so the second layer performs no attention",adapted,1,0,cpu,torch 2.14.0+cu130,3.12.14,Linux-5.15.0-119-generic-x86_64-with-glibc2.39,benchmark-v1,,False,2,5,False,0.3,validation_swept,0.7112604933673323,0.5765819964349376,0.6464147803781508,0.5431384430807962,0.1581517655897821,0.3146487294469357,0.2105,0.7853307049146897,0.2220241753876388,0.10082195591899569,19.07,9.07,completed,,md_K2_matched,markov_diffusion,markov_diffusion_h2_k10_t0_perhop_K2_matched_cosine,2.0,matched_cosine,results/flag_md/text/md_K2_matched,results/flag_md/text/md_K2_matched/reddit__gat__text__s1i0__f8a181981024.json,Sentence-BERT of raw node text (384d),False
f8ac38ea4099,2026-09-19T11:31:45+00:00,14eedbd784f43524589dcc9c848191495f337851-dirty,reddit,gat,text,flag_bundled,"NOT canonical GAT - conv2 is a SAGEConv, not a GATConv, so the second layer performs no attention",adapted,1,1,cpu,torch 2.14.0+cu130,3.12.14,Linux-5.15.0-119-generic-x86_64-with-glibc2.39,benchmark-v1,,False,2,5,False,0.35,validation_swept,0.6965769418101596,0.5757005586702464,0.6440193004287582,0.5437714214374326,0.15883925162275678,0.3109118086696562,0.2102602982057114,0.7875739242743526,0.22407485712069375,0.12760399125081148,18.74,9.4,completed,,md_K2_matched,markov_diffusion,markov_diffusion_h2_k10_t0_perhop_K2_matched_cosine,2.0,matched_cosine,results/flag_md/text/md_K2_matched,results/flag_md/text/md_K2_matched/reddit__gat__text__s1i1__f8ac38ea4099.json,Sentence-BERT of raw node text (384d),False
c1bcbbac5d55,2026-09-19T11:32:17+00:00,14eedbd784f43524589dcc9c848191495f337851-dirty,reddit,gat,text,flag_bundled,"NOT canonical GAT - conv2 is a SAGEConv, not a GATConv, so the second layer performs no attention",adapted,2,0,cpu,torch 2.14.0+cu130,3.12.14,Linux-5.15.0-119-generic-x86_64-with-glibc2.39,benchmark-v1,,False,5,5,False,0.2,validation_swept,0.6583280806807438,0.5815610500754522,0.6236540183089837,0.5402867711523449,0.1553980370774264,0.21300448430493274,0.17969735182849936,0.8231255523077969,0.17832626188211154,0.04189323567507741,19.18,8.96,completed,,md_K2_matched,markov_diffusion,markov_diffusion_h2_k10_t0_perhop_K2_matched_cosine,2.0,matched_cosine,results/flag_md/text/md_K2_matched,results/flag_md/text/md_K2_matched/reddit__gat__text__s2i0__c1bcbbac5d55.json,Sentence-BERT of raw node text (384d),False
b095e9550d66,2026-09-19T11:32:49+00:00,14eedbd784f43524589dcc9c848191495f337851-dirty,reddit,gat,text,flag_bundled,"NOT canonical GAT - conv2 is a SAGEConv, not a GATConv, so the second layer performs no attention",adapted,2,1,cpu,torch 2.14.0+cu130,3.12.14,Linux-5.15.0-119-generic-x86_64-with-glibc2.39,benchmark-v1,,False,1,5,False,0.2,validation_swept,0.6472903475345959,0.5609141395085602,0.6339335544021111,0.5490925483142244,0.16873315363881403,0.23393124065769805,0.19605386783589102,0.8255047243559241,0.19393950977903518,0.03084621098513473,18.99,9.02,completed,,md_K2_matched,markov_diffusion,markov_diffusion_h2_k10_t0_perhop_K2_matched_cosine,2.0,matched_cosine,results/flag_md/text/md_K2_matched,results/flag_md/text/md_K2_matched/reddit__gat__text__s2i1__b095e9550d66.json,Sentence-BERT of raw node text (384d),False
8602477c0a98,2026-09-19T11:33:21+00:00,14eedbd784f43524589dcc9c848191495f337851-dirty,reddit,gat,text,flag_bundled,"NOT canonical GAT - conv2 is a SAGEConv, not a GATConv, so the second layer performs no attention",adapted,3,0,cpu,torch 2.14.0+cu130,3.12.14,Linux-5.15.0-119-generic-x86_64-with-glibc2.39,benchmark-v1,,False,3,5,False,0.2,validation_swept,0.6887481018823596,0.5753027728017394,0.6435714735209837,0.5377370949141069,0.15171171171171172,0.3146487294469357,0.20471675176270362,0.7776493780164503,0.21683395485873475,0.04070179140706416,19.27,9.1,completed,,md_K2_matched,markov_diffusion,markov_diffusion_h2_k10_t0_perhop_K2_matched_cosine,2.0,matched_cosine,results/flag_md/text/md_K2_matched,results/flag_md/text/md_K2_matched/reddit__gat__text__s3i0__8602477c0a98.json,Sentence-BERT of raw node text (384d),False
4935fbae8c7e,2026-09-19T11:33:53+00:00,14eedbd784f43524589dcc9c848191495f337851-dirty,reddit,gat,text,flag_bundled,"NOT canonical GAT - conv2 is a SAGEConv, not a GATConv, so the second layer performs no attention",adapted,3,1,cpu,torch 2.14.0+cu130,3.12.14,Linux-5.15.0-119-generic-x86_64-with-glibc2.39,benchmark-v1,,False,4,5,False,0.3,validation_swept,0.658224221413632,0.554391869152588,0.6229756552730962,0.5381268198360508,0.15476190476190477,0.18460388639760836,0.1683708248125426,0.8341377200734145,0.18704315423945606,0.06499797419709269,19.42,9.05,completed,,md_K2_matched,markov_diffusion,markov_diffusion_h2_k10_t0_perhop_K2_matched_cosine,2.0,matched_cosine,results/flag_md/text/md_K2_matched,results/flag_md/text/md_K2_matched/reddit__gat__text__s3i1__4935fbae8c7e.json,Sentence-BERT of raw node text (384d),False
4bec159f32b4,2026-09-19T11:47:29+00:00,14eedbd784f43524589dcc9c848191495f337851-dirty,reddit,gcn,text,flag_bundled,faithful - two GCNConv layers plus the Eq. 6 skip,faithful,0,0,cpu,torch 2.14.0+cu130,3.12.14,Linux-5.15.0-119-generic-x86_64-with-glibc2.39,benchmark-v1,,False,5,5,False,0.2,validation_swept,0.616111079276853,0.5349414402770685,0.6030889382115112,0.5270051918290561,0.13463463463463463,0.20104633781763825,0.16127098321342925,0.8098021888382843,0.1646901477074314,0.04391647079505443,16.04,8.55,completed,,md_K2_matched,markov_diffusion,markov_diffusion_h2_k10_t0_perhop_K2_matched_cosine,2.0,matched_cosine,results/flag_md/text/md_K2_matched,results/flag_md/text/md_K2_matched/reddit__gcn__text__s0i0__4bec159f32b4.json,Sentence-BERT of raw node text (384d),False
2f88518819c1,2026-09-19T11:47:59+00:00,14eedbd784f43524589dcc9c848191495f337851-dirty,reddit,gcn,text,flag_bundled,faithful - two GCNConv layers plus the Eq. 6 skip,faithful,0,1,cpu,torch 2.14.0+cu130,3.12.14,Linux-5.15.0-119-generic-x86_64-with-glibc2.39,benchmark-v1,,False,5,5,False,0.2,validation_swept,0.6041565194968914,0.540370955011839,0.5954578011581465,0.5227451630072486,0.12827225130890052,0.18310911808669655,0.15086206896551724,0.8125212426075725,0.14942144653288753,0.04600340569710795,15.53,8.67,completed,,md_K2_matched,markov_diffusion,markov_diffusion_h2_k10_t0_perhop_K2_matched_cosine,2.0,matched_cosine,results/flag_md/text/md_K2_matched,results/flag_md/text/md_K2_matched/reddit__gcn__text__s0i1__2f88518819c1.json,Sentence-BERT of raw node text (384d),False
4697058562d3,2026-09-19T11:48:27+00:00,14eedbd784f43524589dcc9c848191495f337851-dirty,reddit,gcn,text,flag_bundled,faithful - two GCNConv layers plus the Eq. 6 skip,faithful,1,0,cpu,torch 2.14.0+cu130,3.12.14,Linux-5.15.0-119-generic-x86_64-with-glibc2.39,benchmark-v1,,False,5,5,False,0.2,validation_swept,0.6108500701945392,0.5450325210488998,0.595703426923736,0.5175818477379706,0.12422360248447205,0.23916292974588937,0.16351558507920286,0.7774454489837537,0.14779942227925735,0.04626215708755928,15.95,8.83,completed,,md_K2_matched,markov_diffusion,markov_diffusion_h2_k10_t0_perhop_K2_matched_cosine,2.0,matched_cosine,results/flag_md/text/md_K2_matched,results/flag_md/text/md_K2_matched/reddit__gcn__text__s1i0__4697058562d3.json,Sentence-BERT of raw node text (384d),False
7566f9747302,2026-09-19T11:48:56+00:00,14eedbd784f43524589dcc9c848191495f337851-dirty,reddit,gcn,text,flag_bundled,faithful - two GCNConv layers plus the Eq. 6 skip,faithful,1,1,cpu,torch 2.14.0+cu130,3.12.14,Linux-5.15.0-119-generic-x86_64-with-glibc2.39,benchmark-v1,,False,5,5,False,0.2,validation_swept,0.6105993754118557,0.54087394054234,0.5971228308785846,0.5190850749649962,0.1255028157683025,0.23318385650224216,0.16317991631799164,0.782475698456937,0.1464354308264751,0.045878047189262534,15.67,8.67,completed,,md_K2_matched,markov_diffusion,markov_diffusion_h2_k10_t0_perhop_K2_matched_cosine,2.0,matched_cosine,results/flag_md/text/md_K2_matched,results/flag_md/text/md_K2_matched/reddit__gcn__text__s1i1__7566f9747302.json,Sentence-BERT of raw node text (384d),False
6a22f2205c20,2026-09-19T11:49:25+00:00,14eedbd784f43524589dcc9c848191495f337851-dirty,reddit,gcn,text,flag_bundled,faithful - two GCNConv layers plus the Eq. 6 skip,faithful,2,0,cpu,torch 2.14.0+cu130,3.12.14,Linux-5.15.0-119-generic-x86_64-with-glibc2.39,benchmark-v1,,False,5,5,False,0.2,validation_swept,0.61297739449331,0.5514864448552064,0.5993419576759142,0.5206132962179704,0.12512664640324214,0.18460388639760836,0.14915458937198067,0.8084426619536401,0.16081188732578877,0.04325289544184455,15.85,8.55,completed,,md_K2_matched,markov_diffusion,markov_diffusion_h2_k10_t0_perhop_K2_matched_cosine,2.0,matched_cosine,results/flag_md/text/md_K2_matched,results/flag_md/text/md_K2_matched/reddit__gcn__text__s2i0__6a22f2205c20.json,Sentence-BERT of raw node text (384d),False
9c8befa7164e,2026-09-19T11:49:53+00:00,14eedbd784f43524589dcc9c848191495f337851-dirty,reddit,gcn,text,flag_bundled,faithful - two GCNConv layers plus the Eq. 6 skip,faithful,2,1,cpu,torch 2.14.0+cu130,3.12.14,Linux-5.15.0-119-generic-x86_64-with-glibc2.39,benchmark-v1,,False,2,5,False,0.15,validation_swept,0.612988138555425,0.5517271045726331,0.6062026010734656,0.5255696739060326,0.13382899628252787,0.16143497757847533,0.14634146341463414,0.8286996125348379,0.1723589809107144,0.025156526020788387,15.52,8.51,completed,,md_K2_matched,markov_diffusion,markov_diffusion_h2_k10_t0_perhop_K2_matched_cosine,2.0,matched_cosine,results/flag_md/text/md_K2_matched,results/flag_md/text/md_K2_matched/reddit__gcn__text__s2i1__9c8befa7164e.json,Sentence-BERT of raw node text (384d),False
a01c4562687c,2026-09-19T11:50:21+00:00,14eedbd784f43524589dcc9c848191495f337851-dirty,reddit,gcn,text,flag_bundled,faithful - two GCNConv layers plus the Eq. 6 skip,faithful,3,0,cpu,torch 2.14.0+cu130,3.12.14,Linux-5.15.0-119-generic-x86_64-with-glibc2.39,benchmark-v1,,False,3,5,False,0.25,validation_swept,0.6058003610004872,0.5357298340421175,0.5976723172329137,0.5289069867668085,0.13939016801493467,0.16741405082212257,0.15212224108658742,0.8302630684521787,0.16003985676245452,0.04459243315197841,15.4,8.59,completed,,md_K2_matched,markov_diffusion,markov_diffusion_h2_k10_t0_perhop_K2_matched_cosine,2.0,matched_cosine,results/flag_md/text/md_K2_matched,results/flag_md/text/md_K2_matched/reddit__gcn__text__s3i0__a01c4562687c.json,Sentence-BERT of raw node text (384d),False
81754bb6af3f,2026-09-19T11:50:49+00:00,14eedbd784f43524589dcc9c848191495f337851-dirty,reddit,gcn,text,flag_bundled,faithful - two GCNConv layers plus the Eq. 6 skip,faithful,3,1,cpu,torch 2.14.0+cu130,3.12.14,Linux-5.15.0-119-generic-x86_64-with-glibc2.39,benchmark-v1,,False,5,5,False,0.25,validation_swept,0.6108858837349225,0.5409285177402631,0.5935571495428902,0.5239698247238851,0.13033175355450238,0.2055306427503737,0.15951276102088166,0.8030045544150636,0.14118965807663902,0.04997571030658829,15.48,8.48,completed,,md_K2_matched,markov_diffusion,markov_diffusion_h2_k10_t0_perhop_K2_matched_cosine,2.0,matched_cosine,results/flag_md/text/md_K2_matched,results/flag_md/text/md_K2_matched/reddit__gcn__text__s3i1__81754bb6af3f.json,Sentence-BERT of raw node text (384d),False
c5bdbb5fd11f,2026-09-19T10:52:19+00:00,14eedbd784f43524589dcc9c848191495f337851-dirty,reddit,geniepath,text,flag_bundled,closest to faithful - Breadth(GAT)+Depth(LSTM) preserved; matches PyG's example globals exactly. No official author repo exists.,adapted,0,0,cpu,torch 2.14.0+cu130,3.12.14,Linux-5.15.0-119-generic-x86_64-with-glibc2.39,benchmark-v1,,False,5,5,False,0.3,validation_swept,0.5988596968741942,0.5474663179368031,0.5964290428799434,0.5235522269610428,0.1301827909050379,0.21823617339312407,0.16308293772689192,0.7962748963360751,0.15332440920995466,0.05058169510619332,199.12,72.81,completed,,md_K2_matched,markov_diffusion,markov_diffusion_h2_k10_t0_perhop_K2_matched_cosine,2.0,matched_cosine,results/flag_md/text/md_K2_matched,results/flag_md/text/md_K2_matched/reddit__geniepath__text__s0i0__c5bdbb5fd11f.json,Sentence-BERT of raw node text (384d),False
c50dc219317d,2026-09-19T10:57:04+00:00,14eedbd784f43524589dcc9c848191495f337851-dirty,reddit,geniepath,text,flag_bundled,closest to faithful - Breadth(GAT)+Depth(LSTM) preserved; matches PyG's example globals exactly. No official author repo exists.,adapted,0,1,cpu,torch 2.14.0+cu130,3.12.14,Linux-5.15.0-119-generic-x86_64-with-glibc2.39,benchmark-v1,,False,5,5,False,0.35,validation_swept,0.5929253932326733,0.5438732893672068,0.6081742298724075,0.534367778413603,0.14922480620155038,0.1726457399103139,0.1600831600831601,0.8352253415811298,0.16195741436043914,0.04284387049433407,202.3,70.94,completed,,md_K2_matched,markov_diffusion,markov_diffusion_h2_k10_t0_perhop_K2_matched_cosine,2.0,matched_cosine,results/flag_md/text/md_K2_matched,results/flag_md/text/md_K2_matched/reddit__geniepath__text__s0i1__c50dc219317d.json,Sentence-BERT of raw node text (384d),False
c66b4b23d019,2026-09-19T11:01:49+00:00,14eedbd784f43524589dcc9c848191495f337851-dirty,reddit,geniepath,text,flag_bundled,closest to faithful - Breadth(GAT)+Depth(LSTM) preserved; matches PyG's example globals exactly. No official author repo exists.,adapted,1,0,cpu,torch 2.14.0+cu130,3.12.14,Linux-5.15.0-119-generic-x86_64-with-glibc2.39,benchmark-v1,,False,5,5,False,0.15,validation_swept,0.6071756009512076,0.550976668475312,0.6041652205764085,0.5278165492118774,0.1380191693290735,0.16143497757847533,0.14881157423355149,0.832030453402216,0.16237008800164798,0.043148890705424686,200.58,74.57,completed,,md_K2_matched,markov_diffusion,markov_diffusion_h2_k10_t0_perhop_K2_matched_cosine,2.0,matched_cosine,results/flag_md/text/md_K2_matched,results/flag_md/text/md_K2_matched/reddit__geniepath__text__s1i0__c66b4b23d019.json,Sentence-BERT of raw node text (384d),False
ee75115a7a90,2026-09-19T11:06:38+00:00,14eedbd784f43524589dcc9c848191495f337851-dirty,reddit,geniepath,text,flag_bundled,closest to faithful - Breadth(GAT)+Depth(LSTM) preserved; matches PyG's example globals exactly. No official author repo exists.,adapted,1,1,cpu,torch 2.14.0+cu130,3.12.14,Linux-5.15.0-119-generic-x86_64-with-glibc2.39,benchmark-v1,,False,2,5,False,0.3,validation_swept,0.6222172879122139,0.5390544630898308,0.6150639347939878,0.5417293851429483,0.1557377049180328,0.2556053811659193,0.1935483870967742,0.8062674189382095,0.16218834170137564,0.07599954288466793,205.32,71.08,completed,,md_K2_matched,markov_diffusion,markov_diffusion_h2_k10_t0_perhop_K2_matched_cosine,2.0,matched_cosine,results/flag_md/text/md_K2_matched,results/flag_md/text/md_K2_matched/reddit__geniepath__text__s1i1__ee75115a7a90.json,Sentence-BERT of raw node text (384d),False
9691e47275ea,2026-09-19T11:11:26+00:00,14eedbd784f43524589dcc9c848191495f337851-dirty,reddit,geniepath,text,flag_bundled,closest to faithful - Breadth(GAT)+Depth(LSTM) preserved; matches PyG's example globals exactly. No official author repo exists.,adapted,2,0,cpu,torch 2.14.0+cu130,3.12.14,Linux-5.15.0-119-generic-x86_64-with-glibc2.39,benchmark-v1,,False,2,5,False,0.1,validation_swept,0.613725897487322,0.5526561323301055,0.6076343561760266,0.5314842450390118,0.1456908344733242,0.1591928251121076,0.15214285714285714,0.8386241587927401,0.1617644346633787,0.038857320854676476,205.88,69.45,completed,,md_K2_matched,markov_diffusion,markov_diffusion_h2_k10_t0_perhop_K2_matched_cosine,2.0,matched_cosine,results/flag_md/text/md_K2_matched,results/flag_md/text/md_K2_matched/reddit__geniepath__text__s2i0__9691e47275ea.json,Sentence-BERT of raw node text (384d),False
e078bcfc40fc,2026-09-19T11:16:13+00:00,14eedbd784f43524589dcc9c848191495f337851-dirty,reddit,geniepath,text,flag_bundled,closest to faithful - Breadth(GAT)+Depth(LSTM) preserved; matches PyG's example globals exactly. No official author repo exists.,adapted,2,1,cpu,torch 2.14.0+cu130,3.12.14,Linux-5.15.0-119-generic-x86_64-with-glibc2.39,benchmark-v1,,False,2,5,False,0.15,validation_swept,0.5163596252471134,0.5477421957395519,0.49729641200835584,0.5097747713757074,0.11281070745697896,0.08819133034379671,0.09899328859060402,0.8539868125892189,0.05219600611946279,0.05616291786515287,199.84,72.38,completed,,md_K2_matched,markov_diffusion,markov_diffusion_h2_k10_t0_perhop_K2_matched_cosine,2.0,matched_cosine,results/flag_md/text/md_K2_matched,results/flag_md/text/md_K2_matched/reddit__geniepath__text__s2i1__e078bcfc40fc.json,Sentence-BERT of raw node text (384d),False
6dca1df76068,2026-09-19T11:20:57+00:00,14eedbd784f43524589dcc9c848191495f337851-dirty,reddit,geniepath,text,flag_bundled,closest to faithful - Breadth(GAT)+Depth(LSTM) preserved; matches PyG's example globals exactly. No official author repo exists.,adapted,3,0,cpu,torch 2.14.0+cu130,3.12.14,Linux-5.15.0-119-generic-x86_64-with-glibc2.39,benchmark-v1,,False,4,5,False,0.39999999999999997,validation_swept,0.6029352777698193,0.5446448279179802,0.5995970563805861,0.5280580796190268,0.13624678663239073,0.19805680119581465,0.16143770941212307,0.8128611243287336,0.1482222674538763,0.0770375883597499,208.11,75.64,completed,,md_K2_matched,markov_diffusion,markov_diffusion_h2_k10_t0_perhop_K2_matched_cosine,2.0,matched_cosine,results/flag_md/text/md_K2_matched,results/flag_md/text/md_K2_matched/reddit__geniepath__text__s3i0__6dca1df76068.json,Sentence-BERT of raw node text (384d),False
f4956bfed584,2026-09-19T11:25:53+00:00,14eedbd784f43524589dcc9c848191495f337851-dirty,reddit,geniepath,text,flag_bundled,closest to faithful - Breadth(GAT)+Depth(LSTM) preserved; matches PyG's example globals exactly. No official author repo exists.,adapted,3,1,cpu,torch 2.14.0+cu130,3.12.14,Linux-5.15.0-119-generic-x86_64-with-glibc2.39,benchmark-v1,,False,4,5,False,0.65,validation_swept,0.6128054894994699,0.5442855176146101,0.6145450748149816,0.522069394821461,0.14056224899598393,0.10463378176382661,0.11996572407883462,0.8603765889470464,0.17851616776413037,0.026397433798134157,203.49,70.54,completed,,md_K2_matched,markov_diffusion,markov_diffusion_h2_k10_t0_perhop_K2_matched_cosine,2.0,matched_cosine,results/flag_md/text/md_K2_matched,results/flag_md/text/md_K2_matched/reddit__geniepath__text__s3i1__f4956bfed584.json,Sentence-BERT of raw node text (384d),False
19dba819d187,2026-09-19T11:43:05+00:00,14eedbd784f43524589dcc9c848191495f337851-dirty,reddit,pmp,text,flag_bundled,"partial - fraud/benign partition present, but applied to the aggregated mean rather than per-neighbour before aggregation",adapted,0,0,cpu,torch 2.14.0+cu130,3.12.14,Linux-5.15.0-119-generic-x86_64-with-glibc2.39,benchmark-v1,,False,3,5,False,0.15,validation_swept,0.6347269575681174,0.5384293231587133,0.6106774330671186,0.5292627340432038,0.13794772507260405,0.21300448430493274,0.16745005875440658,0.8073550404459248,0.16960394843278465,0.031755968994586346,19.12,9.32,completed,,md_K2_matched,markov_diffusion,markov_diffusion_h2_k10_t0_perhop_K2_matched_cosine,2.0,matched_cosine,results/flag_md/text/md_K2_matched,results/flag_md/text/md_K2_matched/reddit__pmp__text__s0i0__19dba819d187.json,Sentence-BERT of raw node text (384d),False
fb11ad307926,2026-09-19T11:43:39+00:00,14eedbd784f43524589dcc9c848191495f337851-dirty,reddit,pmp,text,flag_bundled,"partial - fraud/benign partition present, but applied to the aggregated mean rather than per-neighbour before aggregation",adapted,0,1,cpu,torch 2.14.0+cu130,3.12.14,Linux-5.15.0-119-generic-x86_64-with-glibc2.39,benchmark-v1,,False,3,5,False,0.2,validation_swept,0.625823711428817,0.5433751753028272,0.6134459064999116,0.5280937350092623,0.13974096796182686,0.1532137518684604,0.14616755793226383,0.8371966555638638,0.17327900169641058,0.028136573060496207,18.62,9.49,completed,,md_K2_matched,markov_diffusion,markov_diffusion_h2_k10_t0_perhop_K2_matched_cosine,2.0,matched_cosine,results/flag_md/text/md_K2_matched,results/flag_md/text/md_K2_matched/reddit__pmp__text__s0i1__fb11ad307926.json,Sentence-BERT of raw node text (384d),False
dc50bd51a9ec,2026-09-19T11:44:11+00:00,14eedbd784f43524589dcc9c848191495f337851-dirty,reddit,pmp,text,flag_bundled,"partial - fraud/benign partition present, but applied to the aggregated mean rather than per-neighbour before aggregation",adapted,1,0,cpu,torch 2.14.0+cu130,3.12.14,Linux-5.15.0-119-generic-x86_64-with-glibc2.39,benchmark-v1,,False,2,5,False,0.25,validation_swept,0.6182813798240839,0.5154814096619172,0.6109384279079157,0.5254716240366006,0.13263041065482797,0.17862481315396114,0.15222929936305732,0.8190469716538644,0.16797370870986172,0.06646738929021632,19.72,9.75,completed,,md_K2_matched,markov_diffusion,markov_diffusion_h2_k10_t0_perhop_K2_matched_cosine,2.0,matched_cosine,results/flag_md/text/md_K2_matched,results/flag_md/text/md_K2_matched/reddit__pmp__text__s1i0__dc50bd51a9ec.json,Sentence-BERT of raw node text (384d),False
6d54bd410b49,2026-09-19T11:44:44+00:00,14eedbd784f43524589dcc9c848191495f337851-dirty,reddit,pmp,text,flag_bundled,"partial - fraud/benign partition present, but applied to the aggregated mean rather than per-neighbour before aggregation",adapted,1,1,cpu,torch 2.14.0+cu130,3.12.14,Linux-5.15.0-119-generic-x86_64-with-glibc2.39,benchmark-v1,,False,3,5,False,0.1,validation_swept,0.6071218806406327,0.5271270935023394,0.6101912952464177,0.529897900320353,0.13915343915343914,0.19656203288490284,0.16294919454770757,0.8163279178845761,0.15851530038941325,0.05067207839290177,19.04,9.35,completed,,md_K2_matched,markov_diffusion,markov_diffusion_h2_k10_t0_perhop_K2_matched_cosine,2.0,matched_cosine,results/flag_md/text/md_K2_matched,results/flag_md/text/md_K2_matched/reddit__pmp__text__s1i1__6d54bd410b49.json,Sentence-BERT of raw node text (384d),False
e28a451557f9,2026-09-19T11:45:16+00:00,14eedbd784f43524589dcc9c848191495f337851-dirty,reddit,pmp,text,flag_bundled,"partial - fraud/benign partition present, but applied to the aggregated mean rather than per-neighbour before aggregation",adapted,2,0,cpu,torch 2.14.0+cu130,3.12.14,Linux-5.15.0-119-generic-x86_64-with-glibc2.39,benchmark-v1,,False,1,5,False,0.25,validation_swept,0.6146427241211357,0.5390955440770693,0.6217771468446395,0.5123162883709772,0.15643564356435644,0.05904334828101644,0.08572978838849701,0.8854598599687309,0.19213154765916685,0.02135218778396603,18.57,9.34,completed,,md_K2_matched,markov_diffusion,markov_diffusion_h2_k10_t0_perhop_K2_matched_cosine,2.0,matched_cosine,results/flag_md/text/md_K2_matched,results/flag_md/text/md_K2_matched/reddit__pmp__text__s2i0__e28a451557f9.json,Sentence-BERT of raw node text (384d),False
764bae413ab6,2026-09-19T11:45:48+00:00,14eedbd784f43524589dcc9c848191495f337851-dirty,reddit,pmp,text,flag_bundled,"partial - fraud/benign partition present, but applied to the aggregated mean rather than per-neighbour before aggregation",adapted,2,1,cpu,torch 2.14.0+cu130,3.12.14,Linux-5.15.0-119-generic-x86_64-with-glibc2.39,benchmark-v1,,False,1,5,False,0.15,validation_swept,0.6038574764346905,0.5294913771047391,0.6089119734261424,0.5341931789843944,0.14553014553014554,0.20926756352765322,0.17167381974248927,0.8163279178845761,0.15972196839961655,0.019113595225891858,18.73,9.65,completed,,md_K2_matched,markov_diffusion,markov_diffusion_h2_k10_t0_perhop_K2_matched_cosine,2.0,matched_cosine,results/flag_md/text/md_K2_matched,results/flag_md/text/md_K2_matched/reddit__pmp__text__s2i1__764bae413ab6.json,Sentence-BERT of raw node text (384d),False
8cb49d4f6239,2026-09-19T11:46:21+00:00,14eedbd784f43524589dcc9c848191495f337851-dirty,reddit,pmp,text,flag_bundled,"partial - fraud/benign partition present, but applied to the aggregated mean rather than per-neighbour before aggregation",adapted,3,0,cpu,torch 2.14.0+cu130,3.12.14,Linux-5.15.0-119-generic-x86_64-with-glibc2.39,benchmark-v1,,False,3,5,False,0.2,validation_swept,0.6323775893189698,0.5442482156183962,0.6130073569248079,0.5269219803765373,0.1345313258863526,0.2070254110612855,0.1630850750662349,0.8067432533478349,0.16418905996811953,0.043189542516672216,19.01,9.48,completed,,md_K2_matched,markov_diffusion,markov_diffusion_h2_k10_t0_perhop_K2_matched_cosine,2.0,matched_cosine,results/flag_md/text/md_K2_matched,results/flag_md/text/md_K2_matched/reddit__pmp__text__s3i0__8cb49d4f6239.json,Sentence-BERT of raw node text (384d),False
58cb2d2448f3,2026-09-19T11:46:53+00:00,14eedbd784f43524589dcc9c848191495f337851-dirty,reddit,pmp,text,flag_bundled,"partial - fraud/benign partition present, but applied to the aggregated mean rather than per-neighbour before aggregation",adapted,3,1,cpu,torch 2.14.0+cu130,3.12.14,Linux-5.15.0-119-generic-x86_64-with-glibc2.39,benchmark-v1,,False,5,5,False,0.3,validation_swept,0.6250931152049967,0.5356919273499982,0.5945753088597298,0.5221508196451448,0.1342281879194631,0.11958146487294469,0.12648221343873517,0.8497722792468221,0.1432666069564123,0.05842307801221844,18.63,9.41,completed,,md_K2_matched,markov_diffusion,markov_diffusion_h2_k10_t0_perhop_K2_matched_cosine,2.0,matched_cosine,results/flag_md/text/md_K2_matched,results/flag_md/text/md_K2_matched/reddit__pmp__text__s3i1__58cb2d2448f3.json,Sentence-BERT of raw node text (384d),False
dcaa972ef2ad,2026-09-19T11:35:57+00:00,14eedbd784f43524589dcc9c848191495f337851-dirty,instagram,bwgnn,text,flag_bundled,"beta-wavelet basis NOT applied - the polynomial is evaluated over raw adjacency A, not the normalised Laplacian, so it is not a beta wavelet. Theta coefficients themselves are correct.",approximation,0,0,cpu,torch 2.14.0+cu130,3.12.14,Linux-5.15.0-119-generic-x86_64-with-glibc2.39,benchmark-v1,,False,2,5,False,0.15,validation_swept,0.6013388734995383,0.5492733878292462,0.588575029034614,0.5396326486555744,0.1897018970189702,0.12110726643598616,0.14783526927138332,0.8730732934885184,0.14238754325259523,0.021220064492320296,9.14,4.44,completed,,md_K2_top_n,markov_diffusion,markov_diffusion_h2_k10_t0_perhop_K2_top_n,2.0,top_n,results/flag_md/text/md_K2_top_n,results/flag_md/text/md_K2_top_n/instagram__bwgnn__text__s0i0__dcaa972ef2ad.json,Sentence-BERT of raw node text (384d),False
df3d15474f75,2026-09-19T11:36:14+00:00,14eedbd784f43524589dcc9c848191495f337851-dirty,instagram,bwgnn,text,flag_bundled,"beta-wavelet basis NOT applied - the polynomial is evaluated over raw adjacency A, not the normalised Laplacian, so it is not a beta wavelet. Theta coefficients themselves are correct.",approximation,0,1,cpu,torch 2.14.0+cu130,3.12.14,Linux-5.15.0-119-generic-x86_64-with-glibc2.39,benchmark-v1,,False,2,5,False,0.1,validation_swept,0.605243921206525,0.5481854073876329,0.5919568132565463,0.5279332545826212,0.13855421686746988,0.27854671280276816,0.1850574712643678,0.7769738911607423,0.14930795847750866,0.019767395144527113,10.06,4.84,completed,,md_K2_top_n,markov_diffusion,markov_diffusion_h2_k10_t0_perhop_K2_top_n,2.0,top_n,results/flag_md/text/md_K2_top_n,results/flag_md/text/md_K2_top_n/instagram__bwgnn__text__s0i1__df3d15474f75.json,Sentence-BERT of raw node text (384d),False
05795899c87b,2026-09-19T11:36:31+00:00,14eedbd784f43524589dcc9c848191495f337851-dirty,instagram,bwgnn,text,flag_bundled,"beta-wavelet basis NOT applied - the polynomial is evaluated over raw adjacency A, not the normalised Laplacian, so it is not a beta wavelet. Theta coefficients themselves are correct.",approximation,1,0,cpu,torch 2.14.0+cu130,3.12.14,Linux-5.15.0-119-generic-x86_64-with-glibc2.39,benchmark-v1,,False,1,5,False,0.15,validation_swept,0.6555093875038472,0.5661128856890151,0.5883204523413272,0.5343527316517854,0.16142557651991615,0.13321799307958476,0.14597156398104266,0.8582887700534759,0.14723183391003464,0.0159832528941292,9.04,4.59,completed,,md_K2_top_n,markov_diffusion,markov_diffusion_h2_k10_t0_perhop_K2_top_n,2.0,top_n,results/flag_md/text/md_K2_top_n,results/flag_md/text/md_K2_top_n/instagram__bwgnn__text__s1i0__05795899c87b.json,Sentence-BERT of raw node text (384d),False
844c07a1669e,2026-09-19T11:36:47+00:00,14eedbd784f43524589dcc9c848191495f337851-dirty,instagram,bwgnn,text,flag_bundled,"beta-wavelet basis NOT applied - the polynomial is evaluated over raw adjacency A, not the normalised Laplacian, so it is not a beta wavelet. Theta coefficients themselves are correct.",approximation,1,1,cpu,torch 2.14.0+cu130,3.12.14,Linux-5.15.0-119-generic-x86_64-with-glibc2.39,benchmark-v1,,False,4,5,False,0.2,validation_swept,0.625076946752847,0.5549599045478509,0.5733495168879683,0.5301057055425499,0.15555555555555556,0.12110726643598616,0.13618677042801555,0.8603334381881095,0.11955017301038062,0.029985751977355053,9.53,4.58,completed,,md_K2_top_n,markov_diffusion,markov_diffusion_h2_k10_t0_perhop_K2_top_n,2.0,top_n,results/flag_md/text/md_K2_top_n,results/flag_md/text/md_K2_top_n/instagram__bwgnn__text__s1i1__844c07a1669e.json,Sentence-BERT of raw node text (384d),False
845cd4dd5e4f,2026-09-19T11:37:03+00:00,14eedbd784f43524589dcc9c848191495f337851-dirty,instagram,bwgnn,text,flag_bundled,"beta-wavelet basis NOT applied - the polynomial is evaluated over raw adjacency A, not the normalised Laplacian, so it is not a beta wavelet. Theta coefficients themselves are correct.",approximation,2,0,cpu,torch 2.14.0+cu130,3.12.14,Linux-5.15.0-119-generic-x86_64-with-glibc2.39,benchmark-v1,,False,1,5,False,0.2,validation_swept,0.6206717451523546,0.5553112489369205,0.5925193963194886,0.51913456575717,0.19473684210526315,0.06401384083044982,0.09635416666666667,0.8908461780434099,0.14930795847750872,0.014032623933914683,9.32,4.57,completed,,md_K2_top_n,markov_diffusion,markov_diffusion_h2_k10_t0_perhop_K2_top_n,2.0,top_n,results/flag_md/text/md_K2_top_n,results/flag_md/text/md_K2_top_n/instagram__bwgnn__text__s2i0__845cd4dd5e4f.json,Sentence-BERT of raw node text (384d),False
8f7efb48b54c,2026-09-19T11:37:19+00:00,14eedbd784f43524589dcc9c848191495f337851-dirty,instagram,bwgnn,text,flag_bundled,"beta-wavelet basis NOT applied - the polynomial is evaluated over raw adjacency A, not the normalised Laplacian, so it is not a beta wavelet. Theta coefficients themselves are correct.",approximation,2,1,cpu,torch 2.14.0+cu130,3.12.14,Linux-5.15.0-119-generic-x86_64-with-glibc2.39,benchmark-v1,,False,2,5,False,0.15,validation_swept,0.614131271160357,0.5463092826346683,0.5922256079309395,0.5419470970625024,0.15844155844155844,0.21107266435986158,0.18100890207715134,0.8263604907203523,0.1451557093425606,0.014938987645057807,9.29,4.47,completed,,md_K2_top_n,markov_diffusion,markov_diffusion_h2_k10_t0_perhop_K2_top_n,2.0,top_n,results/flag_md/text/md_K2_top_n,results/flag_md/text/md_K2_top_n/instagram__bwgnn__text__s2i1__8f7efb48b54c.json,Sentence-BERT of raw node text (384d),False
faeb2fe83a9c,2026-09-19T11:37:34+00:00,14eedbd784f43524589dcc9c848191495f337851-dirty,instagram,bwgnn,text,flag_bundled,"beta-wavelet basis NOT applied - the polynomial is evaluated over raw adjacency A, not the normalised Laplacian, so it is not a beta wavelet. Theta coefficients themselves are correct.",approximation,3,0,cpu,torch 2.14.0+cu130,3.12.14,Linux-5.15.0-119-generic-x86_64-with-glibc2.39,benchmark-v1,,False,4,5,False,0.15,validation_swept,0.6314635272391506,0.5555822088955522,0.5812803067492008,0.5381458879994816,0.16006884681583478,0.16089965397923875,0.16048317515099222,0.8469644542308902,0.1216262975778547,0.027660202171594032,9.3,4.47,completed,,md_K2_top_n,markov_diffusion,markov_diffusion_h2_k10_t0_perhop_K2_top_n,2.0,top_n,results/flag_md/text/md_K2_top_n,results/flag_md/text/md_K2_top_n/instagram__bwgnn__text__s3i0__faeb2fe83a9c.json,Sentence-BERT of raw node text (384d),False
9a07e3453dc1,2026-09-19T11:37:50+00:00,14eedbd784f43524589dcc9c848191495f337851-dirty,instagram,bwgnn,text,flag_bundled,"beta-wavelet basis NOT applied - the polynomial is evaluated over raw adjacency A, not the normalised Laplacian, so it is not a beta wavelet. Theta coefficients themselves are correct.",approximation,3,1,cpu,torch 2.14.0+cu130,3.12.14,Linux-5.15.0-119-generic-x86_64-with-glibc2.39,benchmark-v1,,False,1,5,False,0.15,validation_swept,0.5985687903970452,0.5359884721610695,0.5777843296895392,0.48407432543513174,0.12,0.010380622837370242,0.01910828025477707,0.903114186851211,0.13373702422145323,0.029844314534628456,8.21,4.47,completed,,md_K2_top_n,markov_diffusion,markov_diffusion_h2_k10_t0_perhop_K2_top_n,2.0,top_n,results/flag_md/text/md_K2_top_n,results/flag_md/text/md_K2_top_n/instagram__bwgnn__text__s3i1__9a07e3453dc1.json,Sentence-BERT of raw node text (384d),False
e081df1126a8,2026-09-19T11:20:01+00:00,14eedbd784f43524589dcc9c848191495f337851-dirty,instagram,care_gnn,text,flag_bundled,"NOT CARE-GNN - no RL neighbour filtering, no label-aware similarity, no multi-relation aggregation. A similarity-gated mean aggregator.",approximation,0,0,cpu,torch 2.14.0+cu130,3.12.14,Linux-5.15.0-119-generic-x86_64-with-glibc2.39,benchmark-v1,,False,1,5,False,0.1,validation_swept,0.6598568790397046,0.5708056553231871,0.6101661558171,0.5425329701161091,0.15673076923076923,0.2820069204152249,0.20148331273176762,0.7967914438502673,0.19480968858131487,0.01666711820960375,12.51,5.63,completed,,md_K2_top_n,markov_diffusion,markov_diffusion_h2_k10_t0_perhop_K2_top_n,2.0,top_n,results/flag_md/text/md_K2_top_n,results/flag_md/text/md_K2_top_n/instagram__care_gnn__text__s0i0__e081df1126a8.json,Sentence-BERT of raw node text (384d),False
8fdb20800c4c,2026-09-19T11:20:24+00:00,14eedbd784f43524589dcc9c848191495f337851-dirty,instagram,care_gnn,text,flag_bundled,"NOT CARE-GNN - no RL neighbour filtering, no label-aware similarity, no multi-relation aggregation. A similarity-gated mean aggregator.",approximation,0,1,cpu,torch 2.14.0+cu130,3.12.14,Linux-5.15.0-119-generic-x86_64-with-glibc2.39,benchmark-v1,,False,1,5,False,0.1,validation_swept,0.6791897506925207,0.5686694534877001,0.6100702218603704,0.5363771440202639,0.14829268292682926,0.2629757785467128,0.18964441671865254,0.7956904687008494,0.18806228373702422,0.012676115058123397,11.51,5.57,completed,,md_K2_top_n,markov_diffusion,markov_diffusion_h2_k10_t0_perhop_K2_top_n,2.0,top_n,results/flag_md/text/md_K2_top_n,results/flag_md/text/md_K2_top_n/instagram__care_gnn__text__s0i1__8fdb20800c4c.json,Sentence-BERT of raw node text (384d),False
aefd3ab49ba9,2026-09-19T11:20:43+00:00,14eedbd784f43524589dcc9c848191495f337851-dirty,instagram,care_gnn,text,flag_bundled,"NOT CARE-GNN - no RL neighbour filtering, no label-aware similarity, no multi-relation aggregation. A similarity-gated mean aggregator.",approximation,1,0,cpu,torch 2.14.0+cu130,3.12.14,Linux-5.15.0-119-generic-x86_64-with-glibc2.39,benchmark-v1,,False,1,5,False,0.15,validation_swept,0.6492574638350262,0.59429580081754,0.6129823637169096,0.5394110635251937,0.15239043824701196,0.2647058823529412,0.1934260429835651,0.7993079584775087,0.1977508650519031,0.02848319199314735,11.35,5.48,completed,,md_K2_top_n,markov_diffusion,markov_diffusion_h2_k10_t0_perhop_K2_top_n,2.0,top_n,results/flag_md/text/md_K2_top_n,results/flag_md/text/md_K2_top_n/instagram__care_gnn__text__s1i0__aefd3ab49ba9.json,Sentence-BERT of raw node text (384d),False
0e65400fcf73,2026-09-19T11:21:01+00:00,14eedbd784f43524589dcc9c848191495f337851-dirty,instagram,care_gnn,text,flag_bundled,"NOT CARE-GNN - no RL neighbour filtering, no label-aware similarity, no multi-relation aggregation. A similarity-gated mean aggregator.",approximation,1,1,cpu,torch 2.14.0+cu130,3.12.14,Linux-5.15.0-119-generic-x86_64-with-glibc2.39,benchmark-v1,,False,1,5,False,0.15,validation_swept,0.6514504462911666,0.5758110446166439,0.6132125453478766,0.5408051378446115,0.15826330532212884,0.19550173010380623,0.17492260061919504,0.8323372129600504,0.1975778546712803,0.02074037388537795,11.87,5.5,completed,,md_K2_top_n,markov_diffusion,markov_diffusion_h2_k10_t0_perhop_K2_top_n,2.0,top_n,results/flag_md/text/md_K2_top_n,results/flag_md/text/md_K2_top_n/instagram__care_gnn__text__s1i1__0e65400fcf73.json,Sentence-BERT of raw node text (384d),False
43a42985fa0e,2026-09-19T11:21:21+00:00,14eedbd784f43524589dcc9c848191495f337851-dirty,instagram,care_gnn,text,flag_bundled,"NOT CARE-GNN - no RL neighbour filtering, no label-aware similarity, no multi-relation aggregation. A similarity-gated mean aggregator.",approximation,2,0,cpu,torch 2.14.0+cu130,3.12.14,Linux-5.15.0-119-generic-x86_64-with-glibc2.39,benchmark-v1,,False,1,5,False,0.1,validation_swept,0.6620690981840566,0.5824063400576369,0.6102680762921899,0.5414558911821326,0.15625,0.32006920415224915,0.20998864926220204,0.7810632274300094,0.19688581314878895,0.014054603873218604,12.34,5.69,completed,,md_K2_top_n,markov_diffusion,markov_diffusion_h2_k10_t0_perhop_K2_top_n,2.0,top_n,results/flag_md/text/md_K2_top_n,results/flag_md/text/md_K2_top_n/instagram__care_gnn__text__s2i0__43a42985fa0e.json,Sentence-BERT of raw node text (384d),False
41f2e5d6c871,2026-09-19T11:21:41+00:00,14eedbd784f43524589dcc9c848191495f337851-dirty,instagram,care_gnn,text,flag_bundled,"NOT CARE-GNN - no RL neighbour filtering, no label-aware similarity, no multi-relation aggregation. A similarity-gated mean aggregator.",approximation,2,1,cpu,torch 2.14.0+cu130,3.12.14,Linux-5.15.0-119-generic-x86_64-with-glibc2.39,benchmark-v1,,False,2,5,False,0.15,validation_swept,0.6584718374884581,0.5712667079755687,0.6163449910800877,0.5460755863752277,0.1639751552795031,0.22837370242214533,0.19088937093275488,0.8240012582573136,0.19913494809688576,0.016279380868730143,10.77,4.93,completed,,md_K2_top_n,markov_diffusion,markov_diffusion_h2_k10_t0_perhop_K2_top_n,2.0,top_n,results/flag_md/text/md_K2_top_n,results/flag_md/text/md_K2_top_n/instagram__care_gnn__text__s2i1__41f2e5d6c871.json,Sentence-BERT of raw node text (384d),False
530dc73b1212,2026-09-19T11:21:58+00:00,14eedbd784f43524589dcc9c848191495f337851-dirty,instagram,care_gnn,text,flag_bundled,"NOT CARE-GNN - no RL neighbour filtering, no label-aware similarity, no multi-relation aggregation. A similarity-gated mean aggregator.",approximation,3,0,cpu,torch 2.14.0+cu130,3.12.14,Linux-5.15.0-119-generic-x86_64-with-glibc2.39,benchmark-v1,,False,3,5,False,0.2,validation_swept,0.6151027239150507,0.5773867658837817,0.5993771027645741,0.5464750255004092,0.17565217391304347,0.17474048442906576,0.17519514310494363,0.850424661843347,0.1717993079584776,0.02942165702164817,10.71,4.97,completed,,md_K2_top_n,markov_diffusion,markov_diffusion_h2_k10_t0_perhop_K2_top_n,2.0,top_n,results/flag_md/text/md_K2_top_n,results/flag_md/text/md_K2_top_n/instagram__care_gnn__text__s3i0__530dc73b1212.json,Sentence-BERT of raw node text (384d),False
2241307683e2,2026-09-19T11:22:16+00:00,14eedbd784f43524589dcc9c848191495f337851-dirty,instagram,care_gnn,text,flag_bundled,"NOT CARE-GNN - no RL neighbour filtering, no label-aware similarity, no multi-relation aggregation. A similarity-gated mean aggregator.",approximation,3,1,cpu,torch 2.14.0+cu130,3.12.14,Linux-5.15.0-119-generic-x86_64-with-glibc2.39,benchmark-v1,,False,2,5,False,0.1,validation_swept,0.6524315173899662,0.5760329131652661,0.6124286107685494,0.5467131639876907,0.16444981862152358,0.23529411764705882,0.19359430604982206,0.8217993079584776,0.19048442906574392,0.028893696122837043,10.72,4.98,completed,,md_K2_top_n,markov_diffusion,markov_diffusion_h2_k10_t0_perhop_K2_top_n,2.0,top_n,results/flag_md/text/md_K2_top_n,results/flag_md/text/md_K2_top_n/instagram__care_gnn__text__s3i1__2241307683e2.json,Sentence-BERT of raw node text (384d),False
847a2750840c,2026-09-19T11:40:17+00:00,14eedbd784f43524589dcc9c848191495f337851-dirty,instagram,dga_gnn,text,flag_bundled,"NOT DGA-GNN - no decision-tree dynamic grouping, no bidirectional grouped aggregation. GraphSAGE-mean.",approximation,0,0,cpu,torch 2.14.0+cu130,3.12.14,Linux-5.15.0-119-generic-x86_64-with-glibc2.39,benchmark-v1,,False,3,5,False,0.2,validation_swept,0.6060903354878424,0.5759679572763685,0.600229882305049,0.5191153488075404,0.16600790513833993,0.0726643598615917,0.10108303249097472,0.8825102233406732,0.1603806228373702,0.036280603782303404,11.04,3.6,completed,,md_K2_top_n,markov_diffusion,markov_diffusion_h2_k10_t0_perhop_K2_top_n,2.0,top_n,results/flag_md/text/md_K2_top_n,results/flag_md/text/md_K2_top_n/instagram__dga_gnn__text__s0i0__847a2750840c.json,Sentence-BERT of raw node text (384d),False
43124045b4b6,2026-09-19T11:40:39+00:00,14eedbd784f43524589dcc9c848191495f337851-dirty,instagram,dga_gnn,text,flag_bundled,"NOT DGA-GNN - no decision-tree dynamic grouping, no bidirectional grouped aggregation. GraphSAGE-mean.",approximation,0,1,cpu,torch 2.14.0+cu130,3.12.14,Linux-5.15.0-119-generic-x86_64-with-glibc2.39,benchmark-v1,,False,3,5,False,0.15,validation_swept,0.6146314250538628,0.5737927402365905,0.6082001831874618,0.5430846809786656,0.16749585406301823,0.17474048442906576,0.1710414902624894,0.8460207612456747,0.18460207612456747,0.010352895906257728,8.06,3.58,completed,,md_K2_top_n,markov_diffusion,markov_diffusion_h2_k10_t0_perhop_K2_top_n,2.0,top_n,results/flag_md/text/md_K2_top_n,results/flag_md/text/md_K2_top_n/instagram__dga_gnn__text__s0i1__43124045b4b6.json,Sentence-BERT of raw node text (384d),False
bab695554259,2026-09-19T11:40:53+00:00,14eedbd784f43524589dcc9c848191495f337851-dirty,instagram,dga_gnn,text,flag_bundled,"NOT DGA-GNN - no decision-tree dynamic grouping, no bidirectional grouped aggregation. GraphSAGE-mean.",approximation,1,0,cpu,torch 2.14.0+cu130,3.12.14,Linux-5.15.0-119-generic-x86_64-with-glibc2.39,benchmark-v1,,False,3,5,False,0.15,validation_swept,0.610168513388735,0.5661128856890151,0.6122136947594018,0.5425296995674197,0.1839080459770115,0.1384083044982699,0.1579466929911155,0.8658383139351997,0.17352941176470588,0.009063021667019262,8.12,3.64,completed,,md_K2_top_n,markov_diffusion,markov_diffusion_h2_k10_t0_perhop_K2_top_n,2.0,top_n,results/flag_md/text/md_K2_top_n,results/flag_md/text/md_K2_top_n/instagram__dga_gnn__text__s1i0__bab695554259.json,Sentence-BERT of raw node text (384d),False
f890c0c69d6d,2026-09-19T11:41:06+00:00,14eedbd784f43524589dcc9c848191495f337851-dirty,instagram,dga_gnn,text,flag_bundled,"NOT DGA-GNN - no decision-tree dynamic grouping, no bidirectional grouped aggregation. GraphSAGE-mean.",approximation,1,1,cpu,torch 2.14.0+cu130,3.12.14,Linux-5.15.0-119-generic-x86_64-with-glibc2.39,benchmark-v1,,False,3,5,False,0.15,validation_swept,0.6182863958140966,0.5725852548627876,0.6115946887609104,0.5464463664640291,0.17992424242424243,0.1643598615916955,0.1717902350813743,0.8559295375904372,0.17837370242214534,0.010163262849729252,11.87,3.58,completed,,md_K2_top_n,markov_diffusion,markov_diffusion_h2_k10_t0_perhop_K2_top_n,2.0,top_n,results/flag_md/text/md_K2_top_n,results/flag_md/text/md_K2_top_n/instagram__dga_gnn__text__s1i1__f890c0c69d6d.json,Sentence-BERT of raw node text (384d),False
59aa81398033,2026-09-19T11:41:23+00:00,14eedbd784f43524589dcc9c848191495f337851-dirty,instagram,dga_gnn,text,flag_bundled,"NOT DGA-GNN - no decision-tree dynamic grouping, no bidirectional grouped aggregation. GraphSAGE-mean.",approximation,2,0,cpu,torch 2.14.0+cu130,3.12.14,Linux-5.15.0-119-generic-x86_64-with-glibc2.39,benchmark-v1,,False,3,5,False,0.15,validation_swept,0.6217874730686365,0.5813979300202559,0.6111844625902467,0.5383631398981575,0.17647058823529413,0.12975778546712802,0.14955134596211367,0.8658383139351997,0.18840830449826984,0.022765958157815368,8.43,3.7,completed,,md_K2_top_n,markov_diffusion,markov_diffusion_h2_k10_t0_perhop_K2_top_n,2.0,top_n,results/flag_md/text/md_K2_top_n,results/flag_md/text/md_K2_top_n/instagram__dga_gnn__text__s2i0__59aa81398033.json,Sentence-BERT of raw node text (384d),False
cd92e957787b,2026-09-19T11:41:37+00:00,14eedbd784f43524589dcc9c848191495f337851-dirty,instagram,dga_gnn,text,flag_bundled,"NOT DGA-GNN - no decision-tree dynamic grouping, no bidirectional grouped aggregation. GraphSAGE-mean.",approximation,2,1,cpu,torch 2.14.0+cu130,3.12.14,Linux-5.15.0-119-generic-x86_64-with-glibc2.39,benchmark-v1,,False,2,5,False,0.15,validation_swept,0.610803324099723,0.576176887228233,0.6088393936854205,0.5415815741123207,0.16554054054054054,0.1695501730103806,0.1675213675213675,0.8468071720666877,0.17768166089965393,0.00884382047032171,11.18,3.64,completed,,md_K2_top_n,markov_diffusion,markov_diffusion_h2_k10_t0_perhop_K2_top_n,2.0,top_n,results/flag_md/text/md_K2_top_n,results/flag_md/text/md_K2_top_n/instagram__dga_gnn__text__s2i1__cd92e957787b.json,Sentence-BERT of raw node text (384d),False
5675e63441d7,2026-09-19T11:41:54+00:00,14eedbd784f43524589dcc9c848191495f337851-dirty,instagram,dga_gnn,text,flag_bundled,"NOT DGA-GNN - no decision-tree dynamic grouping, no bidirectional grouped aggregation. GraphSAGE-mean.",approximation,3,0,cpu,torch 2.14.0+cu130,3.12.14,Linux-5.15.0-119-generic-x86_64-with-glibc2.39,benchmark-v1,,False,1,5,False,0.15,validation_swept,0.6349068944290552,0.5678519593613933,0.6173055279510542,0.5376472874500718,0.20064724919093851,0.10726643598615918,0.13979706877113868,0.8799937087134319,0.18425605536332185,0.008514671725024403,8.01,3.59,completed,,md_K2_top_n,markov_diffusion,markov_diffusion_h2_k10_t0_perhop_K2_top_n,2.0,top_n,results/flag_md/text/md_K2_top_n,results/flag_md/text/md_K2_top_n/instagram__dga_gnn__text__s3i0__5675e63441d7.json,Sentence-BERT of raw node text (384d),False
957bcf8ff8f7,2026-09-19T11:42:07+00:00,14eedbd784f43524589dcc9c848191495f337851-dirty,instagram,dga_gnn,text,flag_bundled,"NOT DGA-GNN - no decision-tree dynamic grouping, no bidirectional grouped aggregation. GraphSAGE-mean.",approximation,3,1,cpu,torch 2.14.0+cu130,3.12.14,Linux-5.15.0-119-generic-x86_64-with-glibc2.39,benchmark-v1,,False,4,5,False,0.15,validation_swept,0.6257694675284703,0.6033605812897366,0.6063144299038565,0.5378083159909663,0.16877637130801687,0.1384083044982699,0.1520912547528517,0.8597043095312992,0.1716262975778547,0.030808828490622626,8.25,3.59,completed,,md_K2_top_n,markov_diffusion,markov_diffusion_h2_k10_t0_perhop_K2_top_n,2.0,top_n,results/flag_md/text/md_K2_top_n,results/flag_md/text/md_K2_top_n/instagram__dga_gnn__text__s3i1__957bcf8ff8f7.json,Sentence-BERT of raw node text (384d),False
ecb954d63c64,2026-09-19T11:30:43+00:00,14eedbd784f43524589dcc9c848191495f337851-dirty,instagram,gat,text,flag_bundled,"NOT canonical GAT - conv2 is a SAGEConv, not a GATConv, so the second layer performs no attention",adapted,0,0,cpu,torch 2.14.0+cu130,3.12.14,Linux-5.15.0-119-generic-x86_64-with-glibc2.39,benchmark-v1,,False,1,5,False,0.1,validation_swept,0.6627616189596799,0.5934643475641894,0.6238646567929023,0.5498230216395656,0.16666666666666666,0.2958477508650519,0.21321695760598502,0.8015099087763448,0.20138408304498273,0.025329427192026945,11.78,5.09,completed,,md_K2_top_n,markov_diffusion,markov_diffusion_h2_k10_t0_perhop_K2_top_n,2.0,top_n,results/flag_md/text/md_K2_top_n,results/flag_md/text/md_K2_top_n/instagram__gat__text__s0i0__ecb954d63c64.json,Sentence-BERT of raw node text (384d),False
30a17dcc0519,2026-09-19T11:31:03+00:00,14eedbd784f43524589dcc9c848191495f337851-dirty,instagram,gat,text,flag_bundled,"NOT canonical GAT - conv2 is a SAGEConv, not a GATConv, so the second layer performs no attention",adapted,0,1,cpu,torch 2.14.0+cu130,3.12.14,Linux-5.15.0-119-generic-x86_64-with-glibc2.39,benchmark-v1,,False,1,5,False,0.1,validation_swept,0.6689943059402893,0.5680264427518529,0.6215722692496497,0.5335297225723489,0.15737051792828685,0.13667820069204153,0.14629629629629629,0.8549858446052218,0.20501730103806226,0.045142656702960714,11.93,5.09,completed,,md_K2_top_n,markov_diffusion,markov_diffusion_h2_k10_t0_perhop_K2_top_n,2.0,top_n,results/flag_md/text/md_K2_top_n,results/flag_md/text/md_K2_top_n/instagram__gat__text__s0i1__30a17dcc0519.json,Sentence-BERT of raw node text (384d),False
b137b337a1a1,2026-09-19T11:31:22+00:00,14eedbd784f43524589dcc9c848191495f337851-dirty,instagram,gat,text,flag_bundled,"NOT canonical GAT - conv2 is a SAGEConv, not a GATConv, so the second layer performs no attention",adapted,1,0,cpu,torch 2.14.0+cu130,3.12.14,Linux-5.15.0-119-generic-x86_64-with-glibc2.39,benchmark-v1,,False,2,5,False,0.15,validation_swept,0.6356955986457371,0.5764373757830682,0.6169303229128004,0.5527191330232805,0.17979197622585438,0.2093425605536332,0.19344524380495604,0.8413022963195974,0.1885813148788928,0.016742366465621855,11.92,5.11,completed,,md_K2_top_n,markov_diffusion,markov_diffusion_h2_k10_t0_perhop_K2_top_n,2.0,top_n,results/flag_md/text/md_K2_top_n,results/flag_md/text/md_K2_top_n/instagram__gat__text__s1i0__b137b337a1a1.json,Sentence-BERT of raw node text (384d),False
21da711b3141,2026-09-19T11:31:41+00:00,14eedbd784f43524589dcc9c848191495f337851-dirty,instagram,gat,text,flag_bundled,"NOT canonical GAT - conv2 is a SAGEConv, not a GATConv, so the second layer performs no attention",adapted,1,1,cpu,torch 2.14.0+cu130,3.12.14,Linux-5.15.0-119-generic-x86_64-with-glibc2.39,benchmark-v1,,False,2,5,False,0.15,validation_swept,0.6171706678978147,0.5705851874543797,0.6109291375821649,0.5485588959018337,0.16490891658676893,0.2975778546712803,0.2122146822948797,0.799150676313306,0.17871972318339102,0.0152172792056056,11.81,5.13,completed,,md_K2_top_n,markov_diffusion,markov_diffusion_h2_k10_t0_perhop_K2_top_n,2.0,top_n,results/flag_md/text/md_K2_top_n,results/flag_md/text/md_K2_top_n/instagram__gat__text__s1i1__21da711b3141.json,Sentence-BERT of raw node text (384d),False
69e3ddb35cdd,2026-09-19T11:32:00+00:00,14eedbd784f43524589dcc9c848191495f337851-dirty,instagram,gat,text,flag_bundled,"NOT canonical GAT - conv2 is a SAGEConv, not a GATConv, so the second layer performs no attention",adapted,2,0,cpu,torch 2.14.0+cu130,3.12.14,Linux-5.15.0-119-generic-x86_64-with-glibc2.39,benchmark-v1,,False,1,5,False,0.15,validation_swept,0.6563365650969528,0.5898809595310455,0.6056334634403323,0.5472142592089726,0.16337148803329865,0.27162629757785467,0.20402858999350226,0.8073293488518402,0.17854671280276818,0.01894934370336848,12.48,5.31,completed,,md_K2_top_n,markov_diffusion,markov_diffusion_h2_k10_t0_perhop_K2_top_n,2.0,top_n,results/flag_md/text/md_K2_top_n,results/flag_md/text/md_K2_top_n/instagram__gat__text__s2i0__69e3ddb35cdd.json,Sentence-BERT of raw node text (384d),False
9b496a5d1fad,2026-09-19T11:32:20+00:00,14eedbd784f43524589dcc9c848191495f337851-dirty,instagram,gat,text,flag_bundled,"NOT canonical GAT - conv2 is a SAGEConv, not a GATConv, so the second layer performs no attention",adapted,2,1,cpu,torch 2.14.0+cu130,3.12.14,Linux-5.15.0-119-generic-x86_64-with-glibc2.39,benchmark-v1,,False,3,5,False,0.1,validation_swept,0.6415627885503232,0.5816531549885491,0.6108484692472551,0.541054280378336,0.15485074626865672,0.28719723183391005,0.2012121212121212,0.7927021075810003,0.17370242214532872,0.041072355012549154,12.24,5.12,completed,,md_K2_top_n,markov_diffusion,markov_diffusion_h2_k10_t0_perhop_K2_top_n,2.0,top_n,results/flag_md/text/md_K2_top_n,results/flag_md/text/md_K2_top_n/instagram__gat__text__s2i1__9b496a5d1fad.json,Sentence-BERT of raw node text (384d),False
1feb2301423b,2026-09-19T11:32:39+00:00,14eedbd784f43524589dcc9c848191495f337851-dirty,instagram,gat,text,flag_bundled,"NOT canonical GAT - conv2 is a SAGEConv, not a GATConv, so the second layer performs no attention",adapted,3,0,cpu,torch 2.14.0+cu130,3.12.14,Linux-5.15.0-119-generic-x86_64-with-glibc2.39,benchmark-v1,,False,2,5,False,0.1,validation_swept,0.6459872268390274,0.5934722738713103,0.6151412519007197,0.5417621435426633,0.1704119850187266,0.157439446366782,0.16366906474820145,0.8537275872916011,0.19065743944636682,0.04790376831443274,11.82,5.09,completed,,md_K2_top_n,markov_diffusion,markov_diffusion_h2_k10_t0_perhop_K2_top_n,2.0,top_n,results/flag_md/text/md_K2_top_n,results/flag_md/text/md_K2_top_n/instagram__gat__text__s3i0__1feb2301423b.json,Sentence-BERT of raw node text (384d),False
98f9c8a17371,2026-09-19T11:32:58+00:00,14eedbd784f43524589dcc9c848191495f337851-dirty,instagram,gat,text,flag_bundled,"NOT canonical GAT - conv2 is a SAGEConv, not a GATConv, so the second layer performs no attention",adapted,3,1,cpu,torch 2.14.0+cu130,3.12.14,Linux-5.15.0-119-generic-x86_64-with-glibc2.39,benchmark-v1,,False,2,5,False,0.1,validation_swept,0.6489112034472146,0.576189068453554,0.6146570922283019,0.5466893315610408,0.1642685851318945,0.2370242214532872,0.19405099150141644,0.8210128971374646,0.18806228373702422,0.03958173089822711,11.8,5.12,completed,,md_K2_top_n,markov_diffusion,markov_diffusion_h2_k10_t0_perhop_K2_top_n,2.0,top_n,results/flag_md/text/md_K2_top_n,results/flag_md/text/md_K2_top_n/instagram__gat__text__s3i1__98f9c8a17371.json,Sentence-BERT of raw node text (384d),False
560f03435e23,2026-09-19T11:48:45+00:00,14eedbd784f43524589dcc9c848191495f337851-dirty,instagram,gcn,text,flag_bundled,faithful - two GCNConv layers plus the Eq. 6 skip,faithful,0,0,cpu,torch 2.14.0+cu130,3.12.14,Linux-5.15.0-119-generic-x86_64-with-glibc2.39,benchmark-v1,,False,2,5,False,0.15,validation_swept,0.643332563865805,0.5937989303154794,0.6071070449348068,0.5479207095586406,0.172782874617737,0.19550173010380623,0.18344155844155843,0.8417741428122051,0.16297577854671286,0.020160942991416825,8.76,4.06,completed,,md_K2_top_n,markov_diffusion,markov_diffusion_h2_k10_t0_perhop_K2_top_n,2.0,top_n,results/flag_md/text/md_K2_top_n,results/flag_md/text/md_K2_top_n/instagram__gcn__text__s0i0__560f03435e23.json,Sentence-BERT of raw node text (384d),False
6927898f44fd,2026-09-19T11:49:02+00:00,14eedbd784f43524589dcc9c848191495f337851-dirty,instagram,gcn,text,flag_bundled,faithful - two GCNConv layers plus the Eq. 6 skip,faithful,0,1,cpu,torch 2.14.0+cu130,3.12.14,Linux-5.15.0-119-generic-x86_64-with-glibc2.39,benchmark-v1,,False,2,5,False,0.15,validation_swept,0.6453716528162512,0.5680277610316282,0.6083902551454125,0.5456674473067915,0.16552667578659372,0.2093425605536332,0.18487394957983194,0.8321799307958477,0.16608996539792387,0.019375299853977294,8.18,4.08,completed,,md_K2_top_n,markov_diffusion,markov_diffusion_h2_k10_t0_perhop_K2_top_n,2.0,top_n,results/flag_md/text/md_K2_top_n,results/flag_md/text/md_K2_top_n/instagram__gcn__text__s0i1__6927898f44fd.json,Sentence-BERT of raw node text (384d),False
38cd9225d21c,2026-09-19T11:49:16+00:00,14eedbd784f43524589dcc9c848191495f337851-dirty,instagram,gcn,text,flag_bundled,faithful - two GCNConv layers plus the Eq. 6 skip,faithful,1,0,cpu,torch 2.14.0+cu130,3.12.14,Linux-5.15.0-119-generic-x86_64-with-glibc2.39,benchmark-v1,,False,1,5,False,0.2,validation_swept,0.6704178208679594,0.5914307430119862,0.6114763053603286,0.5501685504061513,0.1728395061728395,0.2179930795847751,0.1928079571537873,0.8340673167662787,0.17301038062283736,0.035324584898375117,8.16,4.03,completed,,md_K2_top_n,markov_diffusion,markov_diffusion_h2_k10_t0_perhop_K2_top_n,2.0,top_n,results/flag_md/text/md_K2_top_n,results/flag_md/text/md_K2_top_n/instagram__gcn__text__s1i0__38cd9225d21c.json,Sentence-BERT of raw node text (384d),False
249c3dc79255,2026-09-19T11:49:30+00:00,14eedbd784f43524589dcc9c848191495f337851-dirty,instagram,gcn,text,flag_bundled,faithful - two GCNConv layers plus the Eq. 6 skip,faithful,1,1,cpu,torch 2.14.0+cu130,3.12.14,Linux-5.15.0-119-generic-x86_64-with-glibc2.39,benchmark-v1,,False,1,5,False,0.2,validation_swept,0.6595875654047398,0.590183933933934,0.6141296799607285,0.5487641668676152,0.17191977077363896,0.20761245674740483,0.18808777429467086,0.8370556778861277,0.17474048442906576,0.03138948823482067,8.18,4.05,completed,,md_K2_top_n,markov_diffusion,markov_diffusion_h2_k10_t0_perhop_K2_top_n,2.0,top_n,results/flag_md/text/md_K2_top_n,results/flag_md/text/md_K2_top_n/instagram__gcn__text__s1i1__249c3dc79255.json,Sentence-BERT of raw node text (384d),False
2c9d9c157c9e,2026-09-19T11:49:44+00:00,14eedbd784f43524589dcc9c848191495f337851-dirty,instagram,gcn,text,flag_bundled,faithful - two GCNConv layers plus the Eq. 6 skip,faithful,2,0,cpu,torch 2.14.0+cu130,3.12.14,Linux-5.15.0-119-generic-x86_64-with-glibc2.39,benchmark-v1,,False,4,5,False,0.2,validation_swept,0.5999057402277624,0.572198275862069,0.5860749093042468,0.5401615923587425,0.17990654205607476,0.13321799307958476,0.15308151093439365,0.8659955960994024,0.15346020761245677,0.03386613503295504,8.27,4.03,completed,,md_K2_top_n,markov_diffusion,markov_diffusion_h2_k10_t0_perhop_K2_top_n,2.0,top_n,results/flag_md/text/md_K2_top_n,results/flag_md/text/md_K2_top_n/instagram__gcn__text__s2i0__2c9d9c157c9e.json,Sentence-BERT of raw node text (384d),False
0d3552cde8fd,2026-09-19T11:49:58+00:00,14eedbd784f43524589dcc9c848191495f337851-dirty,instagram,gcn,text,flag_bundled,faithful - two GCNConv layers plus the Eq. 6 skip,faithful,2,1,cpu,torch 2.14.0+cu130,3.12.14,Linux-5.15.0-119-generic-x86_64-with-glibc2.39,benchmark-v1,,False,2,5,False,0.25,validation_swept,0.6345029239766082,0.581356110935358,0.6052331150249638,0.5454664005848531,0.20380434782608695,0.12975778546712802,0.15856236786469344,0.8748033972947468,0.15778546712802766,0.029000567921653227,8.26,4.05,completed,,md_K2_top_n,markov_diffusion,markov_diffusion_h2_k10_t0_perhop_K2_top_n,2.0,top_n,results/flag_md/text/md_K2_top_n,results/flag_md/text/md_K2_top_n/instagram__gcn__text__s2i1__0d3552cde8fd.json,Sentence-BERT of raw node text (384d),False
fb3b63ffd33c,2026-09-19T11:50:12+00:00,14eedbd784f43524589dcc9c848191495f337851-dirty,instagram,gcn,text,flag_bundled,faithful - two GCNConv layers plus the Eq. 6 skip,faithful,3,0,cpu,torch 2.14.0+cu130,3.12.14,Linux-5.15.0-119-generic-x86_64-with-glibc2.39,benchmark-v1,,False,1,5,False,0.1,validation_swept,0.6660126192674669,0.5804678990066494,0.609982669029346,0.5446379725640923,0.16031390134529147,0.24740484429065743,0.1945578231292517,0.813777917584146,0.17889273356401386,0.030744945245187658,8.13,4.02,completed,,md_K2_top_n,markov_diffusion,markov_diffusion_h2_k10_t0_perhop_K2_top_n,2.0,top_n,results/flag_md/text/md_K2_top_n,results/flag_md/text/md_K2_top_n/instagram__gcn__text__s3i0__fb3b63ffd33c.json,Sentence-BERT of raw node text (384d),False
7a7433fcd3e8,2026-09-19T11:50:26+00:00,14eedbd784f43524589dcc9c848191495f337851-dirty,instagram,gcn,text,flag_bundled,faithful - two GCNConv layers plus the Eq. 6 skip,faithful,3,1,cpu,torch 2.14.0+cu130,3.12.14,Linux-5.15.0-119-generic-x86_64-with-glibc2.39,benchmark-v1,,False,3,5,False,0.2,validation_swept,0.6409664512157588,0.5775953792369661,0.5965848409382072,0.5370084980983899,0.16221374045801526,0.14705882352941177,0.1542649727767695,0.853413022963196,0.15605536332179926,0.025679667048612118,8.14,4.03,completed,,md_K2_top_n,markov_diffusion,markov_diffusion_h2_k10_t0_perhop_K2_top_n,2.0,top_n,results/flag_md/text/md_K2_top_n,results/flag_md/text/md_K2_top_n/instagram__gcn__text__s3i1__7a7433fcd3e8.json,Sentence-BERT of raw node text (384d),False
c01db84f31bf,2026-09-19T10:52:19+00:00,14eedbd784f43524589dcc9c848191495f337851-dirty,instagram,geniepath,text,flag_bundled,closest to faithful - Breadth(GAT)+Depth(LSTM) preserved; matches PyG's example globals exactly. No official author repo exists.,adapted,0,0,cpu,torch 2.14.0+cu130,3.12.14,Linux-5.15.0-119-generic-x86_64-with-glibc2.39,benchmark-v1,,False,1,5,False,0.1,validation_swept,0.6244421360418589,0.5540648841714678,0.5891024413021875,0.5266467060966099,0.17391304347826086,0.08996539792387544,0.11858608893956671,0.8784208870714061,0.13961937716262973,0.028712750435081695,117.75,41.99,completed,,md_K2_top_n,markov_diffusion,markov_diffusion_h2_k10_t0_perhop_K2_top_n,2.0,top_n,results/flag_md/text/md_K2_top_n,results/flag_md/text/md_K2_top_n/instagram__geniepath__text__s0i0__c01db84f31bf.json,Sentence-BERT of raw node text (384d),False
2c9b710183db,2026-09-19T10:55:07+00:00,14eedbd784f43524589dcc9c848191495f337851-dirty,instagram,geniepath,text,flag_bundled,closest to faithful - Breadth(GAT)+Depth(LSTM) preserved; matches PyG's example globals exactly. No official author repo exists.,adapted,0,1,cpu,torch 2.14.0+cu130,3.12.14,Linux-5.15.0-119-generic-x86_64-with-glibc2.39,benchmark-v1,,False,1,5,False,0.1,validation_swept,0.6126115727916283,0.5632036968150598,0.5895604099567773,0.5369289728510426,0.17162471395881007,0.12975778546712802,0.1477832512315271,0.8639509279647688,0.1344290657439447,0.025217511268410507,115.99,42.19,completed,,md_K2_top_n,markov_diffusion,markov_diffusion_h2_k10_t0_perhop_K2_top_n,2.0,top_n,results/flag_md/text/md_K2_top_n,results/flag_md/text/md_K2_top_n/instagram__geniepath__text__s0i1__2c9b710183db.json,Sentence-BERT of raw node text (384d),False
5006a16a3b44,2026-09-19T10:57:52+00:00,14eedbd784f43524589dcc9c848191495f337851-dirty,instagram,geniepath,text,flag_bundled,closest to faithful - Breadth(GAT)+Depth(LSTM) preserved; matches PyG's example globals exactly. No official author repo exists.,adapted,1,0,cpu,torch 2.14.0+cu130,3.12.14,Linux-5.15.0-119-generic-x86_64-with-glibc2.39,benchmark-v1,,False,1,5,False,0.05,validation_swept,0.6008771929824561,0.547178672869188,0.5804131595646603,0.5268268514567346,0.16066481994459833,0.10034602076124567,0.1235356762513312,0.8705567788612771,0.1250865051903114,0.05848687015179127,115.3,43.51,completed,,md_K2_top_n,markov_diffusion,markov_diffusion_h2_k10_t0_perhop_K2_top_n,2.0,top_n,results/flag_md/text/md_K2_top_n,results/flag_md/text/md_K2_top_n/instagram__geniepath__text__s1i0__5006a16a3b44.json,Sentence-BERT of raw node text (384d),False
c7d0e8b35d0e,2026-09-19T11:00:37+00:00,14eedbd784f43524589dcc9c848191495f337851-dirty,instagram,geniepath,text,flag_bundled,closest to faithful - Breadth(GAT)+Depth(LSTM) preserved; matches PyG's example globals exactly. No official author repo exists.,adapted,1,1,cpu,torch 2.14.0+cu130,3.12.14,Linux-5.15.0-119-generic-x86_64-with-glibc2.39,benchmark-v1,,False,2,5,False,0.1,validation_swept,0.5884887657740844,0.5309876227059326,0.5696742436034051,0.5221989166753069,0.1312178387650086,0.2647058823529412,0.17545871559633028,0.7738282478766908,0.11280276816608997,0.0160953969389702,113.85,41.19,completed,,md_K2_top_n,markov_diffusion,markov_diffusion_h2_k10_t0_perhop_K2_top_n,2.0,top_n,results/flag_md/text/md_K2_top_n,results/flag_md/text/md_K2_top_n/instagram__geniepath__text__s1i1__c7d0e8b35d0e.json,Sentence-BERT of raw node text (384d),False
afa813c00388,2026-09-19T11:03:19+00:00,14eedbd784f43524589dcc9c848191495f337851-dirty,instagram,geniepath,text,flag_bundled,closest to faithful - Breadth(GAT)+Depth(LSTM) preserved; matches PyG's example globals exactly. No official author repo exists.,adapted,2,0,cpu,torch 2.14.0+cu130,3.12.14,Linux-5.15.0-119-generic-x86_64-with-glibc2.39,benchmark-v1,,False,1,5,False,0.15,validation_swept,0.606128808864266,0.5483066239091136,0.5835110331533387,0.5378374454460151,0.15186615186615188,0.2041522491349481,0.17416974169741697,0.8240012582573136,0.13442906574394464,0.025599145970022226,114.71,41.75,completed,,md_K2_top_n,markov_diffusion,markov_diffusion_h2_k10_t0_perhop_K2_top_n,2.0,top_n,results/flag_md/text/md_K2_top_n,results/flag_md/text/md_K2_top_n/instagram__geniepath__text__s2i0__afa813c00388.json,Sentence-BERT of raw node text (384d),False
90f463601cc3,2026-09-19T11:06:02+00:00,14eedbd784f43524589dcc9c848191495f337851-dirty,instagram,geniepath,text,flag_bundled,closest to faithful - Breadth(GAT)+Depth(LSTM) preserved; matches PyG's example globals exactly. No official author repo exists.,adapted,2,1,cpu,torch 2.14.0+cu130,3.12.14,Linux-5.15.0-119-generic-x86_64-with-glibc2.39,benchmark-v1,,False,1,5,False,0.2,validation_swept,0.5975492459218221,0.526941408974657,0.5834555081955437,0.5230183390327007,0.21666666666666667,0.06747404844290658,0.10290237467018469,0.893048128342246,0.130795847750865,0.03632512416651914,115.84,42.15,completed,,md_K2_top_n,markov_diffusion,markov_diffusion_h2_k10_t0_perhop_K2_top_n,2.0,top_n,results/flag_md/text/md_K2_top_n,results/flag_md/text/md_K2_top_n/instagram__geniepath__text__s2i1__90f463601cc3.json,Sentence-BERT of raw node text (384d),False
6dc36446e06c,2026-09-19T11:08:47+00:00,14eedbd784f43524589dcc9c848191495f337851-dirty,instagram,geniepath,text,flag_bundled,closest to faithful - Breadth(GAT)+Depth(LSTM) preserved; matches PyG's example globals exactly. No official author repo exists.,adapted,3,0,cpu,torch 2.14.0+cu130,3.12.14,Linux-5.15.0-119-generic-x86_64-with-glibc2.39,benchmark-v1,,False,1,5,False,0.15,validation_swept,0.6021083410280086,0.5494190520160049,0.5718430095425102,0.5292354315475145,0.1433389544688027,0.14705882352941177,0.14517506404782238,0.842560553633218,0.12024221453287198,0.02008487926105608,117.47,41.81,completed,,md_K2_top_n,markov_diffusion,markov_diffusion_h2_k10_t0_perhop_K2_top_n,2.0,top_n,results/flag_md/text/md_K2_top_n,results/flag_md/text/md_K2_top_n/instagram__geniepath__text__s3i0__6dc36446e06c.json,Sentence-BERT of raw node text (384d),False
ba8e2649a8d8,2026-09-19T11:11:33+00:00,14eedbd784f43524589dcc9c848191495f337851-dirty,instagram,geniepath,text,flag_bundled,closest to faithful - Breadth(GAT)+Depth(LSTM) preserved; matches PyG's example globals exactly. No official author repo exists.,adapted,3,1,cpu,torch 2.14.0+cu130,3.12.14,Linux-5.15.0-119-generic-x86_64-with-glibc2.39,benchmark-v1,,False,2,5,False,0.05,validation_swept,0.5836218836565097,0.5367107476735025,0.5641600615414087,0.527783691718118,0.13679890560875513,0.17301038062283736,0.15278838808250572,0.8255740798993394,0.10726643598615915,0.058225992550829095,115.01,41.1,completed,,md_K2_top_n,markov_diffusion,markov_diffusion_h2_k10_t0_perhop_K2_top_n,2.0,top_n,results/flag_md/text/md_K2_top_n,results/flag_md/text/md_K2_top_n/instagram__geniepath__text__s3i1__ba8e2649a8d8.json,Sentence-BERT of raw node text (384d),False
04fec6cfc74d,2026-09-19T11:44:13+00:00,14eedbd784f43524589dcc9c848191495f337851-dirty,instagram,pmp,text,flag_bundled,"partial - fraud/benign partition present, but applied to the aggregated mean rather than per-neighbour before aggregation",adapted,0,0,cpu,torch 2.14.0+cu130,3.12.14,Linux-5.15.0-119-generic-x86_64-with-glibc2.39,benchmark-v1,,False,4,5,False,0.15,validation_swept,0.6042628501077254,0.5598759982754726,0.5788099699476777,0.5461329102028424,0.17543859649122806,0.17301038062283736,0.17421602787456447,0.8508965083359546,0.14273356401384085,0.03380296835731497,9.92,4.89,completed,,md_K2_top_n,markov_diffusion,markov_diffusion_h2_k10_t0_perhop_K2_top_n,2.0,top_n,results/flag_md/text/md_K2_top_n,results/flag_md/text/md_K2_top_n/instagram__pmp__text__s0i0__04fec6cfc74d.json,Sentence-BERT of raw node text (384d),False
fee9427bccd4,2026-09-19T11:44:32+00:00,14eedbd784f43524589dcc9c848191495f337851-dirty,instagram,pmp,text,flag_bundled,"partial - fraud/benign partition present, but applied to the aggregated mean rather than per-neighbour before aggregation",adapted,0,1,cpu,torch 2.14.0+cu130,3.12.14,Linux-5.15.0-119-generic-x86_64-with-glibc2.39,benchmark-v1,,False,1,5,False,0.1,validation_swept,0.6698791935980302,0.5814983133433284,0.6073086409406018,0.5470914550603398,0.1971153846153846,0.14186851211072665,0.16498993963782696,0.869455803711859,0.17768166089965398,0.03661741333339538,9.71,4.88,completed,,md_K2_top_n,markov_diffusion,markov_diffusion_h2_k10_t0_perhop_K2_top_n,2.0,top_n,results/flag_md/text/md_K2_top_n,results/flag_md/text/md_K2_top_n/instagram__pmp__text__s0i1__fee9427bccd4.json,Sentence-BERT of raw node text (384d),False
748340181785,2026-09-19T11:44:48+00:00,14eedbd784f43524589dcc9c848191495f337851-dirty,instagram,pmp,text,flag_bundled,"partial - fraud/benign partition present, but applied to the aggregated mean rather than per-neighbour before aggregation",adapted,1,0,cpu,torch 2.14.0+cu130,3.12.14,Linux-5.15.0-119-generic-x86_64-with-glibc2.39,benchmark-v1,,False,2,5,False,0.2,validation_swept,0.6050130809479839,0.5702300405953992,0.5867196573316891,0.5444182122166904,0.1974025974025974,0.1314878892733564,0.15784008307372793,0.8724441648317081,0.13719723183391008,0.02016763546386603,9.56,4.79,completed,,md_K2_top_n,markov_diffusion,markov_diffusion_h2_k10_t0_perhop_K2_top_n,2.0,top_n,results/flag_md/text/md_K2_top_n,results/flag_md/text/md_K2_top_n/instagram__pmp__text__s1i0__748340181785.json,Sentence-BERT of raw node text (384d),False
6aa0a521cee9,2026-09-19T11:45:04+00:00,14eedbd784f43524589dcc9c848191495f337851-dirty,instagram,pmp,text,flag_bundled,"partial - fraud/benign partition present, but applied to the aggregated mean rather than per-neighbour before aggregation",adapted,1,1,cpu,torch 2.14.0+cu130,3.12.14,Linux-5.15.0-119-generic-x86_64-with-glibc2.39,benchmark-v1,,False,3,5,False,0.15,validation_swept,0.5989727608494921,0.5613259668508287,0.5874513595383196,0.5451479860310036,0.16930379746835442,0.185121107266436,0.1768595041322314,0.8433469644542309,0.1557093425605537,0.015960666540199776,9.35,4.74,completed,,md_K2_top_n,markov_diffusion,markov_diffusion_h2_k10_t0_perhop_K2_top_n,2.0,top_n,results/flag_md/text/md_K2_top_n,results/flag_md/text/md_K2_top_n/instagram__pmp__text__s1i1__6aa0a521cee9.json,Sentence-BERT of raw node text (384d),False
009146bf2ce0,2026-09-19T11:45:20+00:00,14eedbd784f43524589dcc9c848191495f337851-dirty,instagram,pmp,text,flag_bundled,"partial - fraud/benign partition present, but applied to the aggregated mean rather than per-neighbour before aggregation",adapted,2,0,cpu,torch 2.14.0+cu130,3.12.14,Linux-5.15.0-119-generic-x86_64-with-glibc2.39,benchmark-v1,,False,1,5,False,0.15,validation_swept,0.6296168051708219,0.5793903048475763,0.6010186060990649,0.5437330590543078,0.17415730337078653,0.16089965397923875,0.1672661870503597,0.8543567159484114,0.17612456747404848,0.012479911424446979,9.32,4.75,completed,,md_K2_top_n,markov_diffusion,markov_diffusion_h2_k10_t0_perhop_K2_top_n,2.0,top_n,results/flag_md/text/md_K2_top_n,results/flag_md/text/md_K2_top_n/instagram__pmp__text__s2i0__009146bf2ce0.json,Sentence-BERT of raw node text (384d),False
e8dfc4d7364b,2026-09-19T11:45:36+00:00,14eedbd784f43524589dcc9c848191495f337851-dirty,instagram,pmp,text,flag_bundled,"partial - fraud/benign partition present, but applied to the aggregated mean rather than per-neighbour before aggregation",adapted,2,1,cpu,torch 2.14.0+cu130,3.12.14,Linux-5.15.0-119-generic-x86_64-with-glibc2.39,benchmark-v1,,False,3,5,False,0.1,validation_swept,0.6324445983379502,0.5669315879694561,0.5975829432118868,0.5458926520031516,0.1630695443645084,0.23529411764705882,0.19263456090651557,0.8206983328090595,0.15778546712802777,0.035515546270277906,9.35,4.74,completed,,md_K2_top_n,markov_diffusion,markov_diffusion_h2_k10_t0_perhop_K2_top_n,2.0,top_n,results/flag_md/text/md_K2_top_n,results/flag_md/text/md_K2_top_n/instagram__pmp__text__s2i1__e8dfc4d7364b.json,Sentence-BERT of raw node text (384d),False
8a7436bf6a04,2026-09-19T11:45:52+00:00,14eedbd784f43524589dcc9c848191495f337851-dirty,instagram,pmp,text,flag_bundled,"partial - fraud/benign partition present, but applied to the aggregated mean rather than per-neighbour before aggregation",adapted,3,0,cpu,torch 2.14.0+cu130,3.12.14,Linux-5.15.0-119-generic-x86_64-with-glibc2.39,benchmark-v1,,False,1,5,False,0.15,validation_swept,0.6357340720221607,0.5626211880839063,0.6040640976520875,0.5410406248713833,0.17346938775510204,0.14705882352941177,0.15917602996254682,0.8587606165460837,0.1705882352941176,0.006702536590498116,9.29,4.91,completed,,md_K2_top_n,markov_diffusion,markov_diffusion_h2_k10_t0_perhop_K2_top_n,2.0,top_n,results/flag_md/text/md_K2_top_n,results/flag_md/text/md_K2_top_n/instagram__pmp__text__s3i0__8a7436bf6a04.json,Sentence-BERT of raw node text (384d),False
1d30cd70de0f,2026-09-19T11:46:08+00:00,14eedbd784f43524589dcc9c848191495f337851-dirty,instagram,pmp,text,flag_bundled,"partial - fraud/benign partition present, but applied to the aggregated mean rather than per-neighbour before aggregation",adapted,3,1,cpu,torch 2.14.0+cu130,3.12.14,Linux-5.15.0-119-generic-x86_64-with-glibc2.39,benchmark-v1,,False,1,5,False,0.15,validation_swept,0.6630886426592797,0.5914307430119862,0.6164201218855138,0.5523300039022943,0.17937219730941703,0.20761245674740483,0.19246190858059342,0.8416168606480026,0.1974048442906574,0.018355575522285388,9.65,4.88,completed,,md_K2_top_n,markov_diffusion,markov_diffusion_h2_k10_t0_perhop_K2_top_n,2.0,top_n,results/flag_md/text/md_K2_top_n,results/flag_md/text/md_K2_top_n/instagram__pmp__text__s3i1__1d30cd70de0f.json,Sentence-BERT of raw node text (384d),False
1f8ad9d40f9b,2026-09-19T11:35:29+00:00,14eedbd784f43524589dcc9c848191495f337851-dirty,reddit,bwgnn,text,flag_bundled,"beta-wavelet basis NOT applied - the polynomial is evaluated over raw adjacency A, not the normalised Laplacian, so it is not a beta wavelet. Theta coefficients themselves are correct.",approximation,0,0,cpu,torch 2.14.0+cu130,3.12.14,Linux-5.15.0-119-generic-x86_64-with-glibc2.39,benchmark-v1,,False,1,5,False,0.15,validation_swept,0.6444395897200813,0.5826228537596211,0.6057171897908654,0.53983387258042,0.17518939393939395,0.1382660687593423,0.1545530492898914,0.8624158792740126,0.1749205307036678,0.027417250339495908,20.56,9.59,completed,,md_K2_top_n,markov_diffusion,markov_diffusion_h2_k10_t0_perhop_K2_top_n,2.0,top_n,results/flag_md/text/md_K2_top_n,results/flag_md/text/md_K2_top_n/reddit__bwgnn__text__s0i0__1f8ad9d40f9b.json,Sentence-BERT of raw node text (384d),False
c41f0ac88640,2026-09-19T11:36:05+00:00,14eedbd784f43524589dcc9c848191495f337851-dirty,reddit,bwgnn,text,flag_bundled,"beta-wavelet basis NOT applied - the polynomial is evaluated over raw adjacency A, not the normalised Laplacian, so it is not a beta wavelet. Theta coefficients themselves are correct.",approximation,0,1,cpu,torch 2.14.0+cu130,3.12.14,Linux-5.15.0-119-generic-x86_64-with-glibc2.39,benchmark-v1,,False,4,5,False,0.25,validation_swept,0.6070036959573676,0.5613285282598303,0.5901807313824332,0.5447565694041466,0.1906218144750255,0.1397608370702541,0.16127641224665804,0.867786010468357,0.15802075149300787,0.04562495282606446,20.16,9.51,completed,,md_K2_top_n,markov_diffusion,markov_diffusion_h2_k10_t0_perhop_K2_top_n,2.0,top_n,results/flag_md/text/md_K2_top_n,results/flag_md/text/md_K2_top_n/reddit__bwgnn__text__s0i1__c41f0ac88640.json,Sentence-BERT of raw node text (384d),False
cbec4f0b6f00,2026-09-19T11:36:39+00:00,14eedbd784f43524589dcc9c848191495f337851-dirty,reddit,bwgnn,text,flag_bundled,"beta-wavelet basis NOT applied - the polynomial is evaluated over raw adjacency A, not the normalised Laplacian, so it is not a beta wavelet. Theta coefficients themselves are correct.",approximation,1,0,cpu,torch 2.14.0+cu130,3.12.14,Linux-5.15.0-119-generic-x86_64-with-glibc2.39,benchmark-v1,,False,2,5,False,0.25,validation_swept,0.6390245824141191,0.5568462545083145,0.624937615526544,0.5427778948099895,0.15968732551647125,0.21375186846038863,0.18280600830936403,0.8261844877982462,0.18316059051675532,0.046509267037443694,19.44,9.63,completed,,md_K2_top_n,markov_diffusion,markov_diffusion_h2_k10_t0_perhop_K2_top_n,2.0,top_n,results/flag_md/text/md_K2_top_n,results/flag_md/text/md_K2_top_n/reddit__bwgnn__text__s1i0__cbec4f0b6f00.json,Sentence-BERT of raw node text (384d),False
ad9a0efd816b,2026-09-19T11:37:12+00:00,14eedbd784f43524589dcc9c848191495f337851-dirty,reddit,bwgnn,text,flag_bundled,"beta-wavelet basis NOT applied - the polynomial is evaluated over raw adjacency A, not the normalised Laplacian, so it is not a beta wavelet. Theta coefficients themselves are correct.",approximation,1,1,cpu,torch 2.14.0+cu130,3.12.14,Linux-5.15.0-119-generic-x86_64-with-glibc2.39,benchmark-v1,,False,4,5,False,0.25,validation_swept,0.6585250551528521,0.5707320025244448,0.6386917641988179,0.5607735682881141,0.2102127659574468,0.18460388639760836,0.19657779546358933,0.8627557609951737,0.21573263487313588,0.037014511906361874,19.65,9.56,completed,,md_K2_top_n,markov_diffusion,markov_diffusion_h2_k10_t0_perhop_K2_top_n,2.0,top_n,results/flag_md/text/md_K2_top_n,results/flag_md/text/md_K2_top_n/reddit__bwgnn__text__s1i1__ad9a0efd816b.json,Sentence-BERT of raw node text (384d),False
80a7de820f1d,2026-09-19T11:37:45+00:00,14eedbd784f43524589dcc9c848191495f337851-dirty,reddit,bwgnn,text,flag_bundled,"beta-wavelet basis NOT applied - the polynomial is evaluated over raw adjacency A, not the normalised Laplacian, so it is not a beta wavelet. Theta coefficients themselves are correct.",approximation,2,0,cpu,torch 2.14.0+cu130,3.12.14,Linux-5.15.0-119-generic-x86_64-with-glibc2.39,benchmark-v1,,False,4,5,False,0.2,validation_swept,0.6687641463484513,0.5732327319342648,0.6267569228182928,0.554441901837297,0.18528610354223432,0.20328849028400597,0.19387027797576623,0.8462375093467474,0.19683934688919297,0.03633929691715164,19.84,9.75,completed,,md_K2_top_n,markov_diffusion,markov_diffusion_h2_k10_t0_perhop_K2_top_n,2.0,top_n,results/flag_md/text/md_K2_top_n,results/flag_md/text/md_K2_top_n/reddit__bwgnn__text__s2i0__80a7de820f1d.json,Sentence-BERT of raw node text (384d),False
2242409862b8,2026-09-19T11:38:19+00:00,14eedbd784f43524589dcc9c848191495f337851-dirty,reddit,bwgnn,text,flag_bundled,"beta-wavelet basis NOT applied - the polynomial is evaluated over raw adjacency A, not the normalised Laplacian, so it is not a beta wavelet. Theta coefficients themselves are correct.",approximation,2,1,cpu,torch 2.14.0+cu130,3.12.14,Linux-5.15.0-119-generic-x86_64-with-glibc2.39,benchmark-v1,,False,4,5,False,0.3,validation_swept,0.6594096496003208,0.60197327544137,0.6368476148927792,0.5730828832764462,0.21046301864101022,0.2615844544095665,0.2332555814728424,0.8435864319216912,0.21491159093177625,0.03807927129028278,19.88,9.63,completed,,md_K2_top_n,markov_diffusion,markov_diffusion_h2_k10_t0_perhop_K2_top_n,2.0,top_n,results/flag_md/text/md_K2_top_n,results/flag_md/text/md_K2_top_n/reddit__bwgnn__text__s2i1__2242409862b8.json,Sentence-BERT of raw node text (384d),False
9663b6a825e6,2026-09-19T11:38:53+00:00,14eedbd784f43524589dcc9c848191495f337851-dirty,reddit,bwgnn,text,flag_bundled,"beta-wavelet basis NOT applied - the polynomial is evaluated over raw adjacency A, not the normalised Laplacian, so it is not a beta wavelet. Theta coefficients themselves are correct.",approximation,3,0,cpu,torch 2.14.0+cu130,3.12.14,Linux-5.15.0-119-generic-x86_64-with-glibc2.39,benchmark-v1,,False,5,5,False,0.25,validation_swept,0.6385375182649056,0.5622672962058086,0.6218658124367004,0.5369485575158222,0.15246913580246912,0.18460388639760836,0.16700473292765383,0.8325062878118414,0.18313980034956545,0.036909867830836426,20.09,9.93,completed,,md_K2_top_n,markov_diffusion,markov_diffusion_h2_k10_t0_perhop_K2_top_n,2.0,top_n,results/flag_md/text/md_K2_top_n,results/flag_md/text/md_K2_top_n/reddit__bwgnn__text__s3i0__9663b6a825e6.json,Sentence-BERT of raw node text (384d),False
2f6fbb57e9ff,2026-09-19T11:39:27+00:00,14eedbd784f43524589dcc9c848191495f337851-dirty,reddit,bwgnn,text,flag_bundled,"beta-wavelet basis NOT applied - the polynomial is evaluated over raw adjacency A, not the normalised Laplacian, so it is not a beta wavelet. Theta coefficients themselves are correct.",approximation,3,1,cpu,torch 2.14.0+cu130,3.12.14,Linux-5.15.0-119-generic-x86_64-with-glibc2.39,benchmark-v1,,False,3,5,False,0.35,validation_swept,0.663829040483626,0.5742650724625151,0.6509618190815061,0.5539849617956968,0.2009009009009009,0.16666666666666666,0.18218954248366012,0.8639113588471212,0.22519489943427273,0.04516478030941003,20.79,9.96,completed,,md_K2_top_n,markov_diffusion,markov_diffusion_h2_k10_t0_perhop_K2_top_n,2.0,top_n,results/flag_md/text/md_K2_top_n,results/flag_md/text/md_K2_top_n/reddit__bwgnn__text__s3i1__2f6fbb57e9ff.json,Sentence-BERT of raw node text (384d),False
410dbce9ec0e,2026-09-19T11:19:29+00:00,14eedbd784f43524589dcc9c848191495f337851-dirty,reddit,care_gnn,text,flag_bundled,"NOT CARE-GNN - no RL neighbour filtering, no label-aware similarity, no multi-relation aggregation. A similarity-gated mean aggregator.",approximation,0,0,cpu,torch 2.14.0+cu130,3.12.14,Linux-5.15.0-119-generic-x86_64-with-glibc2.39,benchmark-v1,,False,5,5,False,0.15,validation_swept,0.6468784918201873,0.5310531788472965,0.6051965134666072,0.5149938377003405,0.1218877740616871,0.24514200298953662,0.16281955820302804,0.7707157909047652,0.1662863519147129,0.04818210654046486,17.47,8.45,completed,,md_K2_top_n,markov_diffusion,markov_diffusion_h2_k10_t0_perhop_K2_top_n,2.0,top_n,results/flag_md/text/md_K2_top_n,results/flag_md/text/md_K2_top_n/reddit__care_gnn__text__s0i0__410dbce9ec0e.json,Sentence-BERT of raw node text (384d),False
6435666275b0,2026-09-19T11:20:00+00:00,14eedbd784f43524589dcc9c848191495f337851-dirty,reddit,care_gnn,text,flag_bundled,"NOT CARE-GNN - no RL neighbour filtering, no label-aware similarity, no multi-relation aggregation. A similarity-gated mean aggregator.",approximation,0,1,cpu,torch 2.14.0+cu130,3.12.14,Linux-5.15.0-119-generic-x86_64-with-glibc2.39,benchmark-v1,,False,5,5,False,0.2,validation_swept,0.6275391800131793,0.5251112039884168,0.6058882615698119,0.5183308621062855,0.12157894736842105,0.1726457399103139,0.14268066707844348,0.8112976684113928,0.15956727167170937,0.04639832104878887,16.9,8.48,completed,,md_K2_top_n,markov_diffusion,markov_diffusion_h2_k10_t0_perhop_K2_top_n,2.0,top_n,results/flag_md/text/md_K2_top_n,results/flag_md/text/md_K2_top_n/reddit__care_gnn__text__s0i1__6435666275b0.json,Sentence-BERT of raw node text (384d),False
1c02f55b3509,2026-09-19T11:20:30+00:00,14eedbd784f43524589dcc9c848191495f337851-dirty,reddit,care_gnn,text,flag_bundled,"NOT CARE-GNN - no RL neighbour filtering, no label-aware similarity, no multi-relation aggregation. A similarity-gated mean aggregator.",approximation,1,0,cpu,torch 2.14.0+cu130,3.12.14,Linux-5.15.0-119-generic-x86_64-with-glibc2.39,benchmark-v1,,False,2,5,False,0.3,validation_swept,0.6249426983353866,0.5257080383922599,0.6090964023286328,0.5173999563689952,0.13128205128205128,0.09566517189835576,0.11067877215737137,0.8601726599143498,0.16885891155426958,0.06575431689260686,16.99,8.36,completed,,md_K2_top_n,markov_diffusion,markov_diffusion_h2_k10_t0_perhop_K2_top_n,2.0,top_n,results/flag_md/text/md_K2_top_n,results/flag_md/text/md_K2_top_n/reddit__care_gnn__text__s1i0__1c02f55b3509.json,Sentence-BERT of raw node text (384d),False
27ca2b95cc99,2026-09-19T11:20:59+00:00,14eedbd784f43524589dcc9c848191495f337851-dirty,reddit,care_gnn,text,flag_bundled,"NOT CARE-GNN - no RL neighbour filtering, no label-aware similarity, no multi-relation aggregation. A similarity-gated mean aggregator.",approximation,1,1,cpu,torch 2.14.0+cu130,3.12.14,Linux-5.15.0-119-generic-x86_64-with-glibc2.39,benchmark-v1,,False,2,5,False,0.25,validation_swept,0.6289663495974558,0.5210767813485455,0.615671655971467,0.5274091991951428,0.13968481375358166,0.14573991031390135,0.14264813460131676,0.8406634491197064,0.18134010958653612,0.0623738431753471,16.98,8.45,completed,,md_K2_top_n,markov_diffusion,markov_diffusion_h2_k10_t0_perhop_K2_top_n,2.0,top_n,results/flag_md/text/md_K2_top_n,results/flag_md/text/md_K2_top_n/reddit__care_gnn__text__s1i1__27ca2b95cc99.json,Sentence-BERT of raw node text (384d),False
6674df15bbf3,2026-09-19T11:21:28+00:00,14eedbd784f43524589dcc9c848191495f337851-dirty,reddit,care_gnn,text,flag_bundled,"NOT CARE-GNN - no RL neighbour filtering, no label-aware similarity, no multi-relation aggregation. A similarity-gated mean aggregator.",approximation,2,0,cpu,torch 2.14.0+cu130,3.12.14,Linux-5.15.0-119-generic-x86_64-with-glibc2.39,benchmark-v1,,False,5,5,False,0.15,validation_swept,0.6332371142881701,0.5279379093493942,0.603766015833836,0.5226463108923517,0.1287844554902847,0.21300448430493274,0.16051816389749365,0.7973625178437903,0.1573811744141895,0.050675164974455185,18.45,8.57,completed,,md_K2_top_n,markov_diffusion,markov_diffusion_h2_k10_t0_perhop_K2_top_n,2.0,top_n,results/flag_md/text/md_K2_top_n,results/flag_md/text/md_K2_top_n/reddit__care_gnn__text__s2i0__6674df15bbf3.json,Sentence-BERT of raw node text (384d),False
df434d08223d,2026-09-19T11:21:59+00:00,14eedbd784f43524589dcc9c848191495f337851-dirty,reddit,care_gnn,text,flag_bundled,"NOT CARE-GNN - no RL neighbour filtering, no label-aware similarity, no multi-relation aggregation. A similarity-gated mean aggregator.",approximation,2,1,cpu,torch 2.14.0+cu130,3.12.14,Linux-5.15.0-119-generic-x86_64-with-glibc2.39,benchmark-v1,,False,1,5,False,0.2,validation_swept,0.6180844053519754,0.5295162050075928,0.6190898221289421,0.5223654751740375,0.1494661921708185,0.09417040358744394,0.1155433287482806,0.8688736319760724,0.18783871345974423,0.020337349273337548,16.03,7.88,completed,,md_K2_top_n,markov_diffusion,markov_diffusion_h2_k10_t0_perhop_K2_top_n,2.0,top_n,results/flag_md/text/md_K2_top_n,results/flag_md/text/md_K2_top_n/reddit__care_gnn__text__s2i1__df434d08223d.json,Sentence-BERT of raw node text (384d),False
b0b8ad946b0f,2026-09-19T11:22:27+00:00,14eedbd784f43524589dcc9c848191495f337851-dirty,reddit,care_gnn,text,flag_bundled,"NOT CARE-GNN - no RL neighbour filtering, no label-aware similarity, no multi-relation aggregation. A similarity-gated mean aggregator.",approximation,3,0,cpu,torch 2.14.0+cu130,3.12.14,Linux-5.15.0-119-generic-x86_64-with-glibc2.39,benchmark-v1,,False,2,5,False,0.2,validation_swept,0.6125691201329398,0.5170393013343578,0.6060550858952464,0.5205991831295985,0.13131313131313133,0.11659192825112108,0.12351543942992874,0.8495003738698933,0.1556204931584143,0.02514117942241329,15.8,7.86,completed,,md_K2_top_n,markov_diffusion,markov_diffusion_h2_k10_t0_perhop_K2_top_n,2.0,top_n,results/flag_md/text/md_K2_top_n,results/flag_md/text/md_K2_top_n/reddit__care_gnn__text__s3i0__b0b8ad946b0f.json,Sentence-BERT of raw node text (384d),False
21b9875a8124,2026-09-19T11:22:54+00:00,14eedbd784f43524589dcc9c848191495f337851-dirty,reddit,care_gnn,text,flag_bundled,"NOT CARE-GNN - no RL neighbour filtering, no label-aware similarity, no multi-relation aggregation. A similarity-gated mean aggregator.",approximation,3,1,cpu,torch 2.14.0+cu130,3.12.14,Linux-5.15.0-119-generic-x86_64-with-glibc2.39,benchmark-v1,,False,4,5,False,0.25,validation_swept,0.627320717416841,0.523652662128075,0.6003987352871843,0.5188752636803818,0.12505075111652456,0.23019431988041852,0.16206261510128914,0.7834953436204201,0.150294521779768,0.06719683284888558,15.86,8.31,completed,,md_K2_top_n,markov_diffusion,markov_diffusion_h2_k10_t0_perhop_K2_top_n,2.0,top_n,results/flag_md/text/md_K2_top_n,results/flag_md/text/md_K2_top_n/reddit__care_gnn__text__s3i1__21b9875a8124.json,Sentence-BERT of raw node text (384d),False
e2f33ccdb1e3,2026-09-19T11:40:06+00:00,14eedbd784f43524589dcc9c848191495f337851-dirty,reddit,dga_gnn,text,flag_bundled,"NOT DGA-GNN - no decision-tree dynamic grouping, no bidirectional grouped aggregation. GraphSAGE-mean.",approximation,0,0,cpu,torch 2.14.0+cu130,3.12.14,Linux-5.15.0-119-generic-x86_64-with-glibc2.39,benchmark-v1,,False,2,5,False,0.15,validation_swept,0.6406970747500215,0.5558868285325684,0.6101147572518842,0.5344528862600169,0.15510522213561964,0.14872944693572496,0.1518504387638306,0.8488885867718035,0.15517110139934592,0.010697624363955984,21.92,6.57,completed,,md_K2_top_n,markov_diffusion,markov_diffusion_h2_k10_t0_perhop_K2_top_n,2.0,top_n,results/flag_md/text/md_K2_top_n,results/flag_md/text/md_K2_top_n/reddit__dga_gnn__text__s0i0__e2f33ccdb1e3.json,Sentence-BERT of raw node text (384d),False
60d1cb622c94,2026-09-19T11:40:40+00:00,14eedbd784f43524589dcc9c848191495f337851-dirty,reddit,dga_gnn,text,flag_bundled,"NOT DGA-GNN - no decision-tree dynamic grouping, no bidirectional grouped aggregation. GraphSAGE-mean.",approximation,0,1,cpu,torch 2.14.0+cu130,3.12.14,Linux-5.15.0-119-generic-x86_64-with-glibc2.39,benchmark-v1,,False,5,5,False,0.2,validation_swept,0.636209638139988,0.5385874186595557,0.5961981434827799,0.52496686019134,0.13372859025032938,0.1517189835575486,0.14215686274509803,0.8334579566310923,0.14451826444131402,0.03670948858328508,14.8,6.45,completed,,md_K2_top_n,markov_diffusion,markov_diffusion_h2_k10_t0_perhop_K2_top_n,2.0,top_n,results/flag_md/text/md_K2_top_n,results/flag_md/text/md_K2_top_n/reddit__dga_gnn__text__s0i1__60d1cb622c94.json,Sentence-BERT of raw node text (384d),False
b8ab0572b69f,2026-09-19T11:41:05+00:00,14eedbd784f43524589dcc9c848191495f337851-dirty,reddit,dga_gnn,text,flag_bundled,"NOT DGA-GNN - no decision-tree dynamic grouping, no bidirectional grouped aggregation. GraphSAGE-mean.",approximation,1,0,cpu,torch 2.14.0+cu130,3.12.14,Linux-5.15.0-119-generic-x86_64-with-glibc2.39,benchmark-v1,,False,3,5,False,0.05,validation_swept,0.6548541672635589,0.5397633896292112,0.6131746842381584,0.5316532781394047,0.14280185758513933,0.2757847533632287,0.18816930137684854,0.7835633199646523,0.16480091682401804,0.0647767516088717,18.03,6.65,completed,,md_K2_top_n,markov_diffusion,markov_diffusion_h2_k10_t0_perhop_K2_top_n,2.0,top_n,results/flag_md/text/md_K2_top_n,results/flag_md/text/md_K2_top_n/reddit__dga_gnn__text__s1i0__b8ab0572b69f.json,Sentence-BERT of raw node text (384d),False
5319161b9cea,2026-09-19T11:41:34+00:00,14eedbd784f43524589dcc9c848191495f337851-dirty,reddit,dga_gnn,text,flag_bundled,"NOT DGA-GNN - no decision-tree dynamic grouping, no bidirectional grouped aggregation. GraphSAGE-mean.",approximation,1,1,cpu,torch 2.14.0+cu130,3.12.14,Linux-5.15.0-119-generic-x86_64-with-glibc2.39,benchmark-v1,,False,5,5,False,0.2,validation_swept,0.6360735466865313,0.5311832611832612,0.623757466157017,0.5328705611153718,0.14707813525935653,0.16741405082212257,0.1565886053827333,0.835973081367684,0.19166840756373105,0.02887830014880023,17.2,6.55,completed,,md_K2_top_n,markov_diffusion,markov_diffusion_h2_k10_t0_perhop_K2_top_n,2.0,top_n,results/flag_md/text/md_K2_top_n,results/flag_md/text/md_K2_top_n/reddit__dga_gnn__text__s1i1__5319161b9cea.json,Sentence-BERT of raw node text (384d),False
e8422dededa4,2026-09-19T11:42:01+00:00,14eedbd784f43524589dcc9c848191495f337851-dirty,reddit,dga_gnn,text,flag_bundled,"NOT DGA-GNN - no decision-tree dynamic grouping, no bidirectional grouped aggregation. GraphSAGE-mean.",approximation,2,0,cpu,torch 2.14.0+cu130,3.12.14,Linux-5.15.0-119-generic-x86_64-with-glibc2.39,benchmark-v1,,False,4,5,False,0.2,validation_swept,0.6365247972953614,0.5388706928689354,0.6253986877827701,0.529090371038803,0.17350993377483442,0.09790732436472346,0.12517916865742953,0.8755353137108286,0.18608200021974985,0.02269018314603863,14.13,6.46,completed,,md_K2_top_n,markov_diffusion,markov_diffusion_h2_k10_t0_perhop_K2_top_n,2.0,top_n,results/flag_md/text/md_K2_top_n,results/flag_md/text/md_K2_top_n/reddit__dga_gnn__text__s2i0__e8422dededa4.json,Sentence-BERT of raw node text (384d),False
cfdf126569b1,2026-09-19T11:42:26+00:00,14eedbd784f43524589dcc9c848191495f337851-dirty,reddit,dga_gnn,text,flag_bundled,"NOT DGA-GNN - no decision-tree dynamic grouping, no bidirectional grouped aggregation. GraphSAGE-mean.",approximation,2,1,cpu,torch 2.14.0+cu130,3.12.14,Linux-5.15.0-119-generic-x86_64-with-glibc2.39,benchmark-v1,,False,5,5,False,0.15,validation_swept,0.650993467610234,0.5502292035801981,0.6265684420687021,0.53742519433296,0.15092290988056462,0.2077727952167414,0.17484276729559747,0.8216300727346884,0.18317310932710612,0.03484877754335306,13.85,6.16,completed,,md_K2_top_n,markov_diffusion,markov_diffusion_h2_k10_t0_perhop_K2_top_n,2.0,top_n,results/flag_md/text/md_K2_top_n,results/flag_md/text/md_K2_top_n/reddit__dga_gnn__text__s2i1__cfdf126569b1.json,Sentence-BERT of raw node text (384d),False
a10efc7ae9f9,2026-09-19T11:42:49+00:00,14eedbd784f43524589dcc9c848191495f337851-dirty,reddit,dga_gnn,text,flag_bundled,"NOT DGA-GNN - no decision-tree dynamic grouping, no bidirectional grouped aggregation. GraphSAGE-mean.",approximation,3,0,cpu,torch 2.14.0+cu130,3.12.14,Linux-5.15.0-119-generic-x86_64-with-glibc2.39,benchmark-v1,,False,3,5,False,0.2,validation_swept,0.6390424891843108,0.5469448497081684,0.6257486835409053,0.5360751347940406,0.15327481431465226,0.1696562032884903,0.1610500177367861,0.83923594589083,0.1881800745919901,0.0347854109726623,14.36,6.49,completed,,md_K2_top_n,markov_diffusion,markov_diffusion_h2_k10_t0_perhop_K2_top_n,2.0,top_n,results/flag_md/text/md_K2_top_n,results/flag_md/text/md_K2_top_n/reddit__dga_gnn__text__s3i0__a10efc7ae9f9.json,Sentence-BERT of raw node text (384d),False
5eab5e2d2bc1,2026-09-19T11:43:14+00:00,14eedbd784f43524589dcc9c848191495f337851-dirty,reddit,dga_gnn,text,flag_bundled,"NOT DGA-GNN - no decision-tree dynamic grouping, no bidirectional grouped aggregation. GraphSAGE-mean.",approximation,3,1,cpu,torch 2.14.0+cu130,3.12.14,Linux-5.15.0-119-generic-x86_64-with-glibc2.39,benchmark-v1,,False,5,5,False,0.2,validation_swept,0.6130884164684983,0.5308390346136754,0.5968472214444539,0.5192273092741788,0.12366341236634124,0.19880418535127056,0.1524792204069934,0.7989939501053633,0.1501152345315288,0.05262614447637408,14.53,6.48,completed,,md_K2_top_n,markov_diffusion,markov_diffusion_h2_k10_t0_perhop_K2_top_n,2.0,top_n,results/flag_md/text/md_K2_top_n,results/flag_md/text/md_K2_top_n/reddit__dga_gnn__text__s3i1__5eab5e2d2bc1.json,Sentence-BERT of raw node text (384d),False
e09818b3da45,2026-09-19T11:30:20+00:00,14eedbd784f43524589dcc9c848191495f337851-dirty,reddit,gat,text,flag_bundled,"NOT canonical GAT - conv2 is a SAGEConv, not a GATConv, so the second layer performs no attention",adapted,0,0,cpu,torch 2.14.0+cu130,3.12.14,Linux-5.15.0-119-generic-x86_64-with-glibc2.39,benchmark-v1,,False,5,5,False,0.2,validation_swept,0.6534932527289916,0.559713972971612,0.6374493561028138,0.5399773845690587,0.16600790513833993,0.15695067264573992,0.16135228582404917,0.8516076405410917,0.2183866785550655,0.03331845906762993,20.48,9.54,completed,,md_K2_top_n,markov_diffusion,markov_diffusion_h2_k10_t0_perhop_K2_top_n,2.0,top_n,results/flag_md/text/md_K2_top_n,results/flag_md/text/md_K2_top_n/reddit__gat__text__s0i0__e09818b3da45.json,Sentence-BERT of raw node text (384d),False
17a520be882d,2026-09-19T11:30:56+00:00,14eedbd784f43524589dcc9c848191495f337851-dirty,reddit,gat,text,flag_bundled,"NOT canonical GAT - conv2 is a SAGEConv, not a GATConv, so the second layer performs no attention",adapted,0,1,cpu,torch 2.14.0+cu130,3.12.14,Linux-5.15.0-119-generic-x86_64-with-glibc2.39,benchmark-v1,,False,3,5,False,0.2,validation_swept,0.6658131106208636,0.5588329709019364,0.6524520046136287,0.5499822943752057,0.17650962176509621,0.19880418535127056,0.18699472759226712,0.8427707157909048,0.22076033441766346,0.02429087743545756,20.38,9.82,completed,,md_K2_top_n,markov_diffusion,markov_diffusion_h2_k10_t0_perhop_K2_top_n,2.0,top_n,results/flag_md/text/md_K2_top_n,results/flag_md/text/md_K2_top_n/reddit__gat__text__s0i1__17a520be882d.json,Sentence-BERT of raw node text (384d),False
6941710cedff,2026-09-19T11:31:30+00:00,14eedbd784f43524589dcc9c848191495f337851-dirty,reddit,gat,text,flag_bundled,"NOT canonical GAT - conv2 is a SAGEConv, not a GATConv, so the second layer performs no attention",adapted,1,0,cpu,torch 2.14.0+cu130,3.12.14,Linux-5.15.0-119-generic-x86_64-with-glibc2.39,benchmark-v1,,False,2,5,False,0.35,validation_swept,0.6980345529037618,0.5671140633827201,0.6680838071758938,0.5518038184465205,0.173224043715847,0.23692077727952168,0.20012626262626262,0.827747943715587,0.26128003494536495,0.09696812378025346,21.78,9.81,completed,,md_K2_top_n,markov_diffusion,markov_diffusion_h2_k10_t0_perhop_K2_top_n,2.0,top_n,results/flag_md/text/md_K2_top_n,results/flag_md/text/md_K2_top_n/reddit__gat__text__s1i0__6941710cedff.json,Sentence-BERT of raw node text (384d),False
0d2fdb561eb8,2026-09-19T11:32:07+00:00,14eedbd784f43524589dcc9c848191495f337851-dirty,reddit,gat,text,flag_bundled,"NOT canonical GAT - conv2 is a SAGEConv, not a GATConv, so the second layer performs no attention",adapted,1,1,cpu,torch 2.14.0+cu130,3.12.14,Linux-5.15.0-119-generic-x86_64-with-glibc2.39,benchmark-v1,,False,2,5,False,0.25,validation_swept,0.6841854568375211,0.5621482098542281,0.6533995500158329,0.5373036227020727,0.15450907971683595,0.375186846038864,0.21887944190102462,0.7564407586160017,0.2346776188373222,0.06956788045234268,20.82,9.58,completed,,md_K2_top_n,markov_diffusion,markov_diffusion_h2_k10_t0_perhop_K2_top_n,2.0,top_n,results/flag_md/text/md_K2_top_n,results/flag_md/text/md_K2_top_n/reddit__gat__text__s1i1__0d2fdb561eb8.json,Sentence-BERT of raw node text (384d),False
da88194cbe40,2026-09-19T11:32:41+00:00,14eedbd784f43524589dcc9c848191495f337851-dirty,reddit,gat,text,flag_bundled,"NOT canonical GAT - conv2 is a SAGEConv, not a GATConv, so the second layer performs no attention",adapted,2,0,cpu,torch 2.14.0+cu130,3.12.14,Linux-5.15.0-119-generic-x86_64-with-glibc2.39,benchmark-v1,,False,5,5,False,0.2,validation_swept,0.6658883190556686,0.5583386310659038,0.6349889348247261,0.5396145724209961,0.15953835709436523,0.1756352765321375,0.1672002845962291,0.840867378152403,0.19878870450097064,0.03513502076082971,19.88,9.36,completed,,md_K2_top_n,markov_diffusion,markov_diffusion_h2_k10_t0_perhop_K2_top_n,2.0,top_n,results/flag_md/text/md_K2_top_n,results/flag_md/text/md_K2_top_n/reddit__gat__text__s2i0__da88194cbe40.json,Sentence-BERT of raw node text (384d),False
6a31f0ef9de3,2026-09-19T11:33:15+00:00,14eedbd784f43524589dcc9c848191495f337851-dirty,reddit,gat,text,flag_bundled,"NOT canonical GAT - conv2 is a SAGEConv, not a GATConv, so the second layer performs no attention",adapted,2,1,cpu,torch 2.14.0+cu130,3.12.14,Linux-5.15.0-119-generic-x86_64-with-glibc2.39,benchmark-v1,,False,1,5,False,0.15,validation_swept,0.6361845686617195,0.5423585053158224,0.6259884411141429,0.5421211038955419,0.1561840439003799,0.2765321375186846,0.19962233612085245,0.7983141866630412,0.1785286865744813,0.019364711729347357,20.13,9.31,completed,,md_K2_top_n,markov_diffusion,markov_diffusion_h2_k10_t0_perhop_K2_top_n,2.0,top_n,results/flag_md/text/md_K2_top_n,results/flag_md/text/md_K2_top_n/reddit__gat__text__s2i1__6a31f0ef9de3.json,Sentence-BERT of raw node text (384d),False
e24677af715d,2026-09-19T11:33:48+00:00,14eedbd784f43524589dcc9c848191495f337851-dirty,reddit,gat,text,flag_bundled,"NOT canonical GAT - conv2 is a SAGEConv, not a GATConv, so the second layer performs no attention",adapted,3,0,cpu,torch 2.14.0+cu130,3.12.14,Linux-5.15.0-119-generic-x86_64-with-glibc2.39,benchmark-v1,,False,3,5,False,0.2,validation_swept,0.6864811047760937,0.5639943840078425,0.6542354321007111,0.5443416251383846,0.1597300337457818,0.3183856502242152,0.21273408239700375,0.7856705866358508,0.22982646805126944,0.03598839593111067,20.35,9.29,completed,,md_K2_top_n,markov_diffusion,markov_diffusion_h2_k10_t0_perhop_K2_top_n,2.0,top_n,results/flag_md/text/md_K2_top_n,results/flag_md/text/md_K2_top_n/reddit__gat__text__s3i0__e24677af715d.json,Sentence-BERT of raw node text (384d),False
9c12fda6af2c,2026-09-19T11:34:22+00:00,14eedbd784f43524589dcc9c848191495f337851-dirty,reddit,gat,text,flag_bundled,"NOT canonical GAT - conv2 is a SAGEConv, not a GATConv, so the second layer performs no attention",adapted,3,1,cpu,torch 2.14.0+cu130,3.12.14,Linux-5.15.0-119-generic-x86_64-with-glibc2.39,benchmark-v1,,False,2,5,False,0.15,validation_swept,0.6737243216915451,0.5657169259202217,0.6505689016878822,0.542526608438361,0.15682281059063136,0.28774289985052315,0.2030055365146322,0.7945075113860377,0.2252599525380603,0.027047887409322968,20.32,9.44,completed,,md_K2_top_n,markov_diffusion,markov_diffusion_h2_k10_t0_perhop_K2_top_n,2.0,top_n,results/flag_md/text/md_K2_top_n,results/flag_md/text/md_K2_top_n/reddit__gat__text__s3i1__9c12fda6af2c.json,Sentence-BERT of raw node text (384d),False
10cd04d44c43,2026-09-19T11:48:20+00:00,14eedbd784f43524589dcc9c848191495f337851-dirty,reddit,gcn,text,flag_bundled,faithful - two GCNConv layers plus the Eq. 6 skip,faithful,0,0,cpu,torch 2.14.0+cu130,3.12.14,Linux-5.15.0-119-generic-x86_64-with-glibc2.39,benchmark-v1,,False,5,5,False,0.2,validation_swept,0.6075480617711945,0.5440138568030315,0.5976129087712934,0.5249435474900173,0.13157894736842105,0.1905829596412556,0.15567765567765568,0.811977431853715,0.16144889357748143,0.04885435148985541,16.44,8.8,completed,,md_K2_top_n,markov_diffusion,markov_diffusion_h2_k10_t0_perhop_K2_top_n,2.0,top_n,results/flag_md/text/md_K2_top_n,results/flag_md/text/md_K2_top_n/reddit__gcn__text__s0i0__10cd04d44c43.json,Sentence-BERT of raw node text (384d),False
5f349de452ac,2026-09-19T11:48:50+00:00,14eedbd784f43524589dcc9c848191495f337851-dirty,reddit,gcn,text,flag_bundled,faithful - two GCNConv layers plus the Eq. 6 skip,faithful,0,1,cpu,torch 2.14.0+cu130,3.12.14,Linux-5.15.0-119-generic-x86_64-with-glibc2.39,benchmark-v1,,False,5,5,False,0.15,validation_swept,0.615276623785921,0.5395678276306047,0.597446950702825,0.5188837777399911,0.1271186440677966,0.257847533632287,0.1702862783810464,0.7714635306913195,0.1547796091381503,0.04500693274109194,16.05,8.7,completed,,md_K2_top_n,markov_diffusion,markov_diffusion_h2_k10_t0_perhop_K2_top_n,2.0,top_n,results/flag_md/text/md_K2_top_n,results/flag_md/text/md_K2_top_n/reddit__gcn__text__s0i1__5f349de452ac.json,Sentence-BERT of raw node text (384d),False
b341410b3d55,2026-09-19T11:49:19+00:00,14eedbd784f43524589dcc9c848191495f337851-dirty,reddit,gcn,text,flag_bundled,faithful - two GCNConv layers plus the Eq. 6 skip,faithful,1,0,cpu,torch 2.14.0+cu130,3.12.14,Linux-5.15.0-119-generic-x86_64-with-glibc2.39,benchmark-v1,,False,5,5,False,0.2,validation_swept,0.6097649199209236,0.5428046532201563,0.5977995731756321,0.5206121436265022,0.1269311064718163,0.22720478325859492,0.1628716849718725,0.7875739242743526,0.15496163487615372,0.04380798001983659,15.85,8.63,completed,,md_K2_top_n,markov_diffusion,markov_diffusion_h2_k10_t0_perhop_K2_top_n,2.0,top_n,results/flag_md/text/md_K2_top_n,results/flag_md/text/md_K2_top_n/reddit__gcn__text__s1i0__b341410b3d55.json,Sentence-BERT of raw node text (384d),False
ce14a7aa2a88,2026-09-19T11:49:48+00:00,14eedbd784f43524589dcc9c848191495f337851-dirty,reddit,gcn,text,flag_bundled,faithful - two GCNConv layers plus the Eq. 6 skip,faithful,1,1,cpu,torch 2.14.0+cu130,3.12.14,Linux-5.15.0-119-generic-x86_64-with-glibc2.39,benchmark-v1,,False,5,5,False,0.2,validation_swept,0.6159534996991662,0.5547479934034709,0.6001059963201403,0.5219664742930636,0.12851063829787235,0.2257100149476831,0.16377440347071584,0.790360954387873,0.16124177433123005,0.04493169629724436,15.95,8.84,completed,,md_K2_top_n,markov_diffusion,markov_diffusion_h2_k10_t0_perhop_K2_top_n,2.0,top_n,results/flag_md/text/md_K2_top_n,results/flag_md/text/md_K2_top_n/reddit__gcn__text__s1i1__ce14a7aa2a88.json,Sentence-BERT of raw node text (384d),False
2a0fa9b58304,2026-09-19T11:50:16+00:00,14eedbd784f43524589dcc9c848191495f337851-dirty,reddit,gcn,text,flag_bundled,faithful - two GCNConv layers plus the Eq. 6 skip,faithful,2,0,cpu,torch 2.14.0+cu130,3.12.14,Linux-5.15.0-119-generic-x86_64-with-glibc2.39,benchmark-v1,,False,4,5,False,0.2,validation_swept,0.6121035441079564,0.5610895383857708,0.6048397832591539,0.5292739802167522,0.13811007268951195,0.19880418535127056,0.16299019607843138,0.81428862755761,0.16788132659597788,0.04163143449935591,16.02,8.66,completed,,md_K2_top_n,markov_diffusion,markov_diffusion_h2_k10_t0_perhop_K2_top_n,2.0,top_n,results/flag_md/text/md_K2_top_n,results/flag_md/text/md_K2_top_n/reddit__gcn__text__s2i0__2a0fa9b58304.json,Sentence-BERT of raw node text (384d),False
2b2b957069df,2026-09-19T11:50:45+00:00,14eedbd784f43524589dcc9c848191495f337851-dirty,reddit,gcn,text,flag_bundled,faithful - two GCNConv layers plus the Eq. 6 skip,faithful,2,1,cpu,torch 2.14.0+cu130,3.12.14,Linux-5.15.0-119-generic-x86_64-with-glibc2.39,benchmark-v1,,False,4,5,False,0.2,validation_swept,0.6188436524081025,0.5476189190960722,0.602947822157333,0.5230510749671801,0.12877155172413793,0.17862481315396114,0.14965560425798372,0.8153762490653252,0.16473793155944028,0.04259083756105192,15.73,8.53,completed,,md_K2_top_n,markov_diffusion,markov_diffusion_h2_k10_t0_perhop_K2_top_n,2.0,top_n,results/flag_md/text/md_K2_top_n,results/flag_md/text/md_K2_top_n/reddit__gcn__text__s2i1__2b2b957069df.json,Sentence-BERT of raw node text (384d),False
bcf66a50bce8,2026-09-19T11:51:13+00:00,14eedbd784f43524589dcc9c848191495f337851-dirty,reddit,gcn,text,flag_bundled,faithful - two GCNConv layers plus the Eq. 6 skip,faithful,3,0,cpu,torch 2.14.0+cu130,3.12.14,Linux-5.15.0-119-generic-x86_64-with-glibc2.39,benchmark-v1,,False,3,5,False,0.25,validation_swept,0.6082804486720339,0.5416251246261217,0.6009505689184542,0.5269223472792078,0.13575757575757577,0.16741405082212257,0.1499330655957162,0.8273400856501937,0.15405882745469002,0.045259129272237165,15.44,8.39,completed,,md_K2_top_n,markov_diffusion,markov_diffusion_h2_k10_t0_perhop_K2_top_n,2.0,top_n,results/flag_md/text/md_K2_top_n,results/flag_md/text/md_K2_top_n/reddit__gcn__text__s3i0__bcf66a50bce8.json,Sentence-BERT of raw node text (384d),False
bfabdb280028,2026-09-19T11:51:41+00:00,14eedbd784f43524589dcc9c848191495f337851-dirty,reddit,gcn,text,flag_bundled,faithful - two GCNConv layers plus the Eq. 6 skip,faithful,3,1,cpu,torch 2.14.0+cu130,3.12.14,Linux-5.15.0-119-generic-x86_64-with-glibc2.39,benchmark-v1,,False,3,5,False,0.25,validation_swept,0.6080852648769447,0.5405756678809958,0.6016922246004237,0.5285053212797531,0.13797169811320756,0.17488789237668162,0.15425181278839814,0.8255727007001563,0.15495341940686103,0.04559390050363519,15.3,8.39,completed,,md_K2_top_n,markov_diffusion,markov_diffusion_h2_k10_t0_perhop_K2_top_n,2.0,top_n,results/flag_md/text/md_K2_top_n,results/flag_md/text/md_K2_top_n/reddit__gcn__text__s3i1__bfabdb280028.json,Sentence-BERT of raw node text (384d),False
00dfaa452235,2026-09-19T10:52:19+00:00,14eedbd784f43524589dcc9c848191495f337851-dirty,reddit,geniepath,text,flag_bundled,closest to faithful - Breadth(GAT)+Depth(LSTM) preserved; matches PyG's example globals exactly. No official author repo exists.,adapted,0,0,cpu,torch 2.14.0+cu130,3.12.14,Linux-5.15.0-119-generic-x86_64-with-glibc2.39,benchmark-v1,,False,4,5,False,0.15,validation_swept,0.5988489528120792,0.5442482156183962,0.5999632595271222,0.5250234711682459,0.1317097415506958,0.19805680119581465,0.1582089552238806,0.8083067092651757,0.15211774119975136,0.03630052794241844,205.65,72.44,completed,,md_K2_top_n,markov_diffusion,markov_diffusion_h2_k10_t0_perhop_K2_top_n,2.0,top_n,results/flag_md/text/md_K2_top_n,results/flag_md/text/md_K2_top_n/reddit__geniepath__text__s0i0__00dfaa452235.json,Sentence-BERT of raw node text (384d),False
64a2ca08ec5b,2026-09-19T10:57:10+00:00,14eedbd784f43524589dcc9c848191495f337851-dirty,reddit,geniepath,text,flag_bundled,closest to faithful - Breadth(GAT)+Depth(LSTM) preserved; matches PyG's example globals exactly. No official author repo exists.,adapted,0,1,cpu,torch 2.14.0+cu130,3.12.14,Linux-5.15.0-119-generic-x86_64-with-glibc2.39,benchmark-v1,,False,5,5,False,0.15,validation_swept,0.6001239148497264,0.5353676331504851,0.5997075460594418,0.5270931221613799,0.13512304250559284,0.2257100149476831,0.16904561992723202,0.7981782339745769,0.14689197619145822,0.040231537120563994,202.57,72.27,completed,,md_K2_top_n,markov_diffusion,markov_diffusion_h2_k10_t0_perhop_K2_top_n,2.0,top_n,results/flag_md/text/md_K2_top_n,results/flag_md/text/md_K2_top_n/reddit__geniepath__text__s0i1__64a2ca08ec5b.json,Sentence-BERT of raw node text (384d),False
fb1d74787366,2026-09-19T11:01:57+00:00,14eedbd784f43524589dcc9c848191495f337851-dirty,reddit,geniepath,text,flag_bundled,closest to faithful - Breadth(GAT)+Depth(LSTM) preserved; matches PyG's example globals exactly. No official author repo exists.,adapted,1,0,cpu,torch 2.14.0+cu130,3.12.14,Linux-5.15.0-119-generic-x86_64-with-glibc2.39,benchmark-v1,,False,2,5,False,0.15,validation_swept,0.6165444231154914,0.5391828933623102,0.6133092055618838,0.5318740893140899,0.1421960454354228,0.2526158445440957,0.1819650067294751,0.7934198898783223,0.16970728450572553,0.023650625988494683,200.62,71.45,completed,,md_K2_top_n,markov_diffusion,markov_diffusion_h2_k10_t0_perhop_K2_top_n,2.0,top_n,results/flag_md/text/md_K2_top_n,results/flag_md/text/md_K2_top_n/reddit__geniepath__text__s1i0__fb1d74787366.json,Sentence-BERT of raw node text (384d),False
23c0a1be54da,2026-09-19T11:06:41+00:00,14eedbd784f43524589dcc9c848191495f337851-dirty,reddit,geniepath,text,flag_bundled,closest to faithful - Breadth(GAT)+Depth(LSTM) preserved; matches PyG's example globals exactly. No official author repo exists.,adapted,1,1,cpu,torch 2.14.0+cu130,3.12.14,Linux-5.15.0-119-generic-x86_64-with-glibc2.39,benchmark-v1,,False,2,5,False,0.5499999999999999,validation_swept,0.6422764518809271,0.5573713346668105,0.6329556900060884,0.5243208098938981,0.152,0.09940209267563528,0.1201988251242657,0.8676500577798926,0.19860310196000974,0.0547213597917587,199.91,68.79,completed,,md_K2_top_n,markov_diffusion,markov_diffusion_h2_k10_t0_perhop_K2_top_n,2.0,top_n,results/flag_md/text/md_K2_top_n,results/flag_md/text/md_K2_top_n/reddit__geniepath__text__s1i1__23c0a1be54da.json,Sentence-BERT of raw node text (384d),False
a0b479aba733,2026-09-19T11:11:21+00:00,14eedbd784f43524589dcc9c848191495f337851-dirty,reddit,geniepath,text,flag_bundled,closest to faithful - Breadth(GAT)+Depth(LSTM) preserved; matches PyG's example globals exactly. No official author repo exists.,adapted,2,0,cpu,torch 2.14.0+cu130,3.12.14,Linux-5.15.0-119-generic-x86_64-with-glibc2.39,benchmark-v1,,False,5,5,False,0.1,validation_swept,0.6060653811993237,0.5504846231385856,0.6007068712732088,0.524077032512041,0.13055685540477305,0.2085201793721973,0.16057553956834533,0.8017130038746516,0.1545443225686095,0.05242663499215311,202.5,70.15,completed,,md_K2_top_n,markov_diffusion,markov_diffusion_h2_k10_t0_perhop_K2_top_n,2.0,top_n,results/flag_md/text/md_K2_top_n,results/flag_md/text/md_K2_top_n/reddit__geniepath__text__s2i0__a0b479aba733.json,Sentence-BERT of raw node text (384d),False
777b9131391e,2026-09-19T11:16:06+00:00,14eedbd784f43524589dcc9c848191495f337851-dirty,reddit,geniepath,text,flag_bundled,closest to faithful - Breadth(GAT)+Depth(LSTM) preserved; matches PyG's example globals exactly. No official author repo exists.,adapted,2,1,cpu,torch 2.14.0+cu130,3.12.14,Linux-5.15.0-119-generic-x86_64-with-glibc2.39,benchmark-v1,,False,2,5,False,0.1,validation_swept,0.6143956106924906,0.5556956022869386,0.609712422806724,0.5352332546144022,0.15071151358344115,0.1741405082212257,0.16158113730929266,0.835633199646523,0.16532324183088942,0.038931333031635755,195.36,70.29,completed,,md_K2_top_n,markov_diffusion,markov_diffusion_h2_k10_t0_perhop_K2_top_n,2.0,top_n,results/flag_md/text/md_K2_top_n,results/flag_md/text/md_K2_top_n/reddit__geniepath__text__s2i1__777b9131391e.json,Sentence-BERT of raw node text (384d),False
822db36e6f5a,2026-09-19T11:20:43+00:00,14eedbd784f43524589dcc9c848191495f337851-dirty,reddit,geniepath,text,flag_bundled,closest to faithful - Breadth(GAT)+Depth(LSTM) preserved; matches PyG's example globals exactly. No official author repo exists.,adapted,3,0,cpu,torch 2.14.0+cu130,3.12.14,Linux-5.15.0-119-generic-x86_64-with-glibc2.39,benchmark-v1,,False,4,5,False,0.44999999999999996,validation_swept,0.5996905710110879,0.5415489446568057,0.603657817544375,0.5302775595553424,0.14145141451414514,0.17189835575485798,0.15519568151147098,0.8297872340425532,0.15338191749500396,0.07517851586205135,196.42,70.23,completed,,md_K2_top_n,markov_diffusion,markov_diffusion_h2_k10_t0_perhop_K2_top_n,2.0,top_n,results/flag_md/text/md_K2_top_n,results/flag_md/text/md_K2_top_n/reddit__geniepath__text__s3i0__822db36e6f5a.json,Sentence-BERT of raw node text (384d),False
02ff9a02a079,2026-09-19T11:25:21+00:00,14eedbd784f43524589dcc9c848191495f337851-dirty,reddit,geniepath,text,flag_bundled,closest to faithful - Breadth(GAT)+Depth(LSTM) preserved; matches PyG's example globals exactly. No official author repo exists.,adapted,3,1,cpu,torch 2.14.0+cu130,3.12.14,Linux-5.15.0-119-generic-x86_64-with-glibc2.39,benchmark-v1,,False,4,5,False,0.65,validation_swept,0.6496361344297052,0.5570780637927772,0.6349404244346164,0.5419387511111032,0.17252931323283083,0.15396113602391628,0.1627172195892575,0.8558901502277207,0.19313534387663073,0.021495114628153983,197.98,70.55,completed,,md_K2_top_n,markov_diffusion,markov_diffusion_h2_k10_t0_perhop_K2_top_n,2.0,top_n,results/flag_md/text/md_K2_top_n,results/flag_md/text/md_K2_top_n/reddit__geniepath__text__s3i1__02ff9a02a079.json,Sentence-BERT of raw node text (384d),False
d1b969bee432,2026-09-19T11:43:47+00:00,14eedbd784f43524589dcc9c848191495f337851-dirty,reddit,pmp,text,flag_bundled,"partial - fraud/benign partition present, but applied to the aggregated mean rather than per-neighbour before aggregation",adapted,0,0,cpu,torch 2.14.0+cu130,3.12.14,Linux-5.15.0-119-generic-x86_64-with-glibc2.39,benchmark-v1,,False,4,5,False,0.15,validation_swept,0.62493553562731,0.5511897498474679,0.6078084179386952,0.5267336989795461,0.13431269674711438,0.19133034379671152,0.15782983970406905,0.81428862755761,0.16882521136390538,0.04457302264470999,19.63,9.58,completed,,md_K2_top_n,markov_diffusion,markov_diffusion_h2_k10_t0_perhop_K2_top_n,2.0,top_n,results/flag_md/text/md_K2_top_n,results/flag_md/text/md_K2_top_n/reddit__pmp__text__s0i0__d1b969bee432.json,Sentence-BERT of raw node text (384d),False
0e3e3f7e49a3,2026-09-19T11:44:22+00:00,14eedbd784f43524589dcc9c848191495f337851-dirty,reddit,pmp,text,flag_bundled,"partial - fraud/benign partition present, but applied to the aggregated mean rather than per-neighbour before aggregation",adapted,0,1,cpu,torch 2.14.0+cu130,3.12.14,Linux-5.15.0-119-generic-x86_64-with-glibc2.39,benchmark-v1,,False,5,5,False,0.15,validation_swept,0.6199323840357562,0.540234974999183,0.5917752310195554,0.5205111211948763,0.12579821200510855,0.14723467862481315,0.1356749311294766,0.8293793759771599,0.13802474633481088,0.04682991252461812,19.34,9.51,completed,,md_K2_top_n,markov_diffusion,markov_diffusion_h2_k10_t0_perhop_K2_top_n,2.0,top_n,results/flag_md/text/md_K2_top_n,results/flag_md/text/md_K2_top_n/reddit__pmp__text__s0i1__0e3e3f7e49a3.json,Sentence-BERT of raw node text (384d),False
818b1a80b840,2026-09-19T11:44:55+00:00,14eedbd784f43524589dcc9c848191495f337851-dirty,reddit,pmp,text,flag_bundled,"partial - fraud/benign partition present, but applied to the aggregated mean rather than per-neighbour before aggregation",adapted,1,0,cpu,torch 2.14.0+cu130,3.12.14,Linux-5.15.0-119-generic-x86_64-with-glibc2.39,benchmark-v1,,False,5,5,False,0.25,validation_swept,0.6102197518837922,0.54201380311654,0.6008022992583611,0.52105083584595,0.14059196617336153,0.09940209267563528,0.11646234676007006,0.8628237373394059,0.14738915180253542,0.054331783218322625,19.4,9.73,completed,,md_K2_top_n,markov_diffusion,markov_diffusion_h2_k10_t0_perhop_K2_top_n,2.0,top_n,results/flag_md/text/md_K2_top_n,results/flag_md/text/md_K2_top_n/reddit__pmp__text__s1i0__818b1a80b840.json,Sentence-BERT of raw node text (384d),False
d08d297401ae,2026-09-19T11:45:28+00:00,14eedbd784f43524589dcc9c848191495f337851-dirty,reddit,pmp,text,flag_bundled,"partial - fraud/benign partition present, but applied to the aggregated mean rather than per-neighbour before aggregation",adapted,1,1,cpu,torch 2.14.0+cu130,3.12.14,Linux-5.15.0-119-generic-x86_64-with-glibc2.39,benchmark-v1,,False,5,5,False,0.15,validation_swept,0.6381972896312639,0.5436645269812364,0.6058665492581097,0.5263542652237554,0.13402527075812273,0.2219730941704036,0.1671356218345526,0.7987900210726667,0.1681263934861053,0.052866086592274444,19.75,9.9,completed,,md_K2_top_n,markov_diffusion,markov_diffusion_h2_k10_t0_perhop_K2_top_n,2.0,top_n,results/flag_md/text/md_K2_top_n,results/flag_md/text/md_K2_top_n/reddit__pmp__text__s1i1__d08d297401ae.json,Sentence-BERT of raw node text (384d),False
e88a7c5620c7,2026-09-19T11:46:02+00:00,14eedbd784f43524589dcc9c848191495f337851-dirty,reddit,pmp,text,flag_bundled,"partial - fraud/benign partition present, but applied to the aggregated mean rather than per-neighbour before aggregation",adapted,2,0,cpu,torch 2.14.0+cu130,3.12.14,Linux-5.15.0-119-generic-x86_64-with-glibc2.39,benchmark-v1,,False,4,5,False,0.2,validation_swept,0.6243983325215597,0.5476274064468056,0.6003970866045711,0.519055780816626,0.12270642201834862,0.15994020926756353,0.13887086307592472,0.8195907824077221,0.16215011461976855,0.05172923984591979,19.62,10.04,completed,,md_K2_top_n,markov_diffusion,markov_diffusion_h2_k10_t0_perhop_K2_top_n,2.0,top_n,results/flag_md/text/md_K2_top_n,results/flag_md/text/md_K2_top_n/reddit__pmp__text__s2i0__e88a7c5620c7.json,Sentence-BERT of raw node text (384d),False
d054f00a2006,2026-09-19T11:46:35+00:00,14eedbd784f43524589dcc9c848191495f337851-dirty,reddit,pmp,text,flag_bundled,"partial - fraud/benign partition present, but applied to the aggregated mean rather than per-neighbour before aggregation",adapted,2,1,cpu,torch 2.14.0+cu130,3.12.14,Linux-5.15.0-119-generic-x86_64-with-glibc2.39,benchmark-v1,,False,2,5,False,0.1,validation_swept,0.609532131908432,0.5542385708904731,0.6131634787851433,0.524561501201622,0.1334231805929919,0.14798206278026907,0.1403260099220411,0.8350893888926654,0.17372258115067318,0.046585988057147976,20.24,9.82,completed,,md_K2_top_n,markov_diffusion,markov_diffusion_h2_k10_t0_perhop_K2_top_n,2.0,top_n,results/flag_md/text/md_K2_top_n,results/flag_md/text/md_K2_top_n/reddit__pmp__text__s2i1__d054f00a2006.json,Sentence-BERT of raw node text (384d),False
b9f907bdc37c,2026-09-19T11:47:09+00:00,14eedbd784f43524589dcc9c848191495f337851-dirty,reddit,pmp,text,flag_bundled,"partial - fraud/benign partition present, but applied to the aggregated mean rather than per-neighbour before aggregation",adapted,3,0,cpu,torch 2.14.0+cu130,3.12.14,Linux-5.15.0-119-generic-x86_64-with-glibc2.39,benchmark-v1,,False,3,5,False,0.15,validation_swept,0.6238038277511961,0.54549169129884,0.600084759052581,0.521986696739172,0.13101406365655072,0.2645739910313901,0.17524752475247524,0.7735028210182856,0.14841960637954105,0.03694409871299427,19.39,9.55,completed,,md_K2_top_n,markov_diffusion,markov_diffusion_h2_k10_t0_perhop_K2_top_n,2.0,top_n,results/flag_md/text/md_K2_top_n,results/flag_md/text/md_K2_top_n/reddit__pmp__text__s3i0__b9f907bdc37c.json,Sentence-BERT of raw node text (384d),False
7c48d33277e2,2026-09-19T11:47:42+00:00,14eedbd784f43524589dcc9c848191495f337851-dirty,reddit,pmp,text,flag_bundled,"partial - fraud/benign partition present, but applied to the aggregated mean rather than per-neighbour before aggregation",adapted,3,1,cpu,torch 2.14.0+cu130,3.12.14,Linux-5.15.0-119-generic-x86_64-with-glibc2.39,benchmark-v1,,False,2,5,False,0.2,validation_swept,0.6382223591095322,0.5254355973099235,0.6204419933657013,0.528452874472583,0.13694267515923567,0.2249626307922272,0.17024886877828055,0.8005574060227041,0.18698329867746594,0.03341379193031329,19.68,9.68,completed,,md_K2_top_n,markov_diffusion,markov_diffusion_h2_k10_t0_perhop_K2_top_n,2.0,top_n,results/flag_md/text/md_K2_top_n,results/flag_md/text/md_K2_top_n/reddit__pmp__text__s3i1__7c48d33277e2.json,Sentence-BERT of raw node text (384d),False
976f517e9b65,2026-09-19T11:37:18+00:00,14eedbd784f43524589dcc9c848191495f337851-dirty,instagram,bwgnn,text,flag_bundled,"beta-wavelet basis NOT applied - the polynomial is evaluated over raw adjacency A, not the normalised Laplacian, so it is not a beta wavelet. Theta coefficients themselves are correct.",approximation,0,0,cpu,torch 2.14.0+cu130,3.12.14,Linux-5.15.0-119-generic-x86_64-with-glibc2.39,benchmark-v1,,False,2,5,False,0.15,validation_swept,0.601762080640197,0.5503372213419064,0.5888138911172041,0.535233918128655,0.18156424581005587,0.11245674740484429,0.1388888888888889,0.873230575652721,0.14723183391003464,0.019017540237457057,9.72,4.55,completed,,md_K3_matched,markov_diffusion,markov_diffusion_h2_k10_t0_perhop_K3_matched_cosine,3.0,matched_cosine,results/flag_md/text/md_K3_matched,results/flag_md/text/md_K3_matched/instagram__bwgnn__text__s0i0__976f517e9b65.json,Sentence-BERT of raw node text (384d),False
e65b2ae35730,2026-09-19T11:37:35+00:00,14eedbd784f43524589dcc9c848191495f337851-dirty,instagram,bwgnn,text,flag_bundled,"beta-wavelet basis NOT applied - the polynomial is evaluated over raw adjacency A, not the normalised Laplacian, so it is not a beta wavelet. Theta coefficients themselves are correct.",approximation,0,1,cpu,torch 2.14.0+cu130,3.12.14,Linux-5.15.0-119-generic-x86_64-with-glibc2.39,benchmark-v1,,False,2,5,False,0.1,validation_swept,0.6026662049861495,0.547264986864521,0.5892350426838759,0.5268225651744955,0.13740458015267176,0.28027681660899656,0.18440523619806487,0.7746146586977036,0.14463667820069204,0.01966262382659363,9.55,4.59,completed,,md_K3_matched,markov_diffusion,markov_diffusion_h2_k10_t0_perhop_K3_matched_cosine,3.0,matched_cosine,results/flag_md/text/md_K3_matched,results/flag_md/text/md_K3_matched/instagram__bwgnn__text__s0i1__e65b2ae35730.json,Sentence-BERT of raw node text (384d),False
bd0358b9a8f6,2026-09-19T11:37:51+00:00,14eedbd784f43524589dcc9c848191495f337851-dirty,instagram,bwgnn,text,flag_bundled,"beta-wavelet basis NOT applied - the polynomial is evaluated over raw adjacency A, not the normalised Laplacian, so it is not a beta wavelet. Theta coefficients themselves are correct.",approximation,1,0,cpu,torch 2.14.0+cu130,3.12.14,Linux-5.15.0-119-generic-x86_64-with-glibc2.39,benchmark-v1,,False,4,5,False,0.2,validation_swept,0.6292128347183749,0.5673024523160763,0.5509997485662289,0.5302208230974886,0.15813953488372093,0.11764705882352941,0.1349206349206349,0.8628499528153507,0.10328719723183388,0.03514043427382056,9.48,4.51,completed,,md_K3_matched,markov_diffusion,markov_diffusion_h2_k10_t0_perhop_K3_matched_cosine,3.0,matched_cosine,results/flag_md/text/md_K3_matched,results/flag_md/text/md_K3_matched/instagram__bwgnn__text__s1i0__bd0358b9a8f6.json,Sentence-BERT of raw node text (384d),False
faa355629a8e,2026-09-19T11:38:07+00:00,14eedbd784f43524589dcc9c848191495f337851-dirty,instagram,bwgnn,text,flag_bundled,"beta-wavelet basis NOT applied - the polynomial is evaluated over raw adjacency A, not the normalised Laplacian, so it is not a beta wavelet. Theta coefficients themselves are correct.",approximation,1,1,cpu,torch 2.14.0+cu130,3.12.14,Linux-5.15.0-119-generic-x86_64-with-glibc2.39,benchmark-v1,,False,1,5,False,0.15,validation_swept,0.6429285934133578,0.5718677568890034,0.5729039702589768,0.5341602383864927,0.14497354497354498,0.2370242214532872,0.1799080761654629,0.8035545769109783,0.12941176470588234,0.023501003025248757,9.38,4.23,completed,,md_K3_matched,markov_diffusion,markov_diffusion_h2_k10_t0_perhop_K3_matched_cosine,3.0,matched_cosine,results/flag_md/text/md_K3_matched,results/flag_md/text/md_K3_matched/instagram__bwgnn__text__s1i1__faa355629a8e.json,Sentence-BERT of raw node text (384d),False
6d87dc7d5ecd,2026-09-19T11:38:23+00:00,14eedbd784f43524589dcc9c848191495f337851-dirty,instagram,bwgnn,text,flag_bundled,"beta-wavelet basis NOT applied - the polynomial is evaluated over raw adjacency A, not the normalised Laplacian, so it is not a beta wavelet. Theta coefficients themselves are correct.",approximation,2,0,cpu,torch 2.14.0+cu130,3.12.14,Linux-5.15.0-119-generic-x86_64-with-glibc2.39,benchmark-v1,,False,4,5,False,0.1,validation_swept,0.6402739304401354,0.5585735843062505,0.572887806659403,0.5282311631870756,0.13712047012732614,0.2422145328719723,0.17510944340212634,0.7925448254167977,0.11089965397923873,0.04330577580359481,9.4,4.49,completed,,md_K3_matched,markov_diffusion,markov_diffusion_h2_k10_t0_perhop_K3_matched_cosine,3.0,matched_cosine,results/flag_md/text/md_K3_matched,results/flag_md/text/md_K3_matched/instagram__bwgnn__text__s2i0__6d87dc7d5ecd.json,Sentence-BERT of raw node text (384d),False
be05fec3cd83,2026-09-19T11:38:39+00:00,14eedbd784f43524589dcc9c848191495f337851-dirty,instagram,bwgnn,text,flag_bundled,"beta-wavelet basis NOT applied - the polynomial is evaluated over raw adjacency A, not the normalised Laplacian, so it is not a beta wavelet. Theta coefficients themselves are correct.",approximation,2,1,cpu,torch 2.14.0+cu130,3.12.14,Linux-5.15.0-119-generic-x86_64-with-glibc2.39,benchmark-v1,,False,1,5,False,0.15,validation_swept,0.6173630347799324,0.5569701514924253,0.5989959112079597,0.5457548128974109,0.20977011494252873,0.12629757785467127,0.15766738660907129,0.877319911921988,0.16124567474048446,0.007107915705085728,9.36,4.46,completed,,md_K3_matched,markov_diffusion,markov_diffusion_h2_k10_t0_perhop_K3_matched_cosine,3.0,matched_cosine,results/flag_md/text/md_K3_matched,results/flag_md/text/md_K3_matched/instagram__bwgnn__text__s2i1__be05fec3cd83.json,Sentence-BERT of raw node text (384d),False
e58d51a1706e,2026-09-19T11:38:54+00:00,14eedbd784f43524589dcc9c848191495f337851-dirty,instagram,bwgnn,text,flag_bundled,"beta-wavelet basis NOT applied - the polynomial is evaluated over raw adjacency A, not the normalised Laplacian, so it is not a beta wavelet. Theta coefficients themselves are correct.",approximation,3,0,cpu,torch 2.14.0+cu130,3.12.14,Linux-5.15.0-119-generic-x86_64-with-glibc2.39,benchmark-v1,,False,1,5,False,0.15,validation_swept,0.6283471837488458,0.5604625415180219,0.5977981585469523,0.5359465455589486,0.19488817891373802,0.10553633217993079,0.13692480359147025,0.8790500157282164,0.14688581314878896,0.01859288820830623,9.81,4.6,completed,,md_K3_matched,markov_diffusion,markov_diffusion_h2_k10_t0_perhop_K3_matched_cosine,3.0,matched_cosine,results/flag_md/text/md_K3_matched,results/flag_md/text/md_K3_matched/instagram__bwgnn__text__s3i0__e58d51a1706e.json,Sentence-BERT of raw node text (384d),False
7532ad66dcec,2026-09-19T11:39:11+00:00,14eedbd784f43524589dcc9c848191495f337851-dirty,instagram,bwgnn,text,flag_bundled,"beta-wavelet basis NOT applied - the polynomial is evaluated over raw adjacency A, not the normalised Laplacian, so it is not a beta wavelet. Theta coefficients themselves are correct.",approximation,3,1,cpu,torch 2.14.0+cu130,3.12.14,Linux-5.15.0-119-generic-x86_64-with-glibc2.39,benchmark-v1,,False,1,5,False,0.15,validation_swept,0.607398430286242,0.5474426278686065,0.5914362854850876,0.5309195839671724,0.17846153846153845,0.10034602076124567,0.12846068660022147,0.87621893677257,0.15259515570934257,0.00564455926551892,8.22,4.03,completed,,md_K3_matched,markov_diffusion,markov_diffusion_h2_k10_t0_perhop_K3_matched_cosine,3.0,matched_cosine,results/flag_md/text/md_K3_matched,results/flag_md/text/md_K3_matched/instagram__bwgnn__text__s3i1__7532ad66dcec.json,Sentence-BERT of raw node text (384d),False
b29a237e9ed6,2026-09-19T11:24:50+00:00,14eedbd784f43524589dcc9c848191495f337851-dirty,instagram,care_gnn,text,flag_bundled,"NOT CARE-GNN - no RL neighbour filtering, no label-aware similarity, no multi-relation aggregation. A similarity-gated mean aggregator.",approximation,0,0,cpu,torch 2.14.0+cu130,3.12.14,Linux-5.15.0-119-generic-x86_64-with-glibc2.39,benchmark-v1,,False,3,5,False,0.2,validation_swept,0.6180555555555556,0.5739143833250979,0.5975109553286001,0.5381716344020815,0.1638418079096045,0.15051903114186851,0.15689810640216412,0.8529411764705882,0.17352941176470593,0.029575005059721424,12.35,5.63,completed,,md_K3_matched,markov_diffusion,markov_diffusion_h2_k10_t0_perhop_K3_matched_cosine,3.0,matched_cosine,results/flag_md/text/md_K3_matched,results/flag_md/text/md_K3_matched/instagram__care_gnn__text__s0i0__b29a237e9ed6.json,Sentence-BERT of raw node text (384d),False
48903eb3cb8c,2026-09-19T11:25:12+00:00,14eedbd784f43524589dcc9c848191495f337851-dirty,instagram,care_gnn,text,flag_bundled,"NOT CARE-GNN - no RL neighbour filtering, no label-aware similarity, no multi-relation aggregation. A similarity-gated mean aggregator.",approximation,0,1,cpu,torch 2.14.0+cu130,3.12.14,Linux-5.15.0-119-generic-x86_64-with-glibc2.39,benchmark-v1,,False,1,5,False,0.1,validation_swept,0.6666089566020315,0.5886025921765736,0.6051530453418901,0.534472469589268,0.14595103578154425,0.2681660899653979,0.18902439024390244,0.7908147216105693,0.18217993079584777,0.010979593546311684,11.82,5.75,completed,,md_K3_matched,markov_diffusion,markov_diffusion_h2_k10_t0_perhop_K3_matched_cosine,3.0,matched_cosine,results/flag_md/text/md_K3_matched,results/flag_md/text/md_K3_matched/instagram__care_gnn__text__s0i1__48903eb3cb8c.json,Sentence-BERT of raw node text (384d),False
7c36e44ce65e,2026-09-19T11:25:32+00:00,14eedbd784f43524589dcc9c848191495f337851-dirty,instagram,care_gnn,text,flag_bundled,"NOT CARE-GNN - no RL neighbour filtering, no label-aware similarity, no multi-relation aggregation. A similarity-gated mean aggregator.",approximation,1,0,cpu,torch 2.14.0+cu130,3.12.14,Linux-5.15.0-119-generic-x86_64-with-glibc2.39,benchmark-v1,,False,1,5,False,0.15,validation_swept,0.6491035703293321,0.5881487674965935,0.6126619353216557,0.538356431778255,0.15098039215686274,0.2664359861591695,0.1927409261576971,0.7971060081786725,0.2001730103806228,0.028646639604783565,12.02,5.81,completed,,md_K3_matched,markov_diffusion,markov_diffusion_h2_k10_t0_perhop_K3_matched_cosine,3.0,matched_cosine,results/flag_md/text/md_K3_matched,results/flag_md/text/md_K3_matched/instagram__care_gnn__text__s1i0__7c36e44ce65e.json,Sentence-BERT of raw node text (384d),False
90e1d2f7db20,2026-09-19T11:25:52+00:00,14eedbd784f43524589dcc9c848191495f337851-dirty,instagram,care_gnn,text,flag_bundled,"NOT CARE-GNN - no RL neighbour filtering, no label-aware similarity, no multi-relation aggregation. A similarity-gated mean aggregator.",approximation,1,1,cpu,torch 2.14.0+cu130,3.12.14,Linux-5.15.0-119-generic-x86_64-with-glibc2.39,benchmark-v1,,False,1,5,False,0.15,validation_swept,0.6513350261618961,0.5746400950655524,0.6130112486679997,0.5376632931534506,0.15258855585831063,0.19377162629757785,0.17073170731707318,0.8288770053475936,0.1987889273356402,0.019859550660520055,12.12,5.79,completed,,md_K3_matched,markov_diffusion,markov_diffusion_h2_k10_t0_perhop_K3_matched_cosine,3.0,matched_cosine,results/flag_md/text/md_K3_matched,results/flag_md/text/md_K3_matched/instagram__care_gnn__text__s1i1__90e1d2f7db20.json,Sentence-BERT of raw node text (384d),False
99dd5e4c2f97,2026-09-19T11:26:12+00:00,14eedbd784f43524589dcc9c848191495f337851-dirty,instagram,care_gnn,text,flag_bundled,"NOT CARE-GNN - no RL neighbour filtering, no label-aware similarity, no multi-relation aggregation. A similarity-gated mean aggregator.",approximation,2,0,cpu,torch 2.14.0+cu130,3.12.14,Linux-5.15.0-119-generic-x86_64-with-glibc2.39,benchmark-v1,,False,1,5,False,0.1,validation_swept,0.6608187134502923,0.5824063400576369,0.6102050681864442,0.5420929088643471,0.15719063545150502,0.32525951557093424,0.21195039458850057,0.780119534444794,0.19584775086505196,0.014617004277979724,12.13,5.66,completed,,md_K3_matched,markov_diffusion,markov_diffusion_h2_k10_t0_perhop_K3_matched_cosine,3.0,matched_cosine,results/flag_md/text/md_K3_matched,results/flag_md/text/md_K3_matched/instagram__care_gnn__text__s2i0__99dd5e4c2f97.json,Sentence-BERT of raw node text (384d),False
7fd9e56a57d9,2026-09-19T11:26:32+00:00,14eedbd784f43524589dcc9c848191495f337851-dirty,instagram,care_gnn,text,flag_bundled,"NOT CARE-GNN - no RL neighbour filtering, no label-aware similarity, no multi-relation aggregation. A similarity-gated mean aggregator.",approximation,2,1,cpu,torch 2.14.0+cu130,3.12.14,Linux-5.15.0-119-generic-x86_64-with-glibc2.39,benchmark-v1,,False,2,5,False,0.15,validation_swept,0.648237919359803,0.5780094727463149,0.6114041678140827,0.5455188056762388,0.16105263157894736,0.2647058823529412,0.20026178010471204,0.8078011953444479,0.19307958477508658,0.017337290570725822,12.26,5.97,completed,,md_K3_matched,markov_diffusion,markov_diffusion_h2_k10_t0_perhop_K3_matched_cosine,3.0,matched_cosine,results/flag_md/text/md_K3_matched,results/flag_md/text/md_K3_matched/instagram__care_gnn__text__s2i1__7fd9e56a57d9.json,Sentence-BERT of raw node text (384d),False
15b10a989c43,2026-09-19T11:26:52+00:00,14eedbd784f43524589dcc9c848191495f337851-dirty,instagram,care_gnn,text,flag_bundled,"NOT CARE-GNN - no RL neighbour filtering, no label-aware similarity, no multi-relation aggregation. A similarity-gated mean aggregator.",approximation,3,0,cpu,torch 2.14.0+cu130,3.12.14,Linux-5.15.0-119-generic-x86_64-with-glibc2.39,benchmark-v1,,False,3,5,False,0.2,validation_swept,0.61405432440751,0.5798435559840098,0.5979651824092145,0.5534353589037587,0.1865546218487395,0.19204152249134948,0.18925831202046037,0.850424661843347,0.16522491349480972,0.030136920288486375,12.1,5.53,completed,,md_K3_matched,markov_diffusion,markov_diffusion_h2_k10_t0_perhop_K3_matched_cosine,3.0,matched_cosine,results/flag_md/text/md_K3_matched,results/flag_md/text/md_K3_matched/instagram__care_gnn__text__s3i0__15b10a989c43.json,Sentence-BERT of raw node text (384d),False
8fdb82c88312,2026-09-19T11:27:12+00:00,14eedbd784f43524589dcc9c848191495f337851-dirty,instagram,care_gnn,text,flag_bundled,"NOT CARE-GNN - no RL neighbour filtering, no label-aware similarity, no multi-relation aggregation. A similarity-gated mean aggregator.",approximation,3,1,cpu,torch 2.14.0+cu130,3.12.14,Linux-5.15.0-119-generic-x86_64-with-glibc2.39,benchmark-v1,,False,1,5,False,0.15,validation_swept,0.6576638965835643,0.5818343866472209,0.610196088408903,0.5394203956503354,0.1575037147102526,0.18339100346020762,0.16946442845723422,0.83658383139352,0.1856401384083045,0.01208748761945341,12.16,5.8,completed,,md_K3_matched,markov_diffusion,markov_diffusion_h2_k10_t0_perhop_K3_matched_cosine,3.0,matched_cosine,results/flag_md/text/md_K3_matched,results/flag_md/text/md_K3_matched/instagram__care_gnn__text__s3i1__8fdb82c88312.json,Sentence-BERT of raw node text (384d),False
4409a6892728,2026-09-19T11:41:51+00:00,14eedbd784f43524589dcc9c848191495f337851-dirty,instagram,dga_gnn,text,flag_bundled,"NOT DGA-GNN - no decision-tree dynamic grouping, no bidirectional grouped aggregation. GraphSAGE-mean.",approximation,0,0,cpu,torch 2.14.0+cu130,3.12.14,Linux-5.15.0-119-generic-x86_64-with-glibc2.39,benchmark-v1,,False,1,5,False,0.15,validation_swept,0.6543359495229302,0.5793903048475763,0.6201842949677326,0.5509205377323483,0.18421052631578946,0.18166089965397925,0.18292682926829268,0.8524693299779805,0.18529411764705878,0.0070136032832159995,8.92,3.55,completed,,md_K3_matched,markov_diffusion,markov_diffusion_h2_k10_t0_perhop_K3_matched_cosine,3.0,matched_cosine,results/flag_md/text/md_K3_matched,results/flag_md/text/md_K3_matched/instagram__dga_gnn__text__s0i0__4409a6892728.json,Sentence-BERT of raw node text (384d),False
9d16f6c425dc,2026-09-19T11:42:07+00:00,14eedbd784f43524589dcc9c848191495f337851-dirty,instagram,dga_gnn,text,flag_bundled,"NOT DGA-GNN - no decision-tree dynamic grouping, no bidirectional grouped aggregation. GraphSAGE-mean.",approximation,0,1,cpu,torch 2.14.0+cu130,3.12.14,Linux-5.15.0-119-generic-x86_64-with-glibc2.39,benchmark-v1,,False,4,5,False,0.15,validation_swept,0.6230859495229302,0.5512665675709154,0.6074832976137738,0.5376912133987606,0.15011037527593818,0.23529411764705882,0.18328840970350405,0.8093740169864737,0.17404844290657434,0.014124628446308336,8.46,3.69,completed,,md_K3_matched,markov_diffusion,markov_diffusion_h2_k10_t0_perhop_K3_matched_cosine,3.0,matched_cosine,results/flag_md/text/md_K3_matched,results/flag_md/text/md_K3_matched/instagram__dga_gnn__text__s0i1__9d16f6c425dc.json,Sentence-BERT of raw node text (384d),False
d4fb37d6a128,2026-09-19T11:42:21+00:00,14eedbd784f43524589dcc9c848191495f337851-dirty,instagram,dga_gnn,text,flag_bundled,"NOT DGA-GNN - no decision-tree dynamic grouping, no bidirectional grouped aggregation. GraphSAGE-mean.",approximation,1,0,cpu,torch 2.14.0+cu130,3.12.14,Linux-5.15.0-119-generic-x86_64-with-glibc2.39,benchmark-v1,,False,3,5,False,0.15,validation_swept,0.6071675900277008,0.5628628628628629,0.6096276684905593,0.535632675571264,0.1855072463768116,0.11072664359861592,0.13867822318526543,0.8749606794589494,0.17525951557093433,0.013556846534670975,8.47,3.46,completed,,md_K3_matched,markov_diffusion,markov_diffusion_h2_k10_t0_perhop_K3_matched_cosine,3.0,matched_cosine,results/flag_md/text/md_K3_matched,results/flag_md/text/md_K3_matched/instagram__dga_gnn__text__s1i0__d4fb37d6a128.json,Sentence-BERT of raw node text (384d),False
6995a4754091,2026-09-19T11:42:35+00:00,14eedbd784f43524589dcc9c848191495f337851-dirty,instagram,dga_gnn,text,flag_bundled,"NOT DGA-GNN - no decision-tree dynamic grouping, no bidirectional grouped aggregation. GraphSAGE-mean.",approximation,1,1,cpu,torch 2.14.0+cu130,3.12.14,Linux-5.15.0-119-generic-x86_64-with-glibc2.39,benchmark-v1,,False,3,5,False,0.15,validation_swept,0.6221722068328717,0.5680277610316282,0.6117666515008202,0.540746627967098,0.1630971993410214,0.17128027681660898,0.1670886075949367,0.8447625039320541,0.18356401384083043,0.01988834841894619,8.42,3.69,completed,,md_K3_matched,markov_diffusion,markov_diffusion_h2_k10_t0_perhop_K3_matched_cosine,3.0,matched_cosine,results/flag_md/text/md_K3_matched,results/flag_md/text/md_K3_matched/instagram__dga_gnn__text__s1i1__6995a4754091.json,Sentence-BERT of raw node text (384d),False
3f9a818ea19d,2026-09-19T11:42:49+00:00,14eedbd784f43524589dcc9c848191495f337851-dirty,instagram,dga_gnn,text,flag_bundled,"NOT DGA-GNN - no decision-tree dynamic grouping, no bidirectional grouped aggregation. GraphSAGE-mean.",approximation,2,0,cpu,torch 2.14.0+cu130,3.12.14,Linux-5.15.0-119-generic-x86_64-with-glibc2.39,benchmark-v1,,False,3,5,False,0.15,validation_swept,0.6146506617420745,0.5866736074960958,0.6087597729912239,0.5455917950002087,0.19651741293532338,0.13667820069204153,0.16122448979591836,0.8707140610254797,0.17370242214532877,0.009315297630102552,8.38,3.65,completed,,md_K3_matched,markov_diffusion,markov_diffusion_h2_k10_t0_perhop_K3_matched_cosine,3.0,matched_cosine,results/flag_md/text/md_K3_matched,results/flag_md/text/md_K3_matched/instagram__dga_gnn__text__s2i0__3f9a818ea19d.json,Sentence-BERT of raw node text (384d),False
4406fb81acea,2026-09-19T11:43:02+00:00,14eedbd784f43524589dcc9c848191495f337851-dirty,instagram,dga_gnn,text,flag_bundled,"NOT DGA-GNN - no decision-tree dynamic grouping, no bidirectional grouped aggregation. GraphSAGE-mean.",approximation,2,1,cpu,torch 2.14.0+cu130,3.12.14,Linux-5.15.0-119-generic-x86_64-with-glibc2.39,benchmark-v1,,False,3,5,False,0.15,validation_swept,0.6014927670052324,0.5569701514924253,0.6014108727146465,0.5443629324538146,0.1860986547085202,0.14359861591695502,0.162109375,0.8650519031141869,0.16747404844290653,0.019920081604140633,8.32,3.67,completed,,md_K3_matched,markov_diffusion,markov_diffusion_h2_k10_t0_perhop_K3_matched_cosine,3.0,matched_cosine,results/flag_md/text/md_K3_matched,results/flag_md/text/md_K3_matched/instagram__dga_gnn__text__s2i1__4406fb81acea.json,Sentence-BERT of raw node text (384d),False
80d0a4aa8353,2026-09-19T11:43:16+00:00,14eedbd784f43524589dcc9c848191495f337851-dirty,instagram,dga_gnn,text,flag_bundled,"NOT DGA-GNN - no decision-tree dynamic grouping, no bidirectional grouped aggregation. GraphSAGE-mean.",approximation,3,0,cpu,torch 2.14.0+cu130,3.12.14,Linux-5.15.0-119-generic-x86_64-with-glibc2.39,benchmark-v1,,False,2,5,False,0.15,validation_swept,0.6360033856571253,0.5731182795698925,0.6140853797248595,0.5417251416209168,0.20952380952380953,0.11418685121107267,0.14781634938409854,0.880308273041837,0.17941176470588238,0.021948234301901834,8.29,3.39,completed,,md_K3_matched,markov_diffusion,markov_diffusion_h2_k10_t0_perhop_K3_matched_cosine,3.0,matched_cosine,results/flag_md/text/md_K3_matched,results/flag_md/text/md_K3_matched/instagram__dga_gnn__text__s3i0__80d0a4aa8353.json,Sentence-BERT of raw node text (384d),False
9576fad53dcb,2026-09-19T11:43:30+00:00,14eedbd784f43524589dcc9c848191495f337851-dirty,instagram,dga_gnn,text,flag_bundled,"NOT DGA-GNN - no decision-tree dynamic grouping, no bidirectional grouped aggregation. GraphSAGE-mean.",approximation,3,1,cpu,torch 2.14.0+cu130,3.12.14,Linux-5.15.0-119-generic-x86_64-with-glibc2.39,benchmark-v1,,False,2,5,False,0.15,validation_swept,0.6534318251769775,0.5881487674965935,0.6096547574861412,0.5420068072580116,0.15628415300546447,0.24740484429065743,0.19156061620897522,0.8101604278074866,0.17854671280276824,0.010242282578762054,8.46,3.72,completed,,md_K3_matched,markov_diffusion,markov_diffusion_h2_k10_t0_perhop_K3_matched_cosine,3.0,matched_cosine,results/flag_md/text/md_K3_matched,results/flag_md/text/md_K3_matched/instagram__dga_gnn__text__s3i1__9576fad53dcb.json,Sentence-BERT of raw node text (384d),False
9f0fa4314c9a,2026-09-19T11:32:28+00:00,14eedbd784f43524589dcc9c848191495f337851-dirty,instagram,gat,text,flag_bundled,"NOT canonical GAT - conv2 is a SAGEConv, not a GATConv, so the second layer performs no attention",adapted,0,0,cpu,torch 2.14.0+cu130,3.12.14,Linux-5.15.0-119-generic-x86_64-with-glibc2.39,benchmark-v1,,False,4,5,False,0.15,validation_swept,0.6132079101261927,0.5570007879213782,0.592054692831743,0.5380378657487092,0.15126050420168066,0.2179930795847751,0.1785967399007796,0.8177099716892104,0.16851211072664363,0.021352582901833984,12.47,5.1,completed,,md_K3_matched,markov_diffusion,markov_diffusion_h2_k10_t0_perhop_K3_matched_cosine,3.0,matched_cosine,results/flag_md/text/md_K3_matched,results/flag_md/text/md_K3_matched/instagram__gat__text__s0i0__9f0fa4314c9a.json,Sentence-BERT of raw node text (384d),False
76de73b5f838,2026-09-19T11:32:49+00:00,14eedbd784f43524589dcc9c848191495f337851-dirty,instagram,gat,text,flag_bundled,"NOT canonical GAT - conv2 is a SAGEConv, not a GATConv, so the second layer performs no attention",adapted,0,1,cpu,torch 2.14.0+cu130,3.12.14,Linux-5.15.0-119-generic-x86_64-with-glibc2.39,benchmark-v1,,False,1,5,False,0.1,validation_swept,0.6591258848876578,0.5914307430119862,0.6187422923576107,0.5367942741483155,0.15159944367176634,0.18858131487889274,0.16808018504240554,0.8302925448254168,0.1951557093425605,0.02667879977665748,11.68,5.1,completed,,md_K3_matched,markov_diffusion,markov_diffusion_h2_k10_t0_perhop_K3_matched_cosine,3.0,matched_cosine,results/flag_md/text/md_K3_matched,results/flag_md/text/md_K3_matched/instagram__gat__text__s0i1__76de73b5f838.json,Sentence-BERT of raw node text (384d),False
e1d74998c09a,2026-09-19T11:33:08+00:00,14eedbd784f43524589dcc9c848191495f337851-dirty,instagram,gat,text,flag_bundled,"NOT canonical GAT - conv2 is a SAGEConv, not a GATConv, so the second layer performs no attention",adapted,1,0,cpu,torch 2.14.0+cu130,3.12.14,Linux-5.15.0-119-generic-x86_64-with-glibc2.39,benchmark-v1,,False,2,5,False,0.15,validation_swept,0.6474492151431209,0.5964834151529599,0.6061113372684714,0.539057293808204,0.16283185840707964,0.15916955017301038,0.1609798775153106,0.8491664045297264,0.17335640138408304,0.018330149734351726,12.02,5.11,completed,,md_K3_matched,markov_diffusion,markov_diffusion_h2_k10_t0_perhop_K3_matched_cosine,3.0,matched_cosine,results/flag_md/text/md_K3_matched,results/flag_md/text/md_K3_matched/instagram__gat__text__s1i0__e1d74998c09a.json,Sentence-BERT of raw node text (384d),False
c288d98678fb,2026-09-19T11:33:27+00:00,14eedbd784f43524589dcc9c848191495f337851-dirty,instagram,gat,text,flag_bundled,"NOT canonical GAT - conv2 is a SAGEConv, not a GATConv, so the second layer performs no attention",adapted,1,1,cpu,torch 2.14.0+cu130,3.12.14,Linux-5.15.0-119-generic-x86_64-with-glibc2.39,benchmark-v1,,False,2,5,False,0.1,validation_swept,0.62215297014466,0.5769286117107131,0.6126504112738114,0.5485119993730823,0.1648780487804878,0.29238754325259514,0.21085464753587024,0.801038062283737,0.18788927335640138,0.027964419536333544,11.67,5.05,completed,,md_K3_matched,markov_diffusion,markov_diffusion_h2_k10_t0_perhop_K3_matched_cosine,3.0,matched_cosine,results/flag_md/text/md_K3_matched,results/flag_md/text/md_K3_matched/instagram__gat__text__s1i1__c288d98678fb.json,Sentence-BERT of raw node text (384d),False
7619e5070813,2026-09-19T11:33:46+00:00,14eedbd784f43524589dcc9c848191495f337851-dirty,instagram,gat,text,flag_bundled,"NOT canonical GAT - conv2 is a SAGEConv, not a GATConv, so the second layer performs no attention",adapted,2,0,cpu,torch 2.14.0+cu130,3.12.14,Linux-5.15.0-119-generic-x86_64-with-glibc2.39,benchmark-v1,,False,3,5,False,0.1,validation_swept,0.6554324407510004,0.5978041913557705,0.6174309455107099,0.5457937250855234,0.16119402985074627,0.28027681660899656,0.20467466835123183,0.8019817552689525,0.18788927335640138,0.035590034107273044,11.96,5.2,completed,,md_K3_matched,markov_diffusion,markov_diffusion_h2_k10_t0_perhop_K3_matched_cosine,3.0,matched_cosine,results/flag_md/text/md_K3_matched,results/flag_md/text/md_K3_matched/instagram__gat__text__s2i0__7619e5070813.json,Sentence-BERT of raw node text (384d),False
2fc1819f1cb0,2026-09-19T11:34:05+00:00,14eedbd784f43524589dcc9c848191495f337851-dirty,instagram,gat,text,flag_bundled,"NOT canonical GAT - conv2 is a SAGEConv, not a GATConv, so the second layer performs no attention",adapted,2,1,cpu,torch 2.14.0+cu130,3.12.14,Linux-5.15.0-119-generic-x86_64-with-glibc2.39,benchmark-v1,,False,2,5,False,0.15,validation_swept,0.6626077254539858,0.5938282016895021,0.6149115192586295,0.5455876054672298,0.16619718309859155,0.2041522491349481,0.18322981366459629,0.8345391632588864,0.18148788927335635,0.01592915940496014,11.89,5.12,completed,,md_K3_matched,markov_diffusion,markov_diffusion_h2_k10_t0_perhop_K3_matched_cosine,3.0,matched_cosine,results/flag_md/text/md_K3_matched,results/flag_md/text/md_K3_matched/instagram__gat__text__s2i1__2fc1819f1cb0.json,Sentence-BERT of raw node text (384d),False
7e91eee66ece,2026-09-19T11:34:24+00:00,14eedbd784f43524589dcc9c848191495f337851-dirty,instagram,gat,text,flag_bundled,"NOT canonical GAT - conv2 is a SAGEConv, not a GATConv, so the second layer performs no attention",adapted,3,0,cpu,torch 2.14.0+cu130,3.12.14,Linux-5.15.0-119-generic-x86_64-with-glibc2.39,benchmark-v1,,False,3,5,False,0.2,validation_swept,0.6468721144967681,0.596949324617118,0.5944394224207086,0.5339710823961633,0.1450653983353151,0.21107266435986158,0.1719520789288231,0.8151934570619692,0.1461937716262976,0.03538767770902447,12.04,5.13,completed,,md_K3_matched,markov_diffusion,markov_diffusion_h2_k10_t0_perhop_K3_matched_cosine,3.0,matched_cosine,results/flag_md/text/md_K3_matched,results/flag_md/text/md_K3_matched/instagram__gat__text__s3i0__7e91eee66ece.json,Sentence-BERT of raw node text (384d),False
c3c2e6c5e896,2026-09-19T11:34:43+00:00,14eedbd784f43524589dcc9c848191495f337851-dirty,instagram,gat,text,flag_bundled,"NOT canonical GAT - conv2 is a SAGEConv, not a GATConv, so the second layer performs no attention",adapted,3,1,cpu,torch 2.14.0+cu130,3.12.14,Linux-5.15.0-119-generic-x86_64-with-glibc2.39,benchmark-v1,,False,4,5,False,0.15,validation_swept,0.6305786395814097,0.5829831932773109,0.6144586391446463,0.5457373373197327,0.16449086161879894,0.2179930795847751,0.1875,0.8282478766907833,0.1830449826989619,0.03594857436707622,11.84,5.09,completed,,md_K3_matched,markov_diffusion,markov_diffusion_h2_k10_t0_perhop_K3_matched_cosine,3.0,matched_cosine,results/flag_md/text/md_K3_matched,results/flag_md/text/md_K3_matched/instagram__gat__text__s3i1__c3c2e6c5e896.json,Sentence-BERT of raw node text (384d),False
fe0a760eee81,2026-09-19T11:49:45+00:00,14eedbd784f43524589dcc9c848191495f337851-dirty,instagram,gcn,text,flag_bundled,faithful - two GCNConv layers plus the Eq. 6 skip,faithful,0,0,cpu,torch 2.14.0+cu130,3.12.14,Linux-5.15.0-119-generic-x86_64-with-glibc2.39,benchmark-v1,,False,2,5,False,0.15,validation_swept,0.6415627885503231,0.5902106051777241,0.6077139282336179,0.5494579727762161,0.18330308529945555,0.17474048442906576,0.17891939769707707,0.8541994337842088,0.16332179930795854,0.023017526066871703,8.6,4.09,completed,,md_K3_matched,markov_diffusion,markov_diffusion_h2_k10_t0_perhop_K3_matched_cosine,3.0,matched_cosine,results/flag_md/text/md_K3_matched,results/flag_md/text/md_K3_matched/instagram__gcn__text__s0i0__fe0a760eee81.json,Sentence-BERT of raw node text (384d),False
477d2443bcdb,2026-09-19T11:50:01+00:00,14eedbd784f43524589dcc9c848191495f337851-dirty,instagram,gcn,text,flag_bundled,faithful - two GCNConv layers plus the Eq. 6 skip,faithful,0,1,cpu,torch 2.14.0+cu130,3.12.14,Linux-5.15.0-119-generic-x86_64-with-glibc2.39,benchmark-v1,,False,2,5,False,0.15,validation_swept,0.643313327177593,0.5881634855684849,0.6082992600663306,0.5449975032515794,0.16990291262135923,0.18166089965397925,0.17558528428093645,0.8449197860962567,0.16591695501730108,0.019350206071921658,8.17,4.06,completed,,md_K3_matched,markov_diffusion,markov_diffusion_h2_k10_t0_perhop_K3_matched_cosine,3.0,matched_cosine,results/flag_md/text/md_K3_matched,results/flag_md/text/md_K3_matched/instagram__gcn__text__s0i1__477d2443bcdb.json,Sentence-BERT of raw node text (384d),False
19dfceb092e1,2026-09-19T11:50:15+00:00,14eedbd784f43524589dcc9c848191495f337851-dirty,instagram,gcn,text,flag_bundled,faithful - two GCNConv layers plus the Eq. 6 skip,faithful,1,0,cpu,torch 2.14.0+cu130,3.12.14,Linux-5.15.0-119-generic-x86_64-with-glibc2.39,benchmark-v1,,False,2,5,False,0.2,validation_swept,0.6412165281625116,0.5978415444256131,0.6057702553848733,0.5445269935611688,0.1649928263988522,0.19896193771626297,0.1803921568627451,0.8356401384083045,0.17993079584775096,0.02932499711304793,8.17,4.05,completed,,md_K3_matched,markov_diffusion,markov_diffusion_h2_k10_t0_perhop_K3_matched_cosine,3.0,matched_cosine,results/flag_md/text/md_K3_matched,results/flag_md/text/md_K3_matched/instagram__gcn__text__s1i0__19dfceb092e1.json,Sentence-BERT of raw node text (384d),False
38339bdfa66b,2026-09-19T11:50:30+00:00,14eedbd784f43524589dcc9c848191495f337851-dirty,instagram,gcn,text,flag_bundled,faithful - two GCNConv layers plus the Eq. 6 skip,faithful,1,1,cpu,torch 2.14.0+cu130,3.12.14,Linux-5.15.0-119-generic-x86_64-with-glibc2.39,benchmark-v1,,False,2,5,False,0.2,validation_swept,0.632848568790397,0.5793903048475763,0.6064643921887909,0.542598902572219,0.16147308781869688,0.1972318339100346,0.17757009345794392,0.8339100346020761,0.1652249134948096,0.027907487496437185,8.1,4.07,completed,,md_K3_matched,markov_diffusion,markov_diffusion_h2_k10_t0_perhop_K3_matched_cosine,3.0,matched_cosine,results/flag_md/text/md_K3_matched,results/flag_md/text/md_K3_matched/instagram__gcn__text__s1i1__38339bdfa66b.json,Sentence-BERT of raw node text (384d),False
34c0bbd755a4,2026-09-19T11:50:43+00:00,14eedbd784f43524589dcc9c848191495f337851-dirty,instagram,gcn,text,flag_bundled,faithful - two GCNConv layers plus the Eq. 6 skip,faithful,2,0,cpu,torch 2.14.0+cu130,3.12.14,Linux-5.15.0-119-generic-x86_64-with-glibc2.39,benchmark-v1,,False,1,5,False,0.15,validation_swept,0.6653393351800554,0.571368764322228,0.609891973276182,0.5403729333075309,0.17063492063492064,0.14878892733564014,0.1589648798521257,0.8568732305756527,0.16643598615916955,0.018339683134466232,8.07,4.06,completed,,md_K3_matched,markov_diffusion,markov_diffusion_h2_k10_t0_perhop_K3_matched_cosine,3.0,matched_cosine,results/flag_md/text/md_K3_matched,results/flag_md/text/md_K3_matched/instagram__gcn__text__s2i0__34c0bbd755a4.json,Sentence-BERT of raw node text (384d),False
07a584afe6ae,2026-09-19T11:50:57+00:00,14eedbd784f43524589dcc9c848191495f337851-dirty,instagram,gcn,text,flag_bundled,faithful - two GCNConv layers plus the Eq. 6 skip,faithful,2,1,cpu,torch 2.14.0+cu130,3.12.14,Linux-5.15.0-119-generic-x86_64-with-glibc2.39,benchmark-v1,,False,2,5,False,0.2,validation_swept,0.6427939365958757,0.5773325590398761,0.6078700266998719,0.548313240197483,0.1891891891891892,0.157439446366782,0.17186024551463644,0.8620635419943379,0.16262975778546718,0.022339409037067492,8.12,4.07,completed,,md_K3_matched,markov_diffusion,markov_diffusion_h2_k10_t0_perhop_K3_matched_cosine,3.0,matched_cosine,results/flag_md/text/md_K3_matched,results/flag_md/text/md_K3_matched/instagram__gcn__text__s2i1__07a584afe6ae.json,Sentence-BERT of raw node text (384d),False
3687ad4c755f,2026-09-19T11:51:11+00:00,14eedbd784f43524589dcc9c848191495f337851-dirty,instagram,gcn,text,flag_bundled,faithful - two GCNConv layers plus the Eq. 6 skip,faithful,3,0,cpu,torch 2.14.0+cu130,3.12.14,Linux-5.15.0-119-generic-x86_64-with-glibc2.39,benchmark-v1,,False,2,5,False,0.1,validation_swept,0.645871806709757,0.5777374995929974,0.6048475832425377,0.537759958376054,0.15100965759438104,0.2975778546712803,0.20034944670937682,0.7840515885498585,0.15951557093425606,0.028467368160805986,8.08,3.94,completed,,md_K3_matched,markov_diffusion,markov_diffusion_h2_k10_t0_perhop_K3_matched_cosine,3.0,matched_cosine,results/flag_md/text/md_K3_matched,results/flag_md/text/md_K3_matched/instagram__gcn__text__s3i0__3687ad4c755f.json,Sentence-BERT of raw node text (384d),False
6a58dddc571e,2026-09-19T11:51:25+00:00,14eedbd784f43524589dcc9c848191495f337851-dirty,instagram,gcn,text,flag_bundled,faithful - two GCNConv layers plus the Eq. 6 skip,faithful,3,1,cpu,torch 2.14.0+cu130,3.12.14,Linux-5.15.0-119-generic-x86_64-with-glibc2.39,benchmark-v1,,False,1,5,False,0.1,validation_swept,0.6604532163742689,0.5750736387885734,0.6104455765615833,0.5439519252025291,0.16009557945041816,0.23183391003460208,0.18939929328621907,0.8195973576596414,0.1688581314878893,0.03279441982144725,8.07,3.97,completed,,md_K3_matched,markov_diffusion,markov_diffusion_h2_k10_t0_perhop_K3_matched_cosine,3.0,matched_cosine,results/flag_md/text/md_K3_matched,results/flag_md/text/md_K3_matched/instagram__gcn__text__s3i1__6a58dddc571e.json,Sentence-BERT of raw node text (384d),False
58ea4283d6ad,2026-09-19T10:52:19+00:00,14eedbd784f43524589dcc9c848191495f337851-dirty,instagram,geniepath,text,flag_bundled,closest to faithful - Breadth(GAT)+Depth(LSTM) preserved; matches PyG's example globals exactly. No official author repo exists.,adapted,0,0,cpu,torch 2.14.0+cu130,3.12.14,Linux-5.15.0-119-generic-x86_64-with-glibc2.39,benchmark-v1,,False,3,5,False,0.25,validation_swept,0.5914896891351186,0.5432724990848716,0.5601814214389196,0.5274028917324607,0.15137614678899083,0.11418685121107267,0.1301775147928994,0.8612771311733249,0.09100346020761241,0.05151603575303714,127.43,46.52,completed,,md_K3_matched,markov_diffusion,markov_diffusion_h2_k10_t0_perhop_K3_matched_cosine,3.0,matched_cosine,results/flag_md/text/md_K3_matched,results/flag_md/text/md_K3_matched/instagram__geniepath__text__s0i0__58ea4283d6ad.json,Sentence-BERT of raw node text (384d),False
4d132af54fb0,2026-09-19T10:55:22+00:00,14eedbd784f43524589dcc9c848191495f337851-dirty,instagram,geniepath,text,flag_bundled,closest to faithful - Breadth(GAT)+Depth(LSTM) preserved; matches PyG's example globals exactly. No official author repo exists.,adapted,0,1,cpu,torch 2.14.0+cu130,3.12.14,Linux-5.15.0-119-generic-x86_64-with-glibc2.39,benchmark-v1,,False,1,5,False,0.1,validation_swept,0.6119575253924284,0.5503372213419064,0.589676249087056,0.5334168691251447,0.17232375979112272,0.11418685121107267,0.13735691987513007,0.8696130858760617,0.13460207612456748,0.026862440849928323,129.02,45.43,completed,,md_K3_matched,markov_diffusion,markov_diffusion_h2_k10_t0_perhop_K3_matched_cosine,3.0,matched_cosine,results/flag_md/text/md_K3_matched,results/flag_md/text/md_K3_matched/instagram__geniepath__text__s0i1__4d132af54fb0.json,Sentence-BERT of raw node text (384d),False
3be8ad94f93f,2026-09-19T10:58:24+00:00,14eedbd784f43524589dcc9c848191495f337851-dirty,instagram,geniepath,text,flag_bundled,closest to faithful - Breadth(GAT)+Depth(LSTM) preserved; matches PyG's example globals exactly. No official author repo exists.,adapted,1,0,cpu,torch 2.14.0+cu130,3.12.14,Linux-5.15.0-119-generic-x86_64-with-glibc2.39,benchmark-v1,,False,1,5,False,0.05,validation_swept,0.6010310864881502,0.547178672869188,0.5804460854156439,0.528283844162696,0.16666666666666666,0.10034602076124567,0.12526997840172785,0.8726014469959107,0.1250865051903114,0.058578568468231854,118.76,43.03,completed,,md_K3_matched,markov_diffusion,markov_diffusion_h2_k10_t0_perhop_K3_matched_cosine,3.0,matched_cosine,results/flag_md/text/md_K3_matched,results/flag_md/text/md_K3_matched/instagram__geniepath__text__s1i0__3be8ad94f93f.json,Sentence-BERT of raw node text (384d),False
c50f3e91009c,2026-09-19T11:01:12+00:00,14eedbd784f43524589dcc9c848191495f337851-dirty,instagram,geniepath,text,flag_bundled,closest to faithful - Breadth(GAT)+Depth(LSTM) preserved; matches PyG's example globals exactly. No official author repo exists.,adapted,1,1,cpu,torch 2.14.0+cu130,3.12.14,Linux-5.15.0-119-generic-x86_64-with-glibc2.39,benchmark-v1,,False,1,5,False,0.05,validation_swept,0.590027700831025,0.5354482520310837,0.5812404964021025,0.5290276744348958,0.13763440860215054,0.22145328719723184,0.16976127320954906,0.8030827304183705,0.12387543252595157,0.05247512489549064,117.71,43.84,completed,,md_K3_matched,markov_diffusion,markov_diffusion_h2_k10_t0_perhop_K3_matched_cosine,3.0,matched_cosine,results/flag_md/text/md_K3_matched,results/flag_md/text/md_K3_matched/instagram__geniepath__text__s1i1__c50f3e91009c.json,Sentence-BERT of raw node text (384d),False
cc58e68e3b1e,2026-09-19T11:04:00+00:00,14eedbd784f43524589dcc9c848191495f337851-dirty,instagram,geniepath,text,flag_bundled,closest to faithful - Breadth(GAT)+Depth(LSTM) preserved; matches PyG's example globals exactly. No official author repo exists.,adapted,2,0,cpu,torch 2.14.0+cu130,3.12.14,Linux-5.15.0-119-generic-x86_64-with-glibc2.39,benchmark-v1,,False,1,5,False,0.15,validation_swept,0.615323945829486,0.569722126138591,0.5960851163180517,0.5447312525852873,0.19014084507042253,0.14013840830449828,0.16135458167330677,0.8675684177414281,0.15899653979238754,0.014310760215996612,119.52,41.75,completed,,md_K3_matched,markov_diffusion,markov_diffusion_h2_k10_t0_perhop_K3_matched_cosine,3.0,matched_cosine,results/flag_md/text/md_K3_matched,results/flag_md/text/md_K3_matched/instagram__geniepath__text__s2i0__cc58e68e3b1e.json,Sentence-BERT of raw node text (384d),False
1715e1ce458c,2026-09-19T11:06:48+00:00,14eedbd784f43524589dcc9c848191495f337851-dirty,instagram,geniepath,text,flag_bundled,closest to faithful - Breadth(GAT)+Depth(LSTM) preserved; matches PyG's example globals exactly. No official author repo exists.,adapted,2,1,cpu,torch 2.14.0+cu130,3.12.14,Linux-5.15.0-119-generic-x86_64-with-glibc2.39,benchmark-v1,,False,1,5,False,0.15,validation_swept,0.5982802400738689,0.5441755686360003,0.583734330288191,0.5354935259288177,0.14705882352941177,0.25951557093425603,0.18773466833541927,0.7958477508650519,0.13252595155709346,0.03248644231714029,118.7,42.65,completed,,md_K3_matched,markov_diffusion,markov_diffusion_h2_k10_t0_perhop_K3_matched_cosine,3.0,matched_cosine,results/flag_md/text/md_K3_matched,results/flag_md/text/md_K3_matched/instagram__geniepath__text__s2i1__1715e1ce458c.json,Sentence-BERT of raw node text (384d),False
80efa5a2c2ce,2026-09-19T11:09:36+00:00,14eedbd784f43524589dcc9c848191495f337851-dirty,instagram,geniepath,text,flag_bundled,closest to faithful - Breadth(GAT)+Depth(LSTM) preserved; matches PyG's example globals exactly. No official author repo exists.,adapted,3,0,cpu,torch 2.14.0+cu130,3.12.14,Linux-5.15.0-119-generic-x86_64-with-glibc2.39,benchmark-v1,,False,1,5,False,0.15,validation_swept,0.6034741458910434,0.5514386457054916,0.5724926964476,0.529964898076007,0.14586994727592267,0.14359861591695502,0.14472537053182213,0.8457061969172696,0.12128027681660897,0.019405750837264965,119.3,42.03,completed,,md_K3_matched,markov_diffusion,markov_diffusion_h2_k10_t0_perhop_K3_matched_cosine,3.0,matched_cosine,results/flag_md/text/md_K3_matched,results/flag_md/text/md_K3_matched/instagram__geniepath__text__s3i0__80efa5a2c2ce.json,Sentence-BERT of raw node text (384d),False
01422cdfda7d,2026-09-19T11:12:24+00:00,14eedbd784f43524589dcc9c848191495f337851-dirty,instagram,geniepath,text,flag_bundled,closest to faithful - Breadth(GAT)+Depth(LSTM) preserved; matches PyG's example globals exactly. No official author repo exists.,adapted,3,1,cpu,torch 2.14.0+cu130,3.12.14,Linux-5.15.0-119-generic-x86_64-with-glibc2.39,benchmark-v1,,False,4,5,False,0.1,validation_swept,0.5953755001538935,0.5400534000945487,0.5465519150872236,0.5174419499613456,0.1796116504854369,0.06401384083044982,0.09438775510204081,0.8883296634161686,0.07543252595155708,0.054080851408575284,118.58,41.96,completed,,md_K3_matched,markov_diffusion,markov_diffusion_h2_k10_t0_perhop_K3_matched_cosine,3.0,matched_cosine,results/flag_md/text/md_K3_matched,results/flag_md/text/md_K3_matched/instagram__geniepath__text__s3i1__01422cdfda7d.json,Sentence-BERT of raw node text (384d),False
40f275d2fa44,2026-09-19T11:45:27+00:00,14eedbd784f43524589dcc9c848191495f337851-dirty,instagram,pmp,text,flag_bundled,"partial - fraud/benign partition present, but applied to the aggregated mean rather than per-neighbour before aggregation",adapted,0,0,cpu,torch 2.14.0+cu130,3.12.14,Linux-5.15.0-119-generic-x86_64-with-glibc2.39,benchmark-v1,,False,2,5,False,0.15,validation_swept,0.6151315789473684,0.568505414419001,0.5946875636067576,0.5412980246839898,0.18877551020408162,0.12802768166089964,0.15257731958762888,0.8707140610254797,0.14965397923875434,0.025847148298004403,9.94,4.87,completed,,md_K3_matched,markov_diffusion,markov_diffusion_h2_k10_t0_perhop_K3_matched_cosine,3.0,matched_cosine,results/flag_md/text/md_K3_matched,results/flag_md/text/md_K3_matched/instagram__pmp__text__s0i0__40f275d2fa44.json,Sentence-BERT of raw node text (384d),False
baca1de72147,2026-09-19T11:45:46+00:00,14eedbd784f43524589dcc9c848191495f337851-dirty,instagram,pmp,text,flag_bundled,"partial - fraud/benign partition present, but applied to the aggregated mean rather than per-neighbour before aggregation",adapted,0,1,cpu,torch 2.14.0+cu130,3.12.14,Linux-5.15.0-119-generic-x86_64-with-glibc2.39,benchmark-v1,,False,1,5,False,0.1,validation_swept,0.6589527546937519,0.5841279256879981,0.6111811700051484,0.5457548128974109,0.20977011494252873,0.12629757785467127,0.15766738660907129,0.877319911921988,0.17647058823529416,0.03969403192958729,9.51,4.86,completed,,md_K3_matched,markov_diffusion,markov_diffusion_h2_k10_t0_perhop_K3_matched_cosine,3.0,matched_cosine,results/flag_md/text/md_K3_matched,results/flag_md/text/md_K3_matched/instagram__pmp__text__s0i1__baca1de72147.json,Sentence-BERT of raw node text (384d),False
c82e4f99f5ae,2026-09-19T11:46:02+00:00,14eedbd784f43524589dcc9c848191495f337851-dirty,instagram,pmp,text,flag_bundled,"partial - fraud/benign partition present, but applied to the aggregated mean rather than per-neighbour before aggregation",adapted,1,0,cpu,torch 2.14.0+cu130,3.12.14,Linux-5.15.0-119-generic-x86_64-with-glibc2.39,benchmark-v1,,False,4,5,False,0.2,validation_swept,0.5762734687596183,0.5571667596207474,0.581392254642545,0.5358582883952068,0.16933638443935928,0.12802768166089964,0.1458128078817734,0.8636363636363636,0.14723183391003458,0.025831999670611304,9.89,5.0,completed,,md_K3_matched,markov_diffusion,markov_diffusion_h2_k10_t0_perhop_K3_matched_cosine,3.0,matched_cosine,results/flag_md/text/md_K3_matched,results/flag_md/text/md_K3_matched/instagram__pmp__text__s1i0__c82e4f99f5ae.json,Sentence-BERT of raw node text (384d),False
b9415ea12b58,2026-09-19T11:46:19+00:00,14eedbd784f43524589dcc9c848191495f337851-dirty,instagram,pmp,text,flag_bundled,"partial - fraud/benign partition present, but applied to the aggregated mean rather than per-neighbour before aggregation",adapted,1,1,cpu,torch 2.14.0+cu130,3.12.14,Linux-5.15.0-119-generic-x86_64-with-glibc2.39,benchmark-v1,,False,3,5,False,0.15,validation_swept,0.6179593721144967,0.5691806836679327,0.5923284263837838,0.548170750665121,0.17736486486486486,0.18166089965397925,0.1794871794871795,0.8490091223655237,0.14792387543252605,0.019574992603160358,9.91,4.97,completed,,md_K3_matched,markov_diffusion,markov_diffusion_h2_k10_t0_perhop_K3_matched_cosine,3.0,matched_cosine,results/flag_md/text/md_K3_matched,results/flag_md/text/md_K3_matched/instagram__pmp__text__s1i1__b9415ea12b58.json,Sentence-BERT of raw node text (384d),False
65d8ebd38fbe,2026-09-19T11:46:36+00:00,14eedbd784f43524589dcc9c848191495f337851-dirty,instagram,pmp,text,flag_bundled,"partial - fraud/benign partition present, but applied to the aggregated mean rather than per-neighbour before aggregation",adapted,2,0,cpu,torch 2.14.0+cu130,3.12.14,Linux-5.15.0-119-generic-x86_64-with-glibc2.39,benchmark-v1,,False,4,5,False,0.15,validation_swept,0.5815058479532164,0.5711902884316677,0.5818267262125693,0.5424079136576964,0.16455696202531644,0.17993079584775087,0.171900826446281,0.8424032714690154,0.13927335640138416,0.0346315034181269,9.91,4.86,completed,,md_K3_matched,markov_diffusion,markov_diffusion_h2_k10_t0_perhop_K3_matched_cosine,3.0,matched_cosine,results/flag_md/text/md_K3_matched,results/flag_md/text/md_K3_matched/instagram__pmp__text__s2i0__65d8ebd38fbe.json,Sentence-BERT of raw node text (384d),False
b3e6d223e4a5,2026-09-19T11:46:52+00:00,14eedbd784f43524589dcc9c848191495f337851-dirty,instagram,pmp,text,flag_bundled,"partial - fraud/benign partition present, but applied to the aggregated mean rather than per-neighbour before aggregation",adapted,2,1,cpu,torch 2.14.0+cu130,3.12.14,Linux-5.15.0-119-generic-x86_64-with-glibc2.39,benchmark-v1,,False,4,5,False,0.15,validation_swept,0.5811788242536166,0.5709529536857885,0.5885787706085894,0.543739470142957,0.18403547671840353,0.14359861591695502,0.16132167152575316,0.864265492293174,0.14238754325259517,0.03921006868410516,9.56,4.87,completed,,md_K3_matched,markov_diffusion,markov_diffusion_h2_k10_t0_perhop_K3_matched_cosine,3.0,matched_cosine,results/flag_md/text/md_K3_matched,results/flag_md/text/md_K3_matched/instagram__pmp__text__s2i1__b3e6d223e4a5.json,Sentence-BERT of raw node text (384d),False
bb7f0e0381fc,2026-09-19T11:47:09+00:00,14eedbd784f43524589dcc9c848191495f337851-dirty,instagram,pmp,text,flag_bundled,"partial - fraud/benign partition present, but applied to the aggregated mean rather than per-neighbour before aggregation",adapted,3,0,cpu,torch 2.14.0+cu130,3.12.14,Linux-5.15.0-119-generic-x86_64-with-glibc2.39,benchmark-v1,,False,3,5,False,0.2,validation_swept,0.5808325638658048,0.5734584846069837,0.5818080183426922,0.537194346800445,0.17994858611825193,0.12110726643598616,0.14477766287487073,0.8699276502044668,0.15432525951557097,0.023007130582259408,9.68,4.91,completed,,md_K3_matched,markov_diffusion,markov_diffusion_h2_k10_t0_perhop_K3_matched_cosine,3.0,matched_cosine,results/flag_md/text/md_K3_matched,results/flag_md/text/md_K3_matched/instagram__pmp__text__s3i0__bb7f0e0381fc.json,Sentence-BERT of raw node text (384d),False
43c6e9dd567b,2026-09-19T11:47:25+00:00,14eedbd784f43524589dcc9c848191495f337851-dirty,instagram,pmp,text,flag_bundled,"partial - fraud/benign partition present, but applied to the aggregated mean rather than per-neighbour before aggregation",adapted,3,1,cpu,torch 2.14.0+cu130,3.12.14,Linux-5.15.0-119-generic-x86_64-with-glibc2.39,benchmark-v1,,False,4,5,False,0.1,validation_swept,0.5796014158202524,0.5768805083008813,0.5836270219465763,0.5451702047987244,0.16483516483516483,0.20761245674740483,0.18376722817764166,0.8323372129600504,0.14273356401384085,0.043730524939949375,9.66,4.93,completed,,md_K3_matched,markov_diffusion,markov_diffusion_h2_k10_t0_perhop_K3_matched_cosine,3.0,matched_cosine,results/flag_md/text/md_K3_matched,results/flag_md/text/md_K3_matched/instagram__pmp__text__s3i1__43c6e9dd567b.json,Sentence-BERT of raw node text (384d),False
2610bbed4914,2026-09-19T11:37:09+00:00,14eedbd784f43524589dcc9c848191495f337851-dirty,reddit,bwgnn,text,flag_bundled,"beta-wavelet basis NOT applied - the polynomial is evaluated over raw adjacency A, not the normalised Laplacian, so it is not a beta wavelet. Theta coefficients themselves are correct.",approximation,0,0,cpu,torch 2.14.0+cu130,3.12.14,Linux-5.15.0-119-generic-x86_64-with-glibc2.39,benchmark-v1,,False,3,5,False,0.25,validation_swept,0.6484721943672465,0.5798268240993036,0.6213921934263503,0.5588716896487819,0.1873873873873874,0.23318385650224216,0.2077922077922078,0.838284277071579,0.19820378544234496,0.04052014260538961,19.51,9.34,completed,,md_K3_matched,markov_diffusion,markov_diffusion_h2_k10_t0_perhop_K3_matched_cosine,3.0,matched_cosine,results/flag_md/text/md_K3_matched,results/flag_md/text/md_K3_matched/reddit__bwgnn__text__s0i0__2610bbed4914.json,Sentence-BERT of raw node text (384d),False
ff00ff32da1c,2026-09-19T11:37:44+00:00,14eedbd784f43524589dcc9c848191495f337851-dirty,reddit,bwgnn,text,flag_bundled,"beta-wavelet basis NOT applied - the polynomial is evaluated over raw adjacency A, not the normalised Laplacian, so it is not a beta wavelet. Theta coefficients themselves are correct.",approximation,0,1,cpu,torch 2.14.0+cu130,3.12.14,Linux-5.15.0-119-generic-x86_64-with-glibc2.39,benchmark-v1,,False,5,5,False,0.2,validation_swept,0.6497041801564335,0.5601422342313089,0.6268187623881731,0.5439070524801434,0.159877800407332,0.23467862481315396,0.1901877649909146,0.818231255523078,0.18428102404315766,0.0356626755489994,19.2,9.32,completed,,md_K3_matched,markov_diffusion,markov_diffusion_h2_k10_t0_perhop_K3_matched_cosine,3.0,matched_cosine,results/flag_md/text/md_K3_matched,results/flag_md/text/md_K3_matched/reddit__bwgnn__text__s0i1__ff00ff32da1c.json,Sentence-BERT of raw node text (384d),False
7132e0457d7d,2026-09-19T11:38:16+00:00,14eedbd784f43524589dcc9c848191495f337851-dirty,reddit,bwgnn,text,flag_bundled,"beta-wavelet basis NOT applied - the polynomial is evaluated over raw adjacency A, not the normalised Laplacian, so it is not a beta wavelet. Theta coefficients themselves are correct.",approximation,1,0,cpu,torch 2.14.0+cu130,3.12.14,Linux-5.15.0-119-generic-x86_64-with-glibc2.39,benchmark-v1,,False,3,5,False,0.2,validation_swept,0.5993575050855227,0.5508577896032724,0.6141345528443015,0.5375606839313128,0.17721518987341772,0.12556053811659193,0.14698162729658792,0.867446128747196,0.17750331776418066,0.03874666512250877,19.13,9.29,completed,,md_K3_matched,markov_diffusion,markov_diffusion_h2_k10_t0_perhop_K3_matched_cosine,3.0,matched_cosine,results/flag_md/text/md_K3_matched,results/flag_md/text/md_K3_matched/reddit__bwgnn__text__s1i0__7132e0457d7d.json,Sentence-BERT of raw node text (384d),False
ab55deecef24,2026-09-19T11:38:49+00:00,14eedbd784f43524589dcc9c848191495f337851-dirty,reddit,bwgnn,text,flag_bundled,"beta-wavelet basis NOT applied - the polynomial is evaluated over raw adjacency A, not the normalised Laplacian, so it is not a beta wavelet. Theta coefficients themselves are correct.",approximation,1,1,cpu,torch 2.14.0+cu130,3.12.14,Linux-5.15.0-119-generic-x86_64-with-glibc2.39,benchmark-v1,,False,4,5,False,0.3,validation_swept,0.6467209122425007,0.5665656090290099,0.6421485207069506,0.5605314388160227,0.1886574074074074,0.2436472346786248,0.2126549249836921,0.8359051050234518,0.20271977861378093,0.032895721466741,19.26,9.31,completed,,md_K3_matched,markov_diffusion,markov_diffusion_h2_k10_t0_perhop_K3_matched_cosine,3.0,matched_cosine,results/flag_md/text/md_K3_matched,results/flag_md/text/md_K3_matched/reddit__bwgnn__text__s1i1__ab55deecef24.json,Sentence-BERT of raw node text (384d),False
a5acac355bdd,2026-09-19T11:39:21+00:00,14eedbd784f43524589dcc9c848191495f337851-dirty,reddit,bwgnn,text,flag_bundled,"beta-wavelet basis NOT applied - the polynomial is evaluated over raw adjacency A, not the normalised Laplacian, so it is not a beta wavelet. Theta coefficients themselves are correct.",approximation,2,0,cpu,torch 2.14.0+cu130,3.12.14,Linux-5.15.0-119-generic-x86_64-with-glibc2.39,benchmark-v1,,False,1,5,False,0.2,validation_swept,0.6299494312809788,0.5653048689696247,0.6350468063788257,0.5450486969184494,0.1797945205479452,0.15695067264573992,0.16759776536312848,0.8582013459316158,0.2127990975726139,0.018290947857764576,19.4,9.35,completed,,md_K3_matched,markov_diffusion,markov_diffusion_h2_k10_t0_perhop_K3_matched_cosine,3.0,matched_cosine,results/flag_md/text/md_K3_matched,results/flag_md/text/md_K3_matched/reddit__bwgnn__text__s2i0__a5acac355bdd.json,Sentence-BERT of raw node text (384d),False
873e5b58c3e0,2026-09-19T11:39:54+00:00,14eedbd784f43524589dcc9c848191495f337851-dirty,reddit,bwgnn,text,flag_bundled,"beta-wavelet basis NOT applied - the polynomial is evaluated over raw adjacency A, not the normalised Laplacian, so it is not a beta wavelet. Theta coefficients themselves are correct.",approximation,2,1,cpu,torch 2.14.0+cu130,3.12.14,Linux-5.15.0-119-generic-x86_64-with-glibc2.39,benchmark-v1,,False,4,5,False,0.3,validation_swept,0.6327894450333782,0.5697158580413297,0.6215592413019696,0.5630356502082908,0.21570319240724764,0.18684603886397608,0.2002402883460152,0.8642512405682823,0.18958514339123622,0.04381060909586533,20.49,15.14,completed,,md_K3_matched,markov_diffusion,markov_diffusion_h2_k10_t0_perhop_K3_matched_cosine,3.0,matched_cosine,results/flag_md/text/md_K3_matched,results/flag_md/text/md_K3_matched/reddit__bwgnn__text__s2i1__873e5b58c3e0.json,Sentence-BERT of raw node text (384d),False
76fd1716625d,2026-09-19T11:40:35+00:00,14eedbd784f43524589dcc9c848191495f337851-dirty,reddit,bwgnn,text,flag_bundled,"beta-wavelet basis NOT applied - the polynomial is evaluated over raw adjacency A, not the normalised Laplacian, so it is not a beta wavelet. Theta coefficients themselves are correct.",approximation,3,0,cpu,torch 2.14.0+cu130,3.12.14,Linux-5.15.0-119-generic-x86_64-with-glibc2.39,benchmark-v1,,False,4,5,False,0.49999999999999994,validation_swept,0.6635676016388277,0.5654640403478813,0.6438580648579445,0.5614798707928947,0.21880819366852886,0.1756352765321375,0.19485903814262023,0.8679899395010536,0.2075294049530002,0.037839414458734136,19.57,9.38,completed,,md_K3_matched,markov_diffusion,markov_diffusion_h2_k10_t0_perhop_K3_matched_cosine,3.0,matched_cosine,results/flag_md/text/md_K3_matched,results/flag_md/text/md_K3_matched/reddit__bwgnn__text__s3i0__76fd1716625d.json,Sentence-BERT of raw node text (384d),False
af729cb06fc1,2026-09-19T11:41:08+00:00,14eedbd784f43524589dcc9c848191495f337851-dirty,reddit,bwgnn,text,flag_bundled,"beta-wavelet basis NOT applied - the polynomial is evaluated over raw adjacency A, not the normalised Laplacian, so it is not a beta wavelet. Theta coefficients themselves are correct.",approximation,3,1,cpu,torch 2.14.0+cu130,3.12.14,Linux-5.15.0-119-generic-x86_64-with-glibc2.39,benchmark-v1,,False,4,5,False,0.25,validation_swept,0.6378964558920437,0.5675418850341593,0.6308163147371995,0.5521559478935519,0.18181818181818182,0.19730941704035873,0.18924731182795698,0.8462375093467474,0.19966015900901102,0.04316813509536793,20.33,9.99,completed,,md_K3_matched,markov_diffusion,markov_diffusion_h2_k10_t0_perhop_K3_matched_cosine,3.0,matched_cosine,results/flag_md/text/md_K3_matched,results/flag_md/text/md_K3_matched/reddit__bwgnn__text__s3i1__af729cb06fc1.json,Sentence-BERT of raw node text (384d),False
f00c896a656a,2026-09-19T11:23:26+00:00,14eedbd784f43524589dcc9c848191495f337851-dirty,reddit,care_gnn,text,flag_bundled,"NOT CARE-GNN - no RL neighbour filtering, no label-aware similarity, no multi-relation aggregation. A similarity-gated mean aggregator.",approximation,0,0,cpu,torch 2.14.0+cu130,3.12.14,Linux-5.15.0-119-generic-x86_64-with-glibc2.39,benchmark-v1,,False,1,5,False,0.2,validation_swept,0.6206432828123657,0.5232940629636913,0.620861038187178,0.5208828353583557,0.14974619289340102,0.08819133034379671,0.11100658513640639,0.8715247094011284,0.19271059852544065,0.013317443149510751,18.06,8.88,completed,,md_K3_matched,markov_diffusion,markov_diffusion_h2_k10_t0_perhop_K3_matched_cosine,3.0,matched_cosine,results/flag_md/text/md_K3_matched,results/flag_md/text/md_K3_matched/reddit__care_gnn__text__s0i0__f00c896a656a.json,Sentence-BERT of raw node text (384d),False
67ab90bccd2b,2026-09-19T11:23:59+00:00,14eedbd784f43524589dcc9c848191495f337851-dirty,reddit,care_gnn,text,flag_bundled,"NOT CARE-GNN - no RL neighbour filtering, no label-aware similarity, no multi-relation aggregation. A similarity-gated mean aggregator.",approximation,0,1,cpu,torch 2.14.0+cu130,3.12.14,Linux-5.15.0-119-generic-x86_64-with-glibc2.39,benchmark-v1,,False,5,5,False,0.2,validation_swept,0.6173806692834427,0.5137150758623302,0.5946934830761892,0.5198930386069637,0.12400455062571103,0.16292974588938713,0.14082687338501293,0.8191829243423289,0.14613240855092874,0.05254946791919285,17.68,8.71,completed,,md_K3_matched,markov_diffusion,markov_diffusion_h2_k10_t0_perhop_K3_matched_cosine,3.0,matched_cosine,results/flag_md/text/md_K3_matched,results/flag_md/text/md_K3_matched/reddit__care_gnn__text__s0i1__67ab90bccd2b.json,Sentence-BERT of raw node text (384d),False
33d8d6401f3c,2026-09-19T11:24:30+00:00,14eedbd784f43524589dcc9c848191495f337851-dirty,reddit,care_gnn,text,flag_bundled,"NOT CARE-GNN - no RL neighbour filtering, no label-aware similarity, no multi-relation aggregation. A similarity-gated mean aggregator.",approximation,1,0,cpu,torch 2.14.0+cu130,3.12.14,Linux-5.15.0-119-generic-x86_64-with-glibc2.39,benchmark-v1,,False,2,5,False,0.25,validation_swept,0.6265704237458098,0.525616721342635,0.6038340868651189,0.5174703238157622,0.12098298676748583,0.19133034379671152,0.1482339316734221,0.8000135952688464,0.16995045121928185,0.06878579093098586,17.4,8.57,completed,,md_K3_matched,markov_diffusion,markov_diffusion_h2_k10_t0_perhop_K3_matched_cosine,3.0,matched_cosine,results/flag_md/text/md_K3_matched,results/flag_md/text/md_K3_matched/reddit__care_gnn__text__s1i0__33d8d6401f3c.json,Sentence-BERT of raw node text (384d),False
09d4a1eb1456,2026-09-19T11:25:00+00:00,14eedbd784f43524589dcc9c848191495f337851-dirty,reddit,care_gnn,text,flag_bundled,"NOT CARE-GNN - no RL neighbour filtering, no label-aware similarity, no multi-relation aggregation. A similarity-gated mean aggregator.",approximation,1,1,cpu,torch 2.14.0+cu130,3.12.14,Linux-5.15.0-119-generic-x86_64-with-glibc2.39,benchmark-v1,,False,5,5,False,0.2,validation_swept,0.6414330430048993,0.5308390346136754,0.6011026109879163,0.5245439306990178,0.13129912159038373,0.21225710014947682,0.1622393601828049,0.8006253823669363,0.15263844546778266,0.056973146869499114,16.97,8.6,completed,,md_K3_matched,markov_diffusion,markov_diffusion_h2_k10_t0_perhop_K3_matched_cosine,3.0,matched_cosine,results/flag_md/text/md_K3_matched,results/flag_md/text/md_K3_matched/reddit__care_gnn__text__s1i1__09d4a1eb1456.json,Sentence-BERT of raw node text (384d),False
ea267b942ec6,2026-09-19T11:25:29+00:00,14eedbd784f43524589dcc9c848191495f337851-dirty,reddit,care_gnn,text,flag_bundled,"NOT CARE-GNN - no RL neighbour filtering, no label-aware similarity, no multi-relation aggregation. A similarity-gated mean aggregator.",approximation,2,0,cpu,torch 2.14.0+cu130,3.12.14,Linux-5.15.0-119-generic-x86_64-with-glibc2.39,benchmark-v1,,False,2,5,False,0.1,validation_swept,0.6313658568031402,0.5365717407394354,0.6181904797353435,0.5266990531540464,0.13802816901408452,0.14648729446935724,0.14213197969543148,0.8391679695465978,0.18291826211639206,0.05170930051691833,17.64,8.67,completed,,md_K3_matched,markov_diffusion,markov_diffusion_h2_k10_t0_perhop_K3_matched_cosine,3.0,matched_cosine,results/flag_md/text/md_K3_matched,results/flag_md/text/md_K3_matched/reddit__care_gnn__text__s2i0__ea267b942ec6.json,Sentence-BERT of raw node text (384d),False
63f1eb6cfaf2,2026-09-19T11:26:00+00:00,14eedbd784f43524589dcc9c848191495f337851-dirty,reddit,care_gnn,text,flag_bundled,"NOT CARE-GNN - no RL neighbour filtering, no label-aware similarity, no multi-relation aggregation. A similarity-gated mean aggregator.",approximation,2,1,cpu,torch 2.14.0+cu130,3.12.14,Linux-5.15.0-119-generic-x86_64-with-glibc2.39,benchmark-v1,,False,1,5,False,0.2,validation_swept,0.6075570151562903,0.5358140292309571,0.6104186178406237,0.5232352331882023,0.14285714285714285,0.10687593423019431,0.12227447627191107,0.8604445652912787,0.16893055938850976,0.021529342090951205,17.25,8.61,completed,,md_K3_matched,markov_diffusion,markov_diffusion_h2_k10_t0_perhop_K3_matched_cosine,3.0,matched_cosine,results/flag_md/text/md_K3_matched,results/flag_md/text/md_K3_matched/reddit__care_gnn__text__s2i1__63f1eb6cfaf2.json,Sentence-BERT of raw node text (384d),False
e705b024e3a7,2026-09-19T11:26:29+00:00,14eedbd784f43524589dcc9c848191495f337851-dirty,reddit,care_gnn,text,flag_bundled,"NOT CARE-GNN - no RL neighbour filtering, no label-aware similarity, no multi-relation aggregation. A similarity-gated mean aggregator.",approximation,3,0,cpu,torch 2.14.0+cu130,3.12.14,Linux-5.15.0-119-generic-x86_64-with-glibc2.39,benchmark-v1,,False,2,5,False,0.2,validation_swept,0.6246185857949174,0.5223524759844627,0.6071569368125342,0.5211217313419398,0.13237774030354132,0.11733931240657698,0.12440570522979398,0.8497722792468221,0.16800304967162155,0.025780706502125685,17.19,8.57,completed,,md_K3_matched,markov_diffusion,markov_diffusion_h2_k10_t0_perhop_K3_matched_cosine,3.0,matched_cosine,results/flag_md/text/md_K3_matched,results/flag_md/text/md_K3_matched/reddit__care_gnn__text__s3i0__e705b024e3a7.json,Sentence-BERT of raw node text (384d),False
d42f91d73bd1,2026-09-19T11:26:59+00:00,14eedbd784f43524589dcc9c848191495f337851-dirty,reddit,care_gnn,text,flag_bundled,"NOT CARE-GNN - no RL neighbour filtering, no label-aware similarity, no multi-relation aggregation. A similarity-gated mean aggregator.",approximation,3,1,cpu,torch 2.14.0+cu130,3.12.14,Linux-5.15.0-119-generic-x86_64-with-glibc2.39,benchmark-v1,,False,3,5,False,0.2,validation_swept,0.64723841790104,0.5383288408875773,0.6063641160820102,0.5230195307729482,0.12883435582822086,0.1726457399103139,0.14755669115298628,0.818571137244239,0.17259152899049096,0.037720338322958014,17.06,8.54,completed,,md_K3_matched,markov_diffusion,markov_diffusion_h2_k10_t0_perhop_K3_matched_cosine,3.0,matched_cosine,results/flag_md/text/md_K3_matched,results/flag_md/text/md_K3_matched/reddit__care_gnn__text__s3i1__d42f91d73bd1.json,Sentence-BERT of raw node text (384d),False
2b1f229fb99e,2026-09-19T11:41:43+00:00,14eedbd784f43524589dcc9c848191495f337851-dirty,reddit,dga_gnn,text,flag_bundled,"NOT DGA-GNN - no decision-tree dynamic grouping, no bidirectional grouped aggregation. GraphSAGE-mean.",approximation,0,0,cpu,torch 2.14.0+cu130,3.12.14,Linux-5.15.0-119-generic-x86_64-with-glibc2.39,benchmark-v1,,False,1,5,False,0.15,validation_swept,0.6535505543936051,0.5598333407207128,0.6169283992230736,0.5334264466177147,0.14410480349344978,0.24663677130044842,0.1819184123484013,0.798246210318809,0.17644195737412144,0.023442490498964137,14.26,6.36,completed,,md_K3_matched,markov_diffusion,markov_diffusion_h2_k10_t0_perhop_K3_matched_cosine,3.0,matched_cosine,results/flag_md/text/md_K3_matched,results/flag_md/text/md_K3_matched/reddit__dga_gnn__text__s0i0__2b1f229fb99e.json,Sentence-BERT of raw node text (384d),False
d98e1fd56fae,2026-09-19T11:42:12+00:00,14eedbd784f43524589dcc9c848191495f337851-dirty,reddit,dga_gnn,text,flag_bundled,"NOT DGA-GNN - no decision-tree dynamic grouping, no bidirectional grouped aggregation. GraphSAGE-mean.",approximation,0,1,cpu,torch 2.14.0+cu130,3.12.14,Linux-5.15.0-119-generic-x86_64-with-glibc2.39,benchmark-v1,,False,2,5,False,0.15,validation_swept,0.6520965246540411,0.5476838164762134,0.6159120283077129,0.5265145042944415,0.13753581661891118,0.28699551569506726,0.18595641646489103,0.7714635306913195,0.17352093888395032,0.022101690692753938,14.28,6.35,completed,,md_K3_matched,markov_diffusion,markov_diffusion_h2_k10_t0_perhop_K3_matched_cosine,3.0,matched_cosine,results/flag_md/text/md_K3_matched,results/flag_md/text/md_K3_matched/reddit__dga_gnn__text__s0i1__d98e1fd56fae.json,Sentence-BERT of raw node text (384d),False
b7e235e9a4c9,2026-09-19T11:42:36+00:00,14eedbd784f43524589dcc9c848191495f337851-dirty,reddit,dga_gnn,text,flag_bundled,"NOT DGA-GNN - no decision-tree dynamic grouping, no bidirectional grouped aggregation. GraphSAGE-mean.",approximation,1,0,cpu,torch 2.14.0+cu130,3.12.14,Linux-5.15.0-119-generic-x86_64-with-glibc2.39,benchmark-v1,,False,5,5,False,0.2,validation_swept,0.6401204767498496,0.5410036655839496,0.6186863978766309,0.5304840833119343,0.14674735249621784,0.14499252615844543,0.14586466165413534,0.8455577459044252,0.18287439039261788,0.03532244117828008,14.02,6.36,completed,,md_K3_matched,markov_diffusion,markov_diffusion_h2_k10_t0_perhop_K3_matched_cosine,3.0,matched_cosine,results/flag_md/text/md_K3_matched,results/flag_md/text/md_K3_matched/reddit__dga_gnn__text__s1i0__b7e235e9a4c9.json,Sentence-BERT of raw node text (384d),False
2e8cee44d27a,2026-09-19T11:43:00+00:00,14eedbd784f43524589dcc9c848191495f337851-dirty,reddit,dga_gnn,text,flag_bundled,"NOT DGA-GNN - no decision-tree dynamic grouping, no bidirectional grouped aggregation. GraphSAGE-mean.",approximation,1,1,cpu,torch 2.14.0+cu130,3.12.14,Linux-5.15.0-119-generic-x86_64-with-glibc2.39,benchmark-v1,,False,5,5,False,0.15,validation_swept,0.6442426152479729,0.5381937468940652,0.6311280554699544,0.5404122502223,0.15388127853881278,0.25186846038863975,0.19104308390022676,0.8059955135612806,0.199531394102545,0.0360125952623936,14.04,6.39,completed,,md_K3_matched,markov_diffusion,markov_diffusion_h2_k10_t0_perhop_K3_matched_cosine,3.0,matched_cosine,results/flag_md/text/md_K3_matched,results/flag_md/text/md_K3_matched/reddit__dga_gnn__text__s1i1__2e8cee44d27a.json,Sentence-BERT of raw node text (384d),False
d902938e440d,2026-09-19T11:43:24+00:00,14eedbd784f43524589dcc9c848191495f337851-dirty,reddit,dga_gnn,text,flag_bundled,"NOT DGA-GNN - no decision-tree dynamic grouping, no bidirectional grouped aggregation. GraphSAGE-mean.",approximation,2,0,cpu,torch 2.14.0+cu130,3.12.14,Linux-5.15.0-119-generic-x86_64-with-glibc2.39,benchmark-v1,,False,5,5,False,0.15,validation_swept,0.6529739563934333,0.5512576722532008,0.6111293677095395,0.5234442682063869,0.13357271095152604,0.27802690582959644,0.18045112781954886,0.7703079328393719,0.16238540118930933,0.0329068960524186,13.92,6.25,completed,,md_K3_matched,markov_diffusion,markov_diffusion_h2_k10_t0_perhop_K3_matched_cosine,3.0,matched_cosine,results/flag_md/text/md_K3_matched,results/flag_md/text/md_K3_matched/reddit__dga_gnn__text__s2i0__d902938e440d.json,Sentence-BERT of raw node text (384d),False
d15cf353c965,2026-09-19T11:43:48+00:00,14eedbd784f43524589dcc9c848191495f337851-dirty,reddit,dga_gnn,text,flag_bundled,"NOT DGA-GNN - no decision-tree dynamic grouping, no bidirectional grouped aggregation. GraphSAGE-mean.",approximation,2,1,cpu,torch 2.14.0+cu130,3.12.14,Linux-5.15.0-119-generic-x86_64-with-glibc2.39,benchmark-v1,,False,5,5,False,0.2,validation_swept,0.6527716098902674,0.5484598214285714,0.617548471548265,0.5299477982641733,0.14407988587731813,0.15097159940209268,0.14744525547445256,0.841207259873564,0.17893895705120322,0.03694474217827896,13.88,6.37,completed,,md_K3_matched,markov_diffusion,markov_diffusion_h2_k10_t0_perhop_K3_matched_cosine,3.0,matched_cosine,results/flag_md/text/md_K3_matched,results/flag_md/text/md_K3_matched/reddit__dga_gnn__text__s2i1__d15cf353c965.json,Sentence-BERT of raw node text (384d),False
113566e848d6,2026-09-19T11:44:12+00:00,14eedbd784f43524589dcc9c848191495f337851-dirty,reddit,dga_gnn,text,flag_bundled,"NOT DGA-GNN - no decision-tree dynamic grouping, no bidirectional grouped aggregation. GraphSAGE-mean.",approximation,3,0,cpu,torch 2.14.0+cu130,3.12.14,Linux-5.15.0-119-generic-x86_64-with-glibc2.39,benchmark-v1,,False,3,5,False,0.15,validation_swept,0.6659957596768187,0.556943080245166,0.6235528618503451,0.5285844201471498,0.13819500402900886,0.2563527653213752,0.17958115183246073,0.7869621371762626,0.19060430868390754,0.029672444322101588,14.29,6.4,completed,,md_K3_matched,markov_diffusion,markov_diffusion_h2_k10_t0_perhop_K3_matched_cosine,3.0,matched_cosine,results/flag_md/text/md_K3_matched,results/flag_md/text/md_K3_matched/reddit__dga_gnn__text__s3i0__113566e848d6.json,Sentence-BERT of raw node text (384d),False
4788827d8417,2026-09-19T11:44:36+00:00,14eedbd784f43524589dcc9c848191495f337851-dirty,reddit,dga_gnn,text,flag_bundled,"NOT DGA-GNN - no decision-tree dynamic grouping, no bidirectional grouped aggregation. GraphSAGE-mean.",approximation,3,1,cpu,torch 2.14.0+cu130,3.12.14,Linux-5.15.0-119-generic-x86_64-with-glibc2.39,benchmark-v1,,False,3,5,False,0.15,validation_swept,0.6414563218061485,0.5396588443587865,0.6265783621081542,0.5226117390105425,0.13480553724456162,0.30568011958146485,0.187099725526075,0.7584120725987357,0.19062660781484503,0.014575600060245159,14.18,6.27,completed,,md_K3_matched,markov_diffusion,markov_diffusion_h2_k10_t0_perhop_K3_matched_cosine,3.0,matched_cosine,results/flag_md/text/md_K3_matched,results/flag_md/text/md_K3_matched/reddit__dga_gnn__text__s3i1__4788827d8417.json,Sentence-BERT of raw node text (384d),False
d4faadc2705b,2026-09-19T11:31:59+00:00,14eedbd784f43524589dcc9c848191495f337851-dirty,reddit,gat,text,flag_bundled,"NOT canonical GAT - conv2 is a SAGEConv, not a GATConv, so the second layer performs no attention",adapted,0,0,cpu,torch 2.14.0+cu130,3.12.14,Linux-5.15.0-119-generic-x86_64-with-glibc2.39,benchmark-v1,,False,5,5,False,0.2,validation_swept,0.6624752886571355,0.5570107705709987,0.6346934573679178,0.541049434766929,0.1586248492159228,0.19656203288490284,0.17556742323097463,0.8320984297464482,0.21224826991717577,0.040511399543817515,20.23,9.08,completed,,md_K3_matched,markov_diffusion,markov_diffusion_h2_k10_t0_perhop_K3_matched_cosine,3.0,matched_cosine,results/flag_md/text/md_K3_matched,results/flag_md/text/md_K3_matched/reddit__gat__text__s0i0__d4faadc2705b.json,Sentence-BERT of raw node text (384d),False
f6895f8a0e98,2026-09-19T11:32:34+00:00,14eedbd784f43524589dcc9c848191495f337851-dirty,reddit,gat,text,flag_bundled,"NOT canonical GAT - conv2 is a SAGEConv, not a GATConv, so the second layer performs no attention",adapted,0,1,cpu,torch 2.14.0+cu130,3.12.14,Linux-5.15.0-119-generic-x86_64-with-glibc2.39,benchmark-v1,,False,5,5,False,0.2,validation_swept,0.6903203163051888,0.5644760213143872,0.6393643987612191,0.5412554998996421,0.18209255533199195,0.1352765321375187,0.15523156089193826,0.8660866018625518,0.20571523931550278,0.03502999560160539,18.8,8.98,completed,,md_K3_matched,markov_diffusion,markov_diffusion_h2_k10_t0_perhop_K3_matched_cosine,3.0,matched_cosine,results/flag_md/text/md_K3_matched,results/flag_md/text/md_K3_matched/reddit__gat__text__s0i1__f6895f8a0e98.json,Sentence-BERT of raw node text (384d),False
44b362c0891e,2026-09-19T11:33:06+00:00,14eedbd784f43524589dcc9c848191495f337851-dirty,reddit,gat,text,flag_bundled,"NOT canonical GAT - conv2 is a SAGEConv, not a GATConv, so the second layer performs no attention",adapted,1,0,cpu,torch 2.14.0+cu130,3.12.14,Linux-5.15.0-119-generic-x86_64-with-glibc2.39,benchmark-v1,,False,5,5,False,0.2,validation_swept,0.6903525484915337,0.561994757314392,0.6433341470560061,0.5452929386538612,0.16080402010050251,0.26307922272047835,0.19960306209242984,0.8081027802324791,0.22119888399276721,0.036263742787458524,19.28,9.05,completed,,md_K3_matched,markov_diffusion,markov_diffusion_h2_k10_t0_perhop_K3_matched_cosine,3.0,matched_cosine,results/flag_md/text/md_K3_matched,results/flag_md/text/md_K3_matched/reddit__gat__text__s1i0__44b362c0891e.json,Sentence-BERT of raw node text (384d),False
a8223c502591,2026-09-19T11:33:38+00:00,14eedbd784f43524589dcc9c848191495f337851-dirty,reddit,gat,text,flag_bundled,"NOT canonical GAT - conv2 is a SAGEConv, not a GATConv, so the second layer performs no attention",adapted,1,1,cpu,torch 2.14.0+cu130,3.12.14,Linux-5.15.0-119-generic-x86_64-with-glibc2.39,benchmark-v1,,False,5,5,False,0.2,validation_swept,0.6891420508265764,0.5676931701054231,0.633862465443333,0.5391873038936972,0.152153987167736,0.24813153961136025,0.18863636363636363,0.8058595608728163,0.20583344147573523,0.04163420086941792,19.77,9.09,completed,,md_K3_matched,markov_diffusion,markov_diffusion_h2_k10_t0_perhop_K3_matched_cosine,3.0,matched_cosine,results/flag_md/text/md_K3_matched,results/flag_md/text/md_K3_matched/reddit__gat__text__s1i1__a8223c502591.json,Sentence-BERT of raw node text (384d),False
c89ded0580dd,2026-09-19T11:34:11+00:00,14eedbd784f43524589dcc9c848191495f337851-dirty,reddit,gat,text,flag_bundled,"NOT canonical GAT - conv2 is a SAGEConv, not a GATConv, so the second layer performs no attention",adapted,2,0,cpu,torch 2.14.0+cu130,3.12.14,Linux-5.15.0-119-generic-x86_64-with-glibc2.39,benchmark-v1,,False,5,5,False,0.25,validation_swept,0.6714680686473943,0.5557201314237349,0.6544817005730821,0.5518422498889705,0.1792514773473408,0.2040358744394619,0.19084236281020622,0.8426347631024403,0.23828102426670789,0.03604086178376061,19.18,9.05,completed,,md_K3_matched,markov_diffusion,markov_diffusion_h2_k10_t0_perhop_K3_matched_cosine,3.0,matched_cosine,results/flag_md/text/md_K3_matched,results/flag_md/text/md_K3_matched/reddit__gat__text__s2i0__c89ded0580dd.json,Sentence-BERT of raw node text (384d),False
31cbb8abdbd8,2026-09-19T11:34:44+00:00,14eedbd784f43524589dcc9c848191495f337851-dirty,reddit,gat,text,flag_bundled,"NOT canonical GAT - conv2 is a SAGEConv, not a GATConv, so the second layer performs no attention",adapted,2,1,cpu,torch 2.14.0+cu130,3.12.14,Linux-5.15.0-119-generic-x86_64-with-glibc2.39,benchmark-v1,,False,4,5,False,0.2,validation_swept,0.6542202675987738,0.5550709386492646,0.6310623876031586,0.5411345387236767,0.15526443474041726,0.23916292974588937,0.18829067372756694,0.8124532662633404,0.1969353058060342,0.035632165420265885,18.67,8.89,completed,,md_K3_matched,markov_diffusion,markov_diffusion_h2_k10_t0_perhop_K3_matched_cosine,3.0,matched_cosine,results/flag_md/text/md_K3_matched,results/flag_md/text/md_K3_matched/reddit__gat__text__s2i1__31cbb8abdbd8.json,Sentence-BERT of raw node text (384d),False
4e010ff41299,2026-09-19T11:35:16+00:00,14eedbd784f43524589dcc9c848191495f337851-dirty,reddit,gat,text,flag_bundled,"NOT canonical GAT - conv2 is a SAGEConv, not a GATConv, so the second layer performs no attention",adapted,3,0,cpu,torch 2.14.0+cu130,3.12.14,Linux-5.15.0-119-generic-x86_64-with-glibc2.39,benchmark-v1,,False,5,5,False,0.2,validation_swept,0.6937297653496834,0.5684887178538478,0.6399819561468308,0.5393256703009024,0.15488215488215487,0.34379671150971597,0.2135561745589601,0.769696145741282,0.21020770382998472,0.046375930994064424,18.9,9.11,completed,,md_K3_matched,markov_diffusion,markov_diffusion_h2_k10_t0_perhop_K3_matched_cosine,3.0,matched_cosine,results/flag_md/text/md_K3_matched,results/flag_md/text/md_K3_matched/reddit__gat__text__s3i0__4e010ff41299.json,Sentence-BERT of raw node text (384d),False
13f0b68f155b,2026-09-19T11:35:47+00:00,14eedbd784f43524589dcc9c848191495f337851-dirty,reddit,gat,text,flag_bundled,"NOT canonical GAT - conv2 is a SAGEConv, not a GATConv, so the second layer performs no attention",adapted,3,1,cpu,torch 2.14.0+cu130,3.12.14,Linux-5.15.0-119-generic-x86_64-with-glibc2.39,benchmark-v1,,False,3,5,False,0.3,validation_swept,0.6925371744549179,0.5722363373499744,0.6444087248507437,0.547506892786719,0.1652262328418912,0.2428998505231689,0.19667170953101362,0.8195228060634899,0.22298689425863882,0.07059008995064299,19.4,9.2,completed,,md_K3_matched,markov_diffusion,markov_diffusion_h2_k10_t0_perhop_K3_matched_cosine,3.0,matched_cosine,results/flag_md/text/md_K3_matched,results/flag_md/text/md_K3_matched/reddit__gat__text__s3i1__13f0b68f155b.json,Sentence-BERT of raw node text (384d),False
a535a80dfbec,2026-09-19T11:49:44+00:00,14eedbd784f43524589dcc9c848191495f337851-dirty,reddit,gcn,text,flag_bundled,faithful - two GCNConv layers plus the Eq. 6 skip,faithful,0,0,cpu,torch 2.14.0+cu130,3.12.14,Linux-5.15.0-119-generic-x86_64-with-glibc2.39,benchmark-v1,,False,5,5,False,0.2,validation_swept,0.6020041257198521,0.5450106062388209,0.5971987261663367,0.5238111045522987,0.13114754098360656,0.1554559043348281,0.14227086183310533,0.8295153286656244,0.14914150581392555,0.04636349612905596,15.62,8.38,completed,,md_K3_matched,markov_diffusion,markov_diffusion_h2_k10_t0_perhop_K3_matched_cosine,3.0,matched_cosine,results/flag_md/text/md_K3_matched,results/flag_md/text/md_K3_matched/reddit__gcn__text__s0i0__a535a80dfbec.json,Sentence-BERT of raw node text (384d),False
237944fab4ea,2026-09-19T11:50:14+00:00,14eedbd784f43524589dcc9c848191495f337851-dirty,reddit,gcn,text,flag_bundled,faithful - two GCNConv layers plus the Eq. 6 skip,faithful,0,1,cpu,torch 2.14.0+cu130,3.12.14,Linux-5.15.0-119-generic-x86_64-with-glibc2.39,benchmark-v1,,False,1,5,False,0.2,validation_swept,0.5898060338652837,0.5430023720772619,0.6016514825792371,0.5212381465893557,0.1439820022497188,0.09566517189835576,0.11495285136955545,0.8660186255183197,0.1483655072348105,0.018299475748891337,15.09,8.33,completed,,md_K3_matched,markov_diffusion,markov_diffusion_h2_k10_t0_perhop_K3_matched_cosine,3.0,matched_cosine,results/flag_md/text/md_K3_matched,results/flag_md/text/md_K3_matched/reddit__gcn__text__s0i1__237944fab4ea.json,Sentence-BERT of raw node text (384d),False
b9c4057cc702,2026-09-19T11:50:41+00:00,14eedbd784f43524589dcc9c848191495f337851-dirty,reddit,gcn,text,flag_bundled,faithful - two GCNConv layers plus the Eq. 6 skip,faithful,1,0,cpu,torch 2.14.0+cu130,3.12.14,Linux-5.15.0-119-generic-x86_64-with-glibc2.39,benchmark-v1,,False,2,5,False,0.25,validation_swept,0.6048871157207116,0.5457191770505095,0.6019518222525654,0.521808816542895,0.12939521800281295,0.1375186846038864,0.13333333333333333,0.8374005845965604,0.16040005199777302,0.04714619678107226,15.45,8.42,completed,,md_K3_matched,markov_diffusion,markov_diffusion_h2_k10_t0_perhop_K3_matched_cosine,3.0,matched_cosine,results/flag_md/text/md_K3_matched,results/flag_md/text/md_K3_matched/reddit__gcn__text__s1i0__b9c4057cc702.json,Sentence-BERT of raw node text (384d),False
e638fb7561a1,2026-09-19T11:51:09+00:00,14eedbd784f43524589dcc9c848191495f337851-dirty,reddit,gcn,text,flag_bundled,faithful - two GCNConv layers plus the Eq. 6 skip,faithful,1,1,cpu,torch 2.14.0+cu130,3.12.14,Linux-5.15.0-119-generic-x86_64-with-glibc2.39,benchmark-v1,,False,2,5,False,0.25,validation_swept,0.6043463312609232,0.5523098278062382,0.6022944129108279,0.5264572662503141,0.13418708240534521,0.18011958146487295,0.1537970644543714,0.8197267350961865,0.1631539108372323,0.05518752559254101,15.29,8.3,completed,,md_K3_matched,markov_diffusion,markov_diffusion_h2_k10_t0_perhop_K3_matched_cosine,3.0,matched_cosine,results/flag_md/text/md_K3_matched,results/flag_md/text/md_K3_matched/reddit__gcn__text__s1i1__e638fb7561a1.json,Sentence-BERT of raw node text (384d),False
547a37c7bd7c,2026-09-19T11:51:36+00:00,14eedbd784f43524589dcc9c848191495f337851-dirty,reddit,gcn,text,flag_bundled,faithful - two GCNConv layers plus the Eq. 6 skip,faithful,2,0,cpu,torch 2.14.0+cu130,3.12.14,Linux-5.15.0-119-generic-x86_64-with-glibc2.39,benchmark-v1,,False,2,5,False,0.15,validation_swept,0.5994900151849412,0.5390704558910597,0.5908821759749051,0.5229845247130676,0.13659793814432988,0.11883408071748879,0.12709832134292565,0.8515396641968594,0.13941846996217638,0.03281332048901234,15.11,8.3,completed,,md_K3_matched,markov_diffusion,markov_diffusion_h2_k10_t0_perhop_K3_matched_cosine,3.0,matched_cosine,results/flag_md/text/md_K3_matched,results/flag_md/text/md_K3_matched/reddit__gcn__text__s2i0__547a37c7bd7c.json,Sentence-BERT of raw node text (384d),False
a0f0ac484894,2026-09-19T11:52:03+00:00,14eedbd784f43524589dcc9c848191495f337851-dirty,reddit,gcn,text,flag_bundled,faithful - two GCNConv layers plus the Eq. 6 skip,faithful,2,1,cpu,torch 2.14.0+cu130,3.12.14,Linux-5.15.0-119-generic-x86_64-with-glibc2.39,benchmark-v1,,False,4,5,False,0.2,validation_swept,0.6148898375497808,0.542774557657108,0.6026482649096516,0.5240274484371158,0.13029315960912052,0.17937219730941703,0.1509433962264151,0.8164638705730406,0.16593906670256886,0.041759352438751264,14.93,8.25,completed,,md_K3_matched,markov_diffusion,markov_diffusion_h2_k10_t0_perhop_K3_matched_cosine,3.0,matched_cosine,results/flag_md/text/md_K3_matched,results/flag_md/text/md_K3_matched/reddit__gcn__text__s2i1__a0f0ac484894.json,Sentence-BERT of raw node text (384d),False
0079b9f12311,2026-09-19T11:52:30+00:00,14eedbd784f43524589dcc9c848191495f337851-dirty,reddit,gcn,text,flag_bundled,faithful - two GCNConv layers plus the Eq. 6 skip,faithful,3,0,cpu,torch 2.14.0+cu130,3.12.14,Linux-5.15.0-119-generic-x86_64-with-glibc2.39,benchmark-v1,,False,3,5,False,0.25,validation_swept,0.613446551872332,0.540634436262767,0.5990994895566855,0.5245819502675362,0.1327319587628866,0.15396113602391628,0.14256055363321798,0.8315546189925905,0.154184909758938,0.044434496081879354,14.94,8.27,completed,,md_K3_matched,markov_diffusion,markov_diffusion_h2_k10_t0_perhop_K3_matched_cosine,3.0,matched_cosine,results/flag_md/text/md_K3_matched,results/flag_md/text/md_K3_matched/reddit__gcn__text__s3i0__0079b9f12311.json,Sentence-BERT of raw node text (384d),False
6652c7c32f2c,2026-09-19T11:52:57+00:00,14eedbd784f43524589dcc9c848191495f337851-dirty,reddit,gcn,text,flag_bundled,faithful - two GCNConv layers plus the Eq. 6 skip,faithful,3,1,cpu,torch 2.14.0+cu130,3.12.14,Linux-5.15.0-119-generic-x86_64-with-glibc2.39,benchmark-v1,,False,2,5,False,0.25,validation_swept,0.6078668022806062,0.5445960596512027,0.6027485830550973,0.5250947157188264,0.14830072090628219,0.10762331838565023,0.12472932005197054,0.8626198083067093,0.15399897189269993,0.03547337370246372,14.9,8.24,completed,,md_K3_matched,markov_diffusion,markov_diffusion_h2_k10_t0_perhop_K3_matched_cosine,3.0,matched_cosine,results/flag_md/text/md_K3_matched,results/flag_md/text/md_K3_matched/reddit__gcn__text__s3i1__6652c7c32f2c.json,Sentence-BERT of raw node text (384d),False
02a63122e807,2026-09-19T10:52:19+00:00,14eedbd784f43524589dcc9c848191495f337851-dirty,reddit,geniepath,text,flag_bundled,closest to faithful - Breadth(GAT)+Depth(LSTM) preserved; matches PyG's example globals exactly. No official author repo exists.,adapted,0,0,cpu,torch 2.14.0+cu130,3.12.14,Linux-5.15.0-119-generic-x86_64-with-glibc2.39,benchmark-v1,,False,5,5,False,0.1,validation_swept,0.5975596653582788,0.5349297980652722,0.5965479715782765,0.5225666085798921,0.12982744453574363,0.23617339312406577,0.16755037115588547,0.7865542791108694,0.14865098082084727,0.04613146609778729,218.98,69.52,completed,,md_K3_matched,markov_diffusion,markov_diffusion_h2_k10_t0_perhop_K3_matched_cosine,3.0,matched_cosine,results/flag_md/text/md_K3_matched,results/flag_md/text/md_K3_matched/reddit__geniepath__text__s0i0__02a63122e807.json,Sentence-BERT of raw node text (384d),False
b55b095ee79f,2026-09-19T10:57:20+00:00,14eedbd784f43524589dcc9c848191495f337851-dirty,reddit,geniepath,text,flag_bundled,closest to faithful - Breadth(GAT)+Depth(LSTM) preserved; matches PyG's example globals exactly. No official author repo exists.,adapted,0,1,cpu,torch 2.14.0+cu130,3.12.14,Linux-5.15.0-119-generic-x86_64-with-glibc2.39,benchmark-v1,,False,5,5,False,0.25,validation_swept,0.6105528178093573,0.538036013019845,0.6048458470579176,0.5324962916984349,0.14266180492251596,0.23393124065769805,0.17723669309173273,0.8024607436612059,0.16039105410283333,0.050378300400285035,209.9,68.88,completed,,md_K3_matched,markov_diffusion,markov_diffusion_h2_k10_t0_perhop_K3_matched_cosine,3.0,matched_cosine,results/flag_md/text/md_K3_matched,results/flag_md/text/md_K3_matched/reddit__geniepath__text__s0i1__b55b095ee79f.json,Sentence-BERT of raw node text (384d),False
02972aebf550,2026-09-19T11:02:11+00:00,14eedbd784f43524589dcc9c848191495f337851-dirty,reddit,geniepath,text,flag_bundled,closest to faithful - Breadth(GAT)+Depth(LSTM) preserved; matches PyG's example globals exactly. No official author repo exists.,adapted,1,0,cpu,torch 2.14.0+cu130,3.12.14,Linux-5.15.0-119-generic-x86_64-with-glibc2.39,benchmark-v1,,False,2,5,False,0.2,validation_swept,0.6239793140990745,0.5510180008668506,0.6217966795420395,0.5385316910018149,0.15119825708061002,0.2593423019431988,0.19102669969721991,0.800217524301543,0.1730432680265001,0.032771419264302985,243.84,75.96,completed,,md_K3_matched,markov_diffusion,markov_diffusion_h2_k10_t0_perhop_K3_matched_cosine,3.0,matched_cosine,results/flag_md/text/md_K3_matched,results/flag_md/text/md_K3_matched/reddit__geniepath__text__s1i0__02972aebf550.json,Sentence-BERT of raw node text (384d),False
cfc50cc0b415,2026-09-19T11:07:43+00:00,14eedbd784f43524589dcc9c848191495f337851-dirty,reddit,geniepath,text,flag_bundled,closest to faithful - Breadth(GAT)+Depth(LSTM) preserved; matches PyG's example globals exactly. No official author repo exists.,adapted,1,1,cpu,torch 2.14.0+cu130,3.12.14,Linux-5.15.0-119-generic-x86_64-with-glibc2.39,benchmark-v1,,False,5,5,False,0.1,validation_swept,0.6098043148153455,0.5369147152322508,0.605995118558164,0.5223515526194776,0.12777777777777777,0.17189835575485798,0.14659018483110262,0.8179593501461492,0.16271262277236437,0.05387560221407088,250.38,80.09,completed,,md_K3_matched,markov_diffusion,markov_diffusion_h2_k10_t0_perhop_K3_matched_cosine,3.0,matched_cosine,results/flag_md/text/md_K3_matched,results/flag_md/text/md_K3_matched/reddit__geniepath__text__s1i1__cfc50cc0b415.json,Sentence-BERT of raw node text (384d),False
8ac5286467cf,2026-09-19T11:13:26+00:00,14eedbd784f43524589dcc9c848191495f337851-dirty,reddit,geniepath,text,flag_bundled,closest to faithful - Breadth(GAT)+Depth(LSTM) preserved; matches PyG's example globals exactly. No official author repo exists.,adapted,2,0,cpu,torch 2.14.0+cu130,3.12.14,Linux-5.15.0-119-generic-x86_64-with-glibc2.39,benchmark-v1,,False,2,5,False,0.1,validation_swept,0.6133140417729136,0.5561326021279391,0.607278939325909,0.5314085062342846,0.14474553866490417,0.16367713004484305,0.15363030515608558,0.835973081367684,0.16086280088038535,0.038409133467196016,226.45,76.25,completed,,md_K3_matched,markov_diffusion,markov_diffusion_h2_k10_t0_perhop_K3_matched_cosine,3.0,matched_cosine,results/flag_md/text/md_K3_matched,results/flag_md/text/md_K3_matched/reddit__geniepath__text__s2i0__8ac5286467cf.json,Sentence-BERT of raw node text (384d),False
8003991bf92e,2026-09-19T11:18:41+00:00,14eedbd784f43524589dcc9c848191495f337851-dirty,reddit,geniepath,text,flag_bundled,closest to faithful - Breadth(GAT)+Depth(LSTM) preserved; matches PyG's example globals exactly. No official author repo exists.,adapted,2,1,cpu,torch 2.14.0+cu130,3.12.14,Linux-5.15.0-119-generic-x86_64-with-glibc2.39,benchmark-v1,,False,2,5,False,0.1,validation_swept,0.6179447325444803,0.5548106249492641,0.6082275465914913,0.536756123760661,0.1491183879093199,0.22122571001494767,0.17815227204333434,0.8143566039018422,0.16952095542666396,0.03561296124428265,193.22,65.92,completed,,md_K3_matched,markov_diffusion,markov_diffusion_h2_k10_t0_perhop_K3_matched_cosine,3.0,matched_cosine,results/flag_md/text/md_K3_matched,results/flag_md/text/md_K3_matched/reddit__geniepath__text__s2i1__8003991bf92e.json,Sentence-BERT of raw node text (384d),False
d981ed965c68,2026-09-19T11:23:12+00:00,14eedbd784f43524589dcc9c848191495f337851-dirty,reddit,geniepath,text,flag_bundled,closest to faithful - Breadth(GAT)+Depth(LSTM) preserved; matches PyG's example globals exactly. No official author repo exists.,adapted,3,0,cpu,torch 2.14.0+cu130,3.12.14,Linux-5.15.0-119-generic-x86_64-with-glibc2.39,benchmark-v1,,False,3,5,False,0.1,validation_swept,0.6069571383548692,0.5432710451538427,0.603128394819135,0.5294169752520591,0.13819214387127307,0.21823617339312407,0.16922631121414083,0.805111821086262,0.15924586239346017,0.04091506228280281,199.33,65.87,completed,,md_K3_matched,markov_diffusion,markov_diffusion_h2_k10_t0_perhop_K3_matched_cosine,3.0,matched_cosine,results/flag_md/text/md_K3_matched,results/flag_md/text/md_K3_matched/reddit__geniepath__text__s3i0__d981ed965c68.json,Sentence-BERT of raw node text (384d),False
72401e562bc5,2026-09-19T11:27:48+00:00,14eedbd784f43524589dcc9c848191495f337851-dirty,reddit,geniepath,text,flag_bundled,closest to faithful - Breadth(GAT)+Depth(LSTM) preserved; matches PyG's example globals exactly. No official author repo exists.,adapted,3,1,cpu,torch 2.14.0+cu130,3.12.14,Linux-5.15.0-119-generic-x86_64-with-glibc2.39,benchmark-v1,,False,4,5,False,0.39999999999999997,validation_swept,0.5979070566999971,0.5396202031540197,0.5996265370612115,0.5268269557907359,0.13450292397660818,0.1890881913303438,0.15719167443305374,0.8155801780980219,0.15060888922719484,0.0799082101789753,193.73,70.59,completed,,md_K3_matched,markov_diffusion,markov_diffusion_h2_k10_t0_perhop_K3_matched_cosine,3.0,matched_cosine,results/flag_md/text/md_K3_matched,results/flag_md/text/md_K3_matched/reddit__geniepath__text__s3i1__72401e562bc5.json,Sentence-BERT of raw node text (384d),False
630124761e9c,2026-09-19T11:45:19+00:00,14eedbd784f43524589dcc9c848191495f337851-dirty,reddit,pmp,text,flag_bundled,"partial - fraud/benign partition present, but applied to the aggregated mean rather than per-neighbour before aggregation",adapted,0,0,cpu,torch 2.14.0+cu130,3.12.14,Linux-5.15.0-119-generic-x86_64-with-glibc2.39,benchmark-v1,,False,3,5,False,0.15,validation_swept,0.6275642494914477,0.5358837761769693,0.6119389547039262,0.5292627340432038,0.13794772507260405,0.21300448430493274,0.16745005875440658,0.8073550404459248,0.1689356451552148,0.03542363627317804,19.57,9.52,completed,,md_K3_matched,markov_diffusion,markov_diffusion_h2_k10_t0_perhop_K3_matched_cosine,3.0,matched_cosine,results/flag_md/text/md_K3_matched,results/flag_md/text/md_K3_matched/reddit__pmp__text__s0i0__630124761e9c.json,Sentence-BERT of raw node text (384d),False
5863f8b2a338,2026-09-19T11:45:54+00:00,14eedbd784f43524589dcc9c848191495f337851-dirty,reddit,pmp,text,flag_bundled,"partial - fraud/benign partition present, but applied to the aggregated mean rather than per-neighbour before aggregation",adapted,0,1,cpu,torch 2.14.0+cu130,3.12.14,Linux-5.15.0-119-generic-x86_64-with-glibc2.39,benchmark-v1,,False,5,5,False,0.2,validation_swept,0.6217517118872303,0.540426219206944,0.6033598251479874,0.5266196497314228,0.1357636706473916,0.16143497757847533,0.14749061113007852,0.8302630684521787,0.15768928245644098,0.04547860345780839,19.56,9.8,completed,,md_K3_matched,markov_diffusion,markov_diffusion_h2_k10_t0_perhop_K3_matched_cosine,3.0,matched_cosine,results/flag_md/text/md_K3_matched,results/flag_md/text/md_K3_matched/reddit__pmp__text__s0i1__5863f8b2a338.json,Sentence-BERT of raw node text (384d),False
e0a68230b688,2026-09-19T11:46:27+00:00,14eedbd784f43524589dcc9c848191495f337851-dirty,reddit,pmp,text,flag_bundled,"partial - fraud/benign partition present, but applied to the aggregated mean rather than per-neighbour before aggregation",adapted,1,0,cpu,torch 2.14.0+cu130,3.12.14,Linux-5.15.0-119-generic-x86_64-with-glibc2.39,benchmark-v1,,False,2,5,False,0.25,validation_swept,0.6235567143225511,0.5353888653340968,0.6034500835351153,0.5185979229292311,0.12578616352201258,0.11958146487294469,0.12260536398467432,0.8443341717082455,0.15596470455551684,0.05422958862750103,19.51,9.37,completed,,md_K3_matched,markov_diffusion,markov_diffusion_h2_k10_t0_perhop_K3_matched_cosine,3.0,matched_cosine,results/flag_md/text/md_K3_matched,results/flag_md/text/md_K3_matched/reddit__pmp__text__s1i0__e0a68230b688.json,Sentence-BERT of raw node text (384d),False
0bb14b1d3e59,2026-09-19T11:47:00+00:00,14eedbd784f43524589dcc9c848191495f337851-dirty,reddit,pmp,text,flag_bundled,"partial - fraud/benign partition present, but applied to the aggregated mean rather than per-neighbour before aggregation",adapted,1,1,cpu,torch 2.14.0+cu130,3.12.14,Linux-5.15.0-119-generic-x86_64-with-glibc2.39,benchmark-v1,,False,5,5,False,0.15,validation_swept,0.6266008652551357,0.5340718845475546,0.6151011838435364,0.5238432490773517,0.13250678031770632,0.2556053811659193,0.17453431997958663,0.7800965264088098,0.17246740275036027,0.05385614373256083,18.26,9.32,completed,,md_K3_matched,markov_diffusion,markov_diffusion_h2_k10_t0_perhop_K3_matched_cosine,3.0,matched_cosine,results/flag_md/text/md_K3_matched,results/flag_md/text/md_K3_matched/reddit__pmp__text__s1i1__0bb14b1d3e59.json,Sentence-BERT of raw node text (384d),False
d425f9e25c02,2026-09-19T11:47:32+00:00,14eedbd784f43524589dcc9c848191495f337851-dirty,reddit,pmp,text,flag_bundled,"partial - fraud/benign partition present, but applied to the aggregated mean rather than per-neighbour before aggregation",adapted,2,0,cpu,torch 2.14.0+cu130,3.12.14,Linux-5.15.0-119-generic-x86_64-with-glibc2.39,benchmark-v1,,False,1,5,False,0.2,validation_swept,0.6073904821935077,0.5507554119061937,0.6119450185026899,0.5299525507852978,0.1430527036276523,0.156203288490284,0.14933904966059308,0.8381483243831147,0.1673938754179411,0.022601615594887103,18.95,9.47,completed,,md_K3_matched,markov_diffusion,markov_diffusion_h2_k10_t0_perhop_K3_matched_cosine,3.0,matched_cosine,results/flag_md/text/md_K3_matched,results/flag_md/text/md_K3_matched/reddit__pmp__text__s2i0__d425f9e25c02.json,Sentence-BERT of raw node text (384d),False
006994b43aa7,2026-09-19T11:48:04+00:00,14eedbd784f43524589dcc9c848191495f337851-dirty,reddit,pmp,text,flag_bundled,"partial - fraud/benign partition present, but applied to the aggregated mean rather than per-neighbour before aggregation",adapted,2,1,cpu,torch 2.14.0+cu130,3.12.14,Linux-5.15.0-119-generic-x86_64-with-glibc2.39,benchmark-v1,,False,4,5,False,0.2,validation_swept,0.6262964501618773,0.5461051391212663,0.6060862711460311,0.5138314258805544,0.13368283093053734,0.07623318385650224,0.09709662065683008,0.871048874991503,0.16297182921168268,0.04818957133920497,18.89,9.4,completed,,md_K3_matched,markov_diffusion,markov_diffusion_h2_k10_t0_perhop_K3_matched_cosine,3.0,matched_cosine,results/flag_md/text/md_K3_matched,results/flag_md/text/md_K3_matched/reddit__pmp__text__s2i1__006994b43aa7.json,Sentence-BERT of raw node text (384d),False
642533b4fab2,2026-09-19T11:48:37+00:00,14eedbd784f43524589dcc9c848191495f337851-dirty,reddit,pmp,text,flag_bundled,"partial - fraud/benign partition present, but applied to the aggregated mean rather than per-neighbour before aggregation",adapted,3,0,cpu,torch 2.14.0+cu130,3.12.14,Linux-5.15.0-119-generic-x86_64-with-glibc2.39,benchmark-v1,,False,5,5,False,0.25,validation_swept,0.6167593043577916,0.5486233956729006,0.5927160699162145,0.5172521549112212,0.12859884836852206,0.10014947683109118,0.11260504201680673,0.8564339609815784,0.14812832048869862,0.0509451169922072,18.83,9.41,completed,,md_K3_matched,markov_diffusion,markov_diffusion_h2_k10_t0_perhop_K3_matched_cosine,3.0,matched_cosine,results/flag_md/text/md_K3_matched,results/flag_md/text/md_K3_matched/reddit__pmp__text__s3i0__642533b4fab2.json,Sentence-BERT of raw node text (384d),False
2d0eabbd348c,2026-09-19T11:49:09+00:00,14eedbd784f43524589dcc9c848191495f337851-dirty,reddit,pmp,text,flag_bundled,"partial - fraud/benign partition present, but applied to the aggregated mean rather than per-neighbour before aggregation",adapted,3,1,cpu,torch 2.14.0+cu130,3.12.14,Linux-5.15.0-119-generic-x86_64-with-glibc2.39,benchmark-v1,,False,2,5,False,0.2,validation_swept,0.633140417729135,0.5397181879062971,0.624718340738992,0.5394260372829108,0.15848806366047746,0.17862481315396114,0.1679550245959241,0.8390320168581333,0.1827236616804916,0.023368730134342406,18.88,9.45,completed,,md_K3_matched,markov_diffusion,markov_diffusion_h2_k10_t0_perhop_K3_matched_cosine,3.0,matched_cosine,results/flag_md/text/md_K3_matched,results/flag_md/text/md_K3_matched/reddit__pmp__text__s3i1__2d0eabbd348c.json,Sentence-BERT of raw node text (384d),False
1abf957bf51b,2026-09-19T11:38:08+00:00,14eedbd784f43524589dcc9c848191495f337851-dirty,instagram,bwgnn,text,flag_bundled,"beta-wavelet basis NOT applied - the polynomial is evaluated over raw adjacency A, not the normalised Laplacian, so it is not a beta wavelet. Theta coefficients themselves are correct.",approximation,0,0,cpu,torch 2.14.0+cu130,3.12.14,Linux-5.15.0-119-generic-x86_64-with-glibc2.39,benchmark-v1,,False,2,5,False,0.15,validation_swept,0.6281163434903047,0.5547094070072907,0.5928112390895703,0.5380035688382239,0.18498659517426275,0.11937716262975778,0.14511041009463724,0.8721296005033029,0.14809688581314878,0.020038727760553987,10.43,4.51,completed,,md_K5_matched,markov_diffusion,markov_diffusion_h2_k10_t0_perhop_K5_matched_cosine,5.0,matched_cosine,results/flag_md/text/md_K5_matched,results/flag_md/text/md_K5_matched/instagram__bwgnn__text__s0i0__1abf957bf51b.json,Sentence-BERT of raw node text (384d),False
f50046db858b,2026-09-19T11:38:27+00:00,14eedbd784f43524589dcc9c848191495f337851-dirty,instagram,bwgnn,text,flag_bundled,"beta-wavelet basis NOT applied - the polynomial is evaluated over raw adjacency A, not the normalised Laplacian, so it is not a beta wavelet. Theta coefficients themselves are correct.",approximation,0,1,cpu,torch 2.14.0+cu130,3.12.14,Linux-5.15.0-119-generic-x86_64-with-glibc2.39,benchmark-v1,,False,3,5,False,0.15,validation_swept,0.5929709141274238,0.5680277610316282,0.5829063947989128,0.5410497469213447,0.1624203821656051,0.17647058823529413,0.1691542288557214,0.8424032714690154,0.13200692041522494,0.022333479977395106,8.32,3.98,completed,,md_K5_matched,markov_diffusion,markov_diffusion_h2_k10_t0_perhop_K5_matched_cosine,5.0,matched_cosine,results/flag_md/text/md_K5_matched,results/flag_md/text/md_K5_matched/instagram__bwgnn__text__s0i1__f50046db858b.json,Sentence-BERT of raw node text (384d),False
c95abf91056c,2026-09-19T11:38:41+00:00,14eedbd784f43524589dcc9c848191495f337851-dirty,instagram,bwgnn,text,flag_bundled,"beta-wavelet basis NOT applied - the polynomial is evaluated over raw adjacency A, not the normalised Laplacian, so it is not a beta wavelet. Theta coefficients themselves are correct.",approximation,1,0,cpu,torch 2.14.0+cu130,3.12.14,Linux-5.15.0-119-generic-x86_64-with-glibc2.39,benchmark-v1,,False,1,5,False,0.15,validation_swept,0.647603108648815,0.5603543743078627,0.5909642485123502,0.5370084980983899,0.16221374045801526,0.14705882352941177,0.1542649727767695,0.853413022963196,0.14532871972318345,0.011436067382562172,8.79,4.49,completed,,md_K5_matched,markov_diffusion,markov_diffusion_h2_k10_t0_perhop_K5_matched_cosine,5.0,matched_cosine,results/flag_md/text/md_K5_matched,results/flag_md/text/md_K5_matched/instagram__bwgnn__text__s1i0__c95abf91056c.json,Sentence-BERT of raw node text (384d),False
6441b6ef9626,2026-09-19T11:38:56+00:00,14eedbd784f43524589dcc9c848191495f337851-dirty,instagram,bwgnn,text,flag_bundled,"beta-wavelet basis NOT applied - the polynomial is evaluated over raw adjacency A, not the normalised Laplacian, so it is not a beta wavelet. Theta coefficients themselves are correct.",approximation,1,1,cpu,torch 2.14.0+cu130,3.12.14,Linux-5.15.0-119-generic-x86_64-with-glibc2.39,benchmark-v1,,False,2,5,False,0.15,validation_swept,0.6122653124038165,0.5592680131786277,0.5888962057446631,0.5390009363827626,0.15425531914893617,0.20069204152249134,0.17443609022556392,0.8273041837055678,0.14411764705882352,0.013724430090097153,8.89,4.48,completed,,md_K5_matched,markov_diffusion,markov_diffusion_h2_k10_t0_perhop_K5_matched_cosine,5.0,matched_cosine,results/flag_md/text/md_K5_matched,results/flag_md/text/md_K5_matched/instagram__bwgnn__text__s1i1__6441b6ef9626.json,Sentence-BERT of raw node text (384d),False
8839c2e2cfe8,2026-09-19T11:39:11+00:00,14eedbd784f43524589dcc9c848191495f337851-dirty,instagram,bwgnn,text,flag_bundled,"beta-wavelet basis NOT applied - the polynomial is evaluated over raw adjacency A, not the normalised Laplacian, so it is not a beta wavelet. Theta coefficients themselves are correct.",approximation,2,0,cpu,torch 2.14.0+cu130,3.12.14,Linux-5.15.0-119-generic-x86_64-with-glibc2.39,benchmark-v1,,False,2,5,False,0.2,validation_swept,0.6093990458602647,0.5529370264091553,0.589345643610589,0.5245758856826046,0.2,0.07439446366782007,0.10844892812105927,0.8888015099087764,0.14896193771626304,0.015619814500784484,8.71,4.5,completed,,md_K5_matched,markov_diffusion,markov_diffusion_h2_k10_t0_perhop_K5_matched_cosine,5.0,matched_cosine,results/flag_md/text/md_K5_matched,results/flag_md/text/md_K5_matched/instagram__bwgnn__text__s2i0__8839c2e2cfe8.json,Sentence-BERT of raw node text (384d),False
798f43112917,2026-09-19T11:39:26+00:00,14eedbd784f43524589dcc9c848191495f337851-dirty,instagram,bwgnn,text,flag_bundled,"beta-wavelet basis NOT applied - the polynomial is evaluated over raw adjacency A, not the normalised Laplacian, so it is not a beta wavelet. Theta coefficients themselves are correct.",approximation,2,1,cpu,torch 2.14.0+cu130,3.12.14,Linux-5.15.0-119-generic-x86_64-with-glibc2.39,benchmark-v1,,False,1,5,False,0.15,validation_swept,0.6355994152046783,0.5461472293903826,0.6062487278648484,0.5459270364817591,0.19607843137254902,0.1384083044982699,0.16227180527383367,0.8700849323686694,0.16366782006920422,0.01584196106622201,9.01,4.53,completed,,md_K5_matched,markov_diffusion,markov_diffusion_h2_k10_t0_perhop_K5_matched_cosine,5.0,matched_cosine,results/flag_md/text/md_K5_matched,results/flag_md/text/md_K5_matched/instagram__bwgnn__text__s2i1__798f43112917.json,Sentence-BERT of raw node text (384d),False
68888ab0313c,2026-09-19T11:39:42+00:00,14eedbd784f43524589dcc9c848191495f337851-dirty,instagram,bwgnn,text,flag_bundled,"beta-wavelet basis NOT applied - the polynomial is evaluated over raw adjacency A, not the normalised Laplacian, so it is not a beta wavelet. Theta coefficients themselves are correct.",approximation,3,0,cpu,torch 2.14.0+cu130,3.12.14,Linux-5.15.0-119-generic-x86_64-with-glibc2.39,benchmark-v1,,False,3,5,False,0.2,validation_swept,0.5939327485380117,0.5486525778848718,0.5723783539469115,0.5376202062333449,0.1663286004056795,0.14186851211072665,0.1531279178338002,0.8573450770682605,0.11574394463667814,0.028258413947080417,9.06,4.49,completed,,md_K5_matched,markov_diffusion,markov_diffusion_h2_k10_t0_perhop_K5_matched_cosine,5.0,matched_cosine,results/flag_md/text/md_K5_matched,results/flag_md/text/md_K5_matched/instagram__bwgnn__text__s3i0__68888ab0313c.json,Sentence-BERT of raw node text (384d),False
354ec0f58358,2026-09-19T11:39:57+00:00,14eedbd784f43524589dcc9c848191495f337851-dirty,instagram,bwgnn,text,flag_bundled,"beta-wavelet basis NOT applied - the polynomial is evaluated over raw adjacency A, not the normalised Laplacian, so it is not a beta wavelet. Theta coefficients themselves are correct.",approximation,3,1,cpu,torch 2.14.0+cu130,3.12.14,Linux-5.15.0-119-generic-x86_64-with-glibc2.39,benchmark-v1,,False,5,5,False,0.1,validation_swept,0.6397930132348415,0.5581204026325978,0.5599968870104525,0.5318901843550352,0.17804154302670624,0.10380622837370242,0.13114754098360656,0.8749606794589494,0.11937716262975784,0.06276283344966307,9.36,4.54,completed,,md_K5_matched,markov_diffusion,markov_diffusion_h2_k10_t0_perhop_K5_matched_cosine,5.0,matched_cosine,results/flag_md/text/md_K5_matched,results/flag_md/text/md_K5_matched/instagram__bwgnn__text__s3i1__354ec0f58358.json,Sentence-BERT of raw node text (384d),False
579e401fad5a,2026-09-19T11:27:33+00:00,14eedbd784f43524589dcc9c848191495f337851-dirty,instagram,care_gnn,text,flag_bundled,"NOT CARE-GNN - no RL neighbour filtering, no label-aware similarity, no multi-relation aggregation. A similarity-gated mean aggregator.",approximation,0,0,cpu,torch 2.14.0+cu130,3.12.14,Linux-5.15.0-119-generic-x86_64-with-glibc2.39,benchmark-v1,,False,1,5,False,0.1,validation_swept,0.6548168667282241,0.5870239448286491,0.6090510171094695,0.5396097053615665,0.15299539170506912,0.28719723183391005,0.19963920625375828,0.7906574394463668,0.19221453287197227,0.01618377581712173,12.78,5.88,completed,,md_K5_matched,markov_diffusion,markov_diffusion_h2_k10_t0_perhop_K5_matched_cosine,5.0,matched_cosine,results/flag_md/text/md_K5_matched,results/flag_md/text/md_K5_matched/instagram__care_gnn__text__s0i0__579e401fad5a.json,Sentence-BERT of raw node text (384d),False
595dd5b17e7b,2026-09-19T11:27:56+00:00,14eedbd784f43524589dcc9c848191495f337851-dirty,instagram,care_gnn,text,flag_bundled,"NOT CARE-GNN - no RL neighbour filtering, no label-aware similarity, no multi-relation aggregation. A similarity-gated mean aggregator.",approximation,0,1,cpu,torch 2.14.0+cu130,3.12.14,Linux-5.15.0-119-generic-x86_64-with-glibc2.39,benchmark-v1,,False,1,5,False,0.1,validation_swept,0.6825754078177901,0.5793590132443636,0.6087317860178878,0.5358241222968116,0.14733542319749215,0.24394463667820068,0.18371335504885994,0.802925448254168,0.1818339100346021,0.014548931808420965,12.34,6.04,completed,,md_K5_matched,markov_diffusion,markov_diffusion_h2_k10_t0_perhop_K5_matched_cosine,5.0,matched_cosine,results/flag_md/text/md_K5_matched,results/flag_md/text/md_K5_matched/instagram__care_gnn__text__s0i1__595dd5b17e7b.json,Sentence-BERT of raw node text (384d),False
8969ffc121e2,2026-09-19T11:28:16+00:00,14eedbd784f43524589dcc9c848191495f337851-dirty,instagram,care_gnn,text,flag_bundled,"NOT CARE-GNN - no RL neighbour filtering, no label-aware similarity, no multi-relation aggregation. A similarity-gated mean aggregator.",approximation,1,0,cpu,torch 2.14.0+cu130,3.12.14,Linux-5.15.0-119-generic-x86_64-with-glibc2.39,benchmark-v1,,False,1,5,False,0.15,validation_swept,0.6482379193598031,0.5904209588420115,0.6123561738963852,0.5371353052301243,0.14925373134328357,0.25951557093425603,0.18951358180669614,0.7982069833280906,0.1974048442906574,0.028664115456012874,12.31,5.86,completed,,md_K5_matched,markov_diffusion,markov_diffusion_h2_k10_t0_perhop_K5_matched_cosine,5.0,matched_cosine,results/flag_md/text/md_K5_matched,results/flag_md/text/md_K5_matched/instagram__care_gnn__text__s1i0__8969ffc121e2.json,Sentence-BERT of raw node text (384d),False
0caaa76e86fe,2026-09-19T11:28:36+00:00,14eedbd784f43524589dcc9c848191495f337851-dirty,instagram,care_gnn,text,flag_bundled,"NOT CARE-GNN - no RL neighbour filtering, no label-aware similarity, no multi-relation aggregation. A similarity-gated mean aggregator.",approximation,1,1,cpu,torch 2.14.0+cu130,3.12.14,Linux-5.15.0-119-generic-x86_64-with-glibc2.39,benchmark-v1,,False,2,5,False,0.15,validation_swept,0.6428901200369344,0.567637629806881,0.6089151231426827,0.5428310501442577,0.15714285714285714,0.2664359861591695,0.19768934531450577,0.8033972947467757,0.18979238754325267,0.019575784998568282,12.42,5.91,completed,,md_K5_matched,markov_diffusion,markov_diffusion_h2_k10_t0_perhop_K5_matched_cosine,5.0,matched_cosine,results/flag_md/text/md_K5_matched,results/flag_md/text/md_K5_matched/instagram__care_gnn__text__s1i1__0caaa76e86fe.json,Sentence-BERT of raw node text (384d),False
0abf44205f8f,2026-09-19T11:28:57+00:00,14eedbd784f43524589dcc9c848191495f337851-dirty,instagram,care_gnn,text,flag_bundled,"NOT CARE-GNN - no RL neighbour filtering, no label-aware similarity, no multi-relation aggregation. A similarity-gated mean aggregator.",approximation,2,0,cpu,torch 2.14.0+cu130,3.12.14,Linux-5.15.0-119-generic-x86_64-with-glibc2.39,benchmark-v1,,False,1,5,False,0.1,validation_swept,0.6591066481994459,0.5802723129455802,0.6096100082613953,0.5408594459712751,0.15581203627370158,0.32698961937716264,0.21105527638190955,0.7777603019817553,0.19913494809688576,0.014231183295750115,12.52,5.78,completed,,md_K5_matched,markov_diffusion,markov_diffusion_h2_k10_t0_perhop_K5_matched_cosine,5.0,matched_cosine,results/flag_md/text/md_K5_matched,results/flag_md/text/md_K5_matched/instagram__care_gnn__text__s2i0__0abf44205f8f.json,Sentence-BERT of raw node text (384d),False
279c02b0b116,2026-09-19T11:29:17+00:00,14eedbd784f43524589dcc9c848191495f337851-dirty,instagram,care_gnn,text,flag_bundled,"NOT CARE-GNN - no RL neighbour filtering, no label-aware similarity, no multi-relation aggregation. A similarity-gated mean aggregator.",approximation,2,1,cpu,torch 2.14.0+cu130,3.12.14,Linux-5.15.0-119-generic-x86_64-with-glibc2.39,benchmark-v1,,False,2,5,False,0.15,validation_swept,0.6407548476454293,0.5790974095583645,0.6085153733791502,0.5411229679287605,0.15481171548117154,0.2560553633217993,0.19295958279009126,0.8052846807172067,0.1899653979238754,0.018037731316586307,12.25,5.82,completed,,md_K5_matched,markov_diffusion,markov_diffusion_h2_k10_t0_perhop_K5_matched_cosine,5.0,matched_cosine,results/flag_md/text/md_K5_matched,results/flag_md/text/md_K5_matched/instagram__care_gnn__text__s2i1__279c02b0b116.json,Sentence-BERT of raw node text (384d),False
af56c80a3ae7,2026-09-19T11:29:38+00:00,14eedbd784f43524589dcc9c848191495f337851-dirty,instagram,care_gnn,text,flag_bundled,"NOT CARE-GNN - no RL neighbour filtering, no label-aware similarity, no multi-relation aggregation. A similarity-gated mean aggregator.",approximation,3,0,cpu,torch 2.14.0+cu130,3.12.14,Linux-5.15.0-119-generic-x86_64-with-glibc2.39,benchmark-v1,,False,3,5,False,0.2,validation_swept,0.6114862265312403,0.574978970711937,0.5984417092707224,0.5496121330360461,0.1779935275080906,0.1903114186851211,0.18394648829431437,0.8464926077382825,0.17491349480968854,0.03148449143466895,11.41,5.67,completed,,md_K5_matched,markov_diffusion,markov_diffusion_h2_k10_t0_perhop_K5_matched_cosine,5.0,matched_cosine,results/flag_md/text/md_K5_matched,results/flag_md/text/md_K5_matched/instagram__care_gnn__text__s3i0__af56c80a3ae7.json,Sentence-BERT of raw node text (384d),False
fb037246cc8e,2026-09-19T11:29:57+00:00,14eedbd784f43524589dcc9c848191495f337851-dirty,instagram,care_gnn,text,flag_bundled,"NOT CARE-GNN - no RL neighbour filtering, no label-aware similarity, no multi-relation aggregation. A similarity-gated mean aggregator.",approximation,3,1,cpu,torch 2.14.0+cu130,3.12.14,Linux-5.15.0-119-generic-x86_64-with-glibc2.39,benchmark-v1,,False,2,5,False,0.1,validation_swept,0.6535280086180363,0.5734851740438333,0.6117539301493038,0.5444152550049823,0.1608643457382953,0.23183391003460208,0.18993621545003544,0.8202264863164517,0.19705882352941173,0.028833722593025513,11.59,5.54,completed,,md_K5_matched,markov_diffusion,markov_diffusion_h2_k10_t0_perhop_K5_matched_cosine,5.0,matched_cosine,results/flag_md/text/md_K5_matched,results/flag_md/text/md_K5_matched/instagram__care_gnn__text__s3i1__fb037246cc8e.json,Sentence-BERT of raw node text (384d),False
f6178f808bec,2026-09-19T11:42:24+00:00,14eedbd784f43524589dcc9c848191495f337851-dirty,instagram,dga_gnn,text,flag_bundled,"NOT DGA-GNN - no decision-tree dynamic grouping, no bidirectional grouped aggregation. GraphSAGE-mean.",approximation,0,0,cpu,torch 2.14.0+cu130,3.12.14,Linux-5.15.0-119-generic-x86_64-with-glibc2.39,benchmark-v1,,False,2,5,False,0.15,validation_swept,0.6342528470298553,0.58011634056055,0.609083643634535,0.5459452963348526,0.18023255813953487,0.16089965397923875,0.170018281535649,0.8571877949040578,0.1707612456747405,0.011126335051857606,8.53,3.59,completed,,md_K5_matched,markov_diffusion,markov_diffusion_h2_k10_t0_perhop_K5_matched_cosine,5.0,matched_cosine,results/flag_md/text/md_K5_matched,results/flag_md/text/md_K5_matched/instagram__dga_gnn__text__s0i0__f6178f808bec.json,Sentence-BERT of raw node text (384d),False
0ad36f2b851d,2026-09-19T11:42:40+00:00,14eedbd784f43524589dcc9c848191495f337851-dirty,instagram,dga_gnn,text,flag_bundled,"NOT DGA-GNN - no decision-tree dynamic grouping, no bidirectional grouped aggregation. GraphSAGE-mean.",approximation,0,1,cpu,torch 2.14.0+cu130,3.12.14,Linux-5.15.0-119-generic-x86_64-with-glibc2.39,benchmark-v1,,False,1,5,False,0.1,validation_swept,0.6431786703601108,0.6045028890217174,0.6163137115216533,0.5485588972431078,0.17086834733893558,0.21107266435986158,0.18885448916408668,0.8351682919156967,0.19775086505190315,0.04171276074526853,7.53,3.61,completed,,md_K5_matched,markov_diffusion,markov_diffusion_h2_k10_t0_perhop_K5_matched_cosine,5.0,matched_cosine,results/flag_md/text/md_K5_matched,results/flag_md/text/md_K5_matched/instagram__dga_gnn__text__s0i1__0ad36f2b851d.json,Sentence-BERT of raw node text (384d),False
9be978f3be3b,2026-09-19T11:42:53+00:00,14eedbd784f43524589dcc9c848191495f337851-dirty,instagram,dga_gnn,text,flag_bundled,"NOT DGA-GNN - no decision-tree dynamic grouping, no bidirectional grouped aggregation. GraphSAGE-mean.",approximation,1,0,cpu,torch 2.14.0+cu130,3.12.14,Linux-5.15.0-119-generic-x86_64-with-glibc2.39,benchmark-v1,,False,2,5,False,0.15,validation_swept,0.6307710064635274,0.5691594317284925,0.6140792435435399,0.5400910800397675,0.15993788819875776,0.1782006920415225,0.1685761047463175,0.8402013211701793,0.1756055363321799,0.009524776390687726,8.04,3.59,completed,,md_K5_matched,markov_diffusion,markov_diffusion_h2_k10_t0_perhop_K5_matched_cosine,5.0,matched_cosine,results/flag_md/text/md_K5_matched,results/flag_md/text/md_K5_matched/instagram__dga_gnn__text__s1i0__9be978f3be3b.json,Sentence-BERT of raw node text (384d),False
b13f4717b3eb,2026-09-19T11:43:06+00:00,14eedbd784f43524589dcc9c848191495f337851-dirty,instagram,dga_gnn,text,flag_bundled,"NOT DGA-GNN - no decision-tree dynamic grouping, no bidirectional grouped aggregation. GraphSAGE-mean.",approximation,1,1,cpu,torch 2.14.0+cu130,3.12.14,Linux-5.15.0-119-generic-x86_64-with-glibc2.39,benchmark-v1,,False,2,5,False,0.2,validation_swept,0.6261734379809172,0.571773855260442,0.611939362555525,0.546540094652572,0.2134502923976608,0.12629757785467127,0.15869565217391304,0.8782636049072036,0.18633217993079582,0.023479502787125083,8.32,3.61,completed,,md_K5_matched,markov_diffusion,markov_diffusion_h2_k10_t0_perhop_K5_matched_cosine,5.0,matched_cosine,results/flag_md/text/md_K5_matched,results/flag_md/text/md_K5_matched/instagram__dga_gnn__text__s1i1__b13f4717b3eb.json,Sentence-BERT of raw node text (384d),False
52e0cfb78536,2026-09-19T11:43:20+00:00,14eedbd784f43524589dcc9c848191495f337851-dirty,instagram,dga_gnn,text,flag_bundled,"NOT DGA-GNN - no decision-tree dynamic grouping, no bidirectional grouped aggregation. GraphSAGE-mean.",approximation,2,0,cpu,torch 2.14.0+cu130,3.12.14,Linux-5.15.0-119-generic-x86_64-with-glibc2.39,benchmark-v1,,False,2,5,False,0.15,validation_swept,0.6377539242843953,0.588031822898651,0.6177399995210786,0.5521321832602152,0.19438877755511022,0.16782006920415224,0.18012999071494892,0.8611198490091224,0.1882352941176471,0.010073012052459546,8.24,3.61,completed,,md_K5_matched,markov_diffusion,markov_diffusion_h2_k10_t0_perhop_K5_matched_cosine,5.0,matched_cosine,results/flag_md/text/md_K5_matched,results/flag_md/text/md_K5_matched/instagram__dga_gnn__text__s2i0__52e0cfb78536.json,Sentence-BERT of raw node text (384d),False
1a8ffd6bb73f,2026-09-19T11:43:34+00:00,14eedbd784f43524589dcc9c848191495f337851-dirty,instagram,dga_gnn,text,flag_bundled,"NOT DGA-GNN - no decision-tree dynamic grouping, no bidirectional grouped aggregation. GraphSAGE-mean.",approximation,2,1,cpu,torch 2.14.0+cu130,3.12.14,Linux-5.15.0-119-generic-x86_64-with-glibc2.39,benchmark-v1,,False,3,5,False,0.1,validation_swept,0.6309248999692213,0.5838419855802763,0.6147904419247854,0.5488435559834515,0.16705607476635514,0.24740484429065743,0.199442119944212,0.8194400754954388,0.1839100346020761,0.035453945704255085,8.07,3.27,completed,,md_K5_matched,markov_diffusion,markov_diffusion_h2_k10_t0_perhop_K5_matched_cosine,5.0,matched_cosine,results/flag_md/text/md_K5_matched,results/flag_md/text/md_K5_matched/instagram__dga_gnn__text__s2i1__1a8ffd6bb73f.json,Sentence-BERT of raw node text (384d),False
7e6ae5dc9dfc,2026-09-19T11:43:47+00:00,14eedbd784f43524589dcc9c848191495f337851-dirty,instagram,dga_gnn,text,flag_bundled,"NOT DGA-GNN - no decision-tree dynamic grouping, no bidirectional grouped aggregation. GraphSAGE-mean.",approximation,3,0,cpu,torch 2.14.0+cu130,3.12.14,Linux-5.15.0-119-generic-x86_64-with-glibc2.39,benchmark-v1,,False,1,5,False,0.15,validation_swept,0.6400238534933825,0.576176887228233,0.6063433148549466,0.547017767082492,0.1783783783783784,0.17128027681660898,0.17475728155339806,0.8529411764705882,0.15847750865051907,0.015345830268180578,8.24,3.54,completed,,md_K5_matched,markov_diffusion,markov_diffusion_h2_k10_t0_perhop_K5_matched_cosine,5.0,matched_cosine,results/flag_md/text/md_K5_matched,results/flag_md/text/md_K5_matched/instagram__dga_gnn__text__s3i0__7e6ae5dc9dfc.json,Sentence-BERT of raw node text (384d),False
3b07dd4997e1,2026-09-19T11:44:00+00:00,14eedbd784f43524589dcc9c848191495f337851-dirty,instagram,dga_gnn,text,flag_bundled,"NOT DGA-GNN - no decision-tree dynamic grouping, no bidirectional grouped aggregation. GraphSAGE-mean.",approximation,3,1,cpu,torch 2.14.0+cu130,3.12.14,Linux-5.15.0-119-generic-x86_64-with-glibc2.39,benchmark-v1,,False,4,5,False,0.1,validation_swept,0.6087642351492768,0.5861324126082623,0.606070628943619,0.5564282922845952,0.17878426698450536,0.25951557093425603,0.2117148906139732,0.8243158225857188,0.16868512110726652,0.03178389315613814,8.33,3.62,completed,,md_K5_matched,markov_diffusion,markov_diffusion_h2_k10_t0_perhop_K5_matched_cosine,5.0,matched_cosine,results/flag_md/text/md_K5_matched,results/flag_md/text/md_K5_matched/instagram__dga_gnn__text__s3i1__3b07dd4997e1.json,Sentence-BERT of raw node text (384d),False
da06b0fd66e2,2026-09-19T11:33:20+00:00,14eedbd784f43524589dcc9c848191495f337851-dirty,instagram,gat,text,flag_bundled,"NOT canonical GAT - conv2 is a SAGEConv, not a GATConv, so the second layer performs no attention",adapted,0,0,cpu,torch 2.14.0+cu130,3.12.14,Linux-5.15.0-119-generic-x86_64-with-glibc2.39,benchmark-v1,,False,2,5,False,0.15,validation_swept,0.6645121575869498,0.5963601240404657,0.6078842446809785,0.5475415134239815,0.1652892561983471,0.2422145328719723,0.19649122807017544,0.8199119219880465,0.17525951557093422,0.016228471829029496,11.99,5.03,completed,,md_K5_matched,markov_diffusion,markov_diffusion_h2_k10_t0_perhop_K5_matched_cosine,5.0,matched_cosine,results/flag_md/text/md_K5_matched,results/flag_md/text/md_K5_matched/instagram__gat__text__s0i0__da06b0fd66e2.json,Sentence-BERT of raw node text (384d),False
8ee10a8647cf,2026-09-19T11:33:41+00:00,14eedbd784f43524589dcc9c848191495f337851-dirty,instagram,gat,text,flag_bundled,"NOT canonical GAT - conv2 is a SAGEConv, not a GATConv, so the second layer performs no attention",adapted,0,1,cpu,torch 2.14.0+cu130,3.12.14,Linux-5.15.0-119-generic-x86_64-with-glibc2.39,benchmark-v1,,False,5,5,False,0.2,validation_swept,0.6123807325330872,0.576025198740063,0.601873630583925,0.5393303348325837,0.18137254901960784,0.12802768166089964,0.15010141987829614,0.8681975463982384,0.15916955017301038,0.0361471495690674,11.66,4.61,completed,,md_K5_matched,markov_diffusion,markov_diffusion_h2_k10_t0_perhop_K5_matched_cosine,5.0,matched_cosine,results/flag_md/text/md_K5_matched,results/flag_md/text/md_K5_matched/instagram__gat__text__s0i1__8ee10a8647cf.json,Sentence-BERT of raw node text (384d),False
6b4367e0cc32,2026-09-19T11:33:59+00:00,14eedbd784f43524589dcc9c848191495f337851-dirty,instagram,gat,text,flag_bundled,"NOT canonical GAT - conv2 is a SAGEConv, not a GATConv, so the second layer performs no attention",adapted,1,0,cpu,torch 2.14.0+cu130,3.12.14,Linux-5.15.0-119-generic-x86_64-with-glibc2.39,benchmark-v1,,False,5,5,False,0.15,validation_swept,0.5991458910433979,0.5737927402365905,0.5852647837070916,0.54545630871494,0.1679160419790105,0.19377162629757785,0.17991967871485945,0.8394149103491664,0.15103806228373706,0.04058196308255452,12.19,5.17,completed,,md_K5_matched,markov_diffusion,markov_diffusion_h2_k10_t0_perhop_K5_matched_cosine,5.0,matched_cosine,results/flag_md/text/md_K5_matched,results/flag_md/text/md_K5_matched/instagram__gat__text__s1i0__6b4367e0cc32.json,Sentence-BERT of raw node text (384d),False
1ba174445ab9,2026-09-19T11:34:19+00:00,14eedbd784f43524589dcc9c848191495f337851-dirty,instagram,gat,text,flag_bundled,"NOT canonical GAT - conv2 is a SAGEConv, not a GATConv, so the second layer performs no attention",adapted,1,1,cpu,torch 2.14.0+cu130,3.12.14,Linux-5.15.0-119-generic-x86_64-with-glibc2.39,benchmark-v1,,False,2,5,False,0.1,validation_swept,0.6157663896583565,0.5800390939404392,0.61543938051508,0.5364824629240541,0.15300942712110224,0.36505190311418684,0.21563617782319877,0.7585718779490406,0.18114186851211073,0.02184420866398399,11.74,5.14,completed,,md_K5_matched,markov_diffusion,markov_diffusion_h2_k10_t0_perhop_K5_matched_cosine,5.0,matched_cosine,results/flag_md/text/md_K5_matched,results/flag_md/text/md_K5_matched/instagram__gat__text__s1i1__1ba174445ab9.json,Sentence-BERT of raw node text (384d),False
3c13f102590e,2026-09-19T11:34:37+00:00,14eedbd784f43524589dcc9c848191495f337851-dirty,instagram,gat,text,flag_bundled,"NOT canonical GAT - conv2 is a SAGEConv, not a GATConv, so the second layer performs no attention",adapted,2,0,cpu,torch 2.14.0+cu130,3.12.14,Linux-5.15.0-119-generic-x86_64-with-glibc2.39,benchmark-v1,,False,1,5,False,0.2,validation_swept,0.653470298553401,0.5801797718860942,0.6102691239329031,0.5508849945092245,0.19381443298969073,0.16262975778546712,0.17685794920037629,0.862378106322743,0.1830449826989619,0.02549329922030928,11.8,5.14,completed,,md_K5_matched,markov_diffusion,markov_diffusion_h2_k10_t0_perhop_K5_matched_cosine,5.0,matched_cosine,results/flag_md/text/md_K5_matched,results/flag_md/text/md_K5_matched/instagram__gat__text__s2i0__3c13f102590e.json,Sentence-BERT of raw node text (384d),False
8916cba82957,2026-09-19T11:34:56+00:00,14eedbd784f43524589dcc9c848191495f337851-dirty,instagram,gat,text,flag_bundled,"NOT canonical GAT - conv2 is a SAGEConv, not a GATConv, so the second layer performs no attention",adapted,2,1,cpu,torch 2.14.0+cu130,3.12.14,Linux-5.15.0-119-generic-x86_64-with-glibc2.39,benchmark-v1,,False,1,5,False,0.2,validation_swept,0.6569329024315174,0.5795233892321271,0.6079086397432982,0.5441966326094327,0.20760233918128654,0.12283737024221453,0.15434782608695652,0.8776344762503933,0.1787197231833909,0.021353811698550586,11.97,5.14,completed,,md_K5_matched,markov_diffusion,markov_diffusion_h2_k10_t0_perhop_K5_matched_cosine,5.0,matched_cosine,results/flag_md/text/md_K5_matched,results/flag_md/text/md_K5_matched/instagram__gat__text__s2i1__8916cba82957.json,Sentence-BERT of raw node text (384d),False
24ee5c453aee,2026-09-19T11:35:15+00:00,14eedbd784f43524589dcc9c848191495f337851-dirty,instagram,gat,text,flag_bundled,"NOT canonical GAT - conv2 is a SAGEConv, not a GATConv, so the second layer performs no attention",adapted,3,0,cpu,torch 2.14.0+cu130,3.12.14,Linux-5.15.0-119-generic-x86_64-with-glibc2.39,benchmark-v1,,False,3,5,False,0.2,validation_swept,0.6185749461372729,0.5853235372222714,0.6037885681445384,0.5399066350523141,0.15471698113207547,0.21280276816608998,0.17916970138383104,0.822743000943693,0.16851211072664363,0.03881890862036442,11.94,5.19,completed,,md_K5_matched,markov_diffusion,markov_diffusion_h2_k10_t0_perhop_K5_matched_cosine,5.0,matched_cosine,results/flag_md/text/md_K5_matched,results/flag_md/text/md_K5_matched/instagram__gat__text__s3i0__24ee5c453aee.json,Sentence-BERT of raw node text (384d),False
406e43ffd24e,2026-09-19T11:35:34+00:00,14eedbd784f43524589dcc9c848191495f337851-dirty,instagram,gat,text,flag_bundled,"NOT canonical GAT - conv2 is a SAGEConv, not a GATConv, so the second layer performs no attention",adapted,3,1,cpu,torch 2.14.0+cu130,3.12.14,Linux-5.15.0-119-generic-x86_64-with-glibc2.39,benchmark-v1,,False,5,5,False,0.1,validation_swept,0.6231340412434595,0.5739267676767676,0.5999015217729673,0.5432959998855467,0.15812431842966193,0.2508650519031142,0.1939799331103679,0.8104749921358918,0.1534602076124567,0.040817875018463505,11.82,5.23,completed,,md_K5_matched,markov_diffusion,markov_diffusion_h2_k10_t0_perhop_K5_matched_cosine,5.0,matched_cosine,results/flag_md/text/md_K5_matched,results/flag_md/text/md_K5_matched/instagram__gat__text__s3i1__406e43ffd24e.json,Sentence-BERT of raw node text (384d),False
9fdb903c54a1,2026-09-19T11:50:44+00:00,14eedbd784f43524589dcc9c848191495f337851-dirty,instagram,gcn,text,flag_bundled,faithful - two GCNConv layers plus the Eq. 6 skip,faithful,0,0,cpu,torch 2.14.0+cu130,3.12.14,Linux-5.15.0-119-generic-x86_64-with-glibc2.39,benchmark-v1,,False,2,5,False,0.15,validation_swept,0.6371960603262542,0.5851462010525716,0.6064165000419056,0.551017111740657,0.17391304347826086,0.22145328719723184,0.1948249619482496,0.833595470273671,0.15934256055363327,0.020250402460608347,8.48,4.03,completed,,md_K5_matched,markov_diffusion,markov_diffusion_h2_k10_t0_perhop_K5_matched_cosine,5.0,matched_cosine,results/flag_md/text/md_K5_matched,results/flag_md/text/md_K5_matched/instagram__gcn__text__s0i0__9fdb903c54a1.json,Sentence-BERT of raw node text (384d),False
9cb18f2d2030,2026-09-19T11:51:00+00:00,14eedbd784f43524589dcc9c848191495f337851-dirty,instagram,gcn,text,flag_bundled,faithful - two GCNConv layers plus the Eq. 6 skip,faithful,0,1,cpu,torch 2.14.0+cu130,3.12.14,Linux-5.15.0-119-generic-x86_64-with-glibc2.39,benchmark-v1,,False,2,5,False,0.15,validation_swept,0.6312326869806094,0.5775953792369661,0.6069057482549299,0.5476760936090836,0.17801047120418848,0.17647058823529413,0.17723718505647262,0.8510537905001573,0.16453287197231836,0.024875520306884582,8.08,3.99,completed,,md_K5_matched,markov_diffusion,markov_diffusion_h2_k10_t0_perhop_K5_matched_cosine,5.0,matched_cosine,results/flag_md/text/md_K5_matched,results/flag_md/text/md_K5_matched/instagram__gcn__text__s0i1__9cb18f2d2030.json,Sentence-BERT of raw node text (384d),False
9870d67b2c45,2026-09-19T11:51:14+00:00,14eedbd784f43524589dcc9c848191495f337851-dirty,instagram,gcn,text,flag_bundled,faithful - two GCNConv layers plus the Eq. 6 skip,faithful,1,0,cpu,torch 2.14.0+cu130,3.12.14,Linux-5.15.0-119-generic-x86_64-with-glibc2.39,benchmark-v1,,False,1,5,False,0.2,validation_swept,0.6546052631578947,0.5725852548627876,0.6056363070365536,0.5396593673965937,0.17038539553752535,0.1453287197231834,0.1568627450980392,0.8579742057250708,0.1605536332179931,0.021984291780293548,7.95,3.96,completed,,md_K5_matched,markov_diffusion,markov_diffusion_h2_k10_t0_perhop_K5_matched_cosine,5.0,matched_cosine,results/flag_md/text/md_K5_matched,results/flag_md/text/md_K5_matched/instagram__gcn__text__s1i0__9870d67b2c45.json,Sentence-BERT of raw node text (384d),False
59e20535b09a,2026-09-19T11:51:27+00:00,14eedbd784f43524589dcc9c848191495f337851-dirty,instagram,gcn,text,flag_bundled,faithful - two GCNConv layers plus the Eq. 6 skip,faithful,1,1,cpu,torch 2.14.0+cu130,3.12.14,Linux-5.15.0-119-generic-x86_64-with-glibc2.39,benchmark-v1,,False,2,5,False,0.2,validation_swept,0.633810403200985,0.5814983133433284,0.6002650531004179,0.5387061984038276,0.1619718309859155,0.15916955017301038,0.16055846422338568,0.8486945580371186,0.1588235294117647,0.025127171076770923,7.9,3.92,completed,,md_K5_matched,markov_diffusion,markov_diffusion_h2_k10_t0_perhop_K5_matched_cosine,5.0,matched_cosine,results/flag_md/text/md_K5_matched,results/flag_md/text/md_K5_matched/instagram__gcn__text__s1i1__59e20535b09a.json,Sentence-BERT of raw node text (384d),False
e2b1c191b00b,2026-09-19T11:51:41+00:00,14eedbd784f43524589dcc9c848191495f337851-dirty,instagram,gcn,text,flag_bundled,faithful - two GCNConv layers plus the Eq. 6 skip,faithful,2,0,cpu,torch 2.14.0+cu130,3.12.14,Linux-5.15.0-119-generic-x86_64-with-glibc2.39,benchmark-v1,,False,1,5,False,0.15,validation_swept,0.6701100338565713,0.5939589456830836,0.6154503059110882,0.5471384130262136,0.17434210526315788,0.18339100346020762,0.178752107925801,0.8468071720666877,0.17422145328719718,0.016113615859054985,8.08,3.97,completed,,md_K5_matched,markov_diffusion,markov_diffusion_h2_k10_t0_perhop_K5_matched_cosine,5.0,matched_cosine,results/flag_md/text/md_K5_matched,results/flag_md/text/md_K5_matched/instagram__gcn__text__s2i0__e2b1c191b00b.json,Sentence-BERT of raw node text (384d),False
80a5b0be3283,2026-09-19T11:51:55+00:00,14eedbd784f43524589dcc9c848191495f337851-dirty,instagram,gcn,text,flag_bundled,faithful - two GCNConv layers plus the Eq. 6 skip,faithful,2,1,cpu,torch 2.14.0+cu130,3.12.14,Linux-5.15.0-119-generic-x86_64-with-glibc2.39,benchmark-v1,,False,2,5,False,0.2,validation_swept,0.6361572791628194,0.5813979300202559,0.6062737215790039,0.5490390505784437,0.1794871794871795,0.18166089965397925,0.18056749785038692,0.8501100975149418,0.155363321799308,0.025435819223343842,8.13,3.98,completed,,md_K5_matched,markov_diffusion,markov_diffusion_h2_k10_t0_perhop_K5_matched_cosine,5.0,matched_cosine,results/flag_md/text/md_K5_matched,results/flag_md/text/md_K5_matched/instagram__gcn__text__s2i1__80a5b0be3283.json,Sentence-BERT of raw node text (384d),False
8387ddb487f1,2026-09-19T11:52:09+00:00,14eedbd784f43524589dcc9c848191495f337851-dirty,instagram,gcn,text,flag_bundled,faithful - two GCNConv layers plus the Eq. 6 skip,faithful,3,0,cpu,torch 2.14.0+cu130,3.12.14,Linux-5.15.0-119-generic-x86_64-with-glibc2.39,benchmark-v1,,False,3,5,False,0.15,validation_swept,0.6436211141889813,0.5817571978479616,0.5975283162318459,0.543443170863086,0.15860517435320584,0.24394463667820068,0.19222903885480572,0.8136206354199433,0.1536332179930796,0.028058371997780253,8.04,3.99,completed,,md_K5_matched,markov_diffusion,markov_diffusion_h2_k10_t0_perhop_K5_matched_cosine,5.0,matched_cosine,results/flag_md/text/md_K5_matched,results/flag_md/text/md_K5_matched/instagram__gcn__text__s3i0__8387ddb487f1.json,Sentence-BERT of raw node text (384d),False
c36fa3a86cae,2026-09-19T11:52:22+00:00,14eedbd784f43524589dcc9c848191495f337851-dirty,instagram,gcn,text,flag_bundled,faithful - two GCNConv layers plus the Eq. 6 skip,faithful,3,1,cpu,torch 2.14.0+cu130,3.12.14,Linux-5.15.0-119-generic-x86_64-with-glibc2.39,benchmark-v1,,False,1,5,False,0.15,validation_swept,0.6546052631578947,0.5704483677724118,0.6118232240993284,0.5243160165770726,0.1650485436893204,0.08823529411764706,0.11499436302142052,0.8765335011009752,0.1823529411764706,0.027494347310054033,7.98,4.05,completed,,md_K5_matched,markov_diffusion,markov_diffusion_h2_k10_t0_perhop_K5_matched_cosine,5.0,matched_cosine,results/flag_md/text/md_K5_matched,results/flag_md/text/md_K5_matched/instagram__gcn__text__s3i1__c36fa3a86cae.json,Sentence-BERT of raw node text (384d),False
8e601b73987e,2026-09-19T11:15:01+00:00,14eedbd784f43524589dcc9c848191495f337851-dirty,instagram,geniepath,text,flag_bundled,closest to faithful - Breadth(GAT)+Depth(LSTM) preserved; matches PyG's example globals exactly. No official author repo exists.,adapted,0,0,cpu,torch 2.14.0+cu130,3.12.14,Linux-5.15.0-119-generic-x86_64-with-glibc2.39,benchmark-v1,,False,1,5,False,0.1,validation_swept,0.6251154201292706,0.5640858980103113,0.5888170340393434,0.5269851674043866,0.17567567567567569,0.08996539792387544,0.11899313501144165,0.8788927335640139,0.13737024221453287,0.02848661899069786,114.42,40.78,completed,,md_K5_matched,markov_diffusion,markov_diffusion_h2_k10_t0_perhop_K5_matched_cosine,5.0,matched_cosine,results/flag_md/text/md_K5_matched,results/flag_md/text/md_K5_matched/instagram__geniepath__text__s0i0__8e601b73987e.json,Sentence-BERT of raw node text (384d),False
b475be296ddf,2026-09-19T11:17:45+00:00,14eedbd784f43524589dcc9c848191495f337851-dirty,instagram,geniepath,text,flag_bundled,closest to faithful - Breadth(GAT)+Depth(LSTM) preserved; matches PyG's example globals exactly. No official author repo exists.,adapted,0,1,cpu,torch 2.14.0+cu130,3.12.14,Linux-5.15.0-119-generic-x86_64-with-glibc2.39,benchmark-v1,,False,1,5,False,0.1,validation_swept,0.6126404278239459,0.5389082462253194,0.5893035883191055,0.5308855260482184,0.18095238095238095,0.0986159169550173,0.1276595744680851,0.8774771940861906,0.13408304498269896,0.028751924875086557,116.54,41.22,completed,,md_K5_matched,markov_diffusion,markov_diffusion_h2_k10_t0_perhop_K5_matched_cosine,5.0,matched_cosine,results/flag_md/text/md_K5_matched,results/flag_md/text/md_K5_matched/instagram__geniepath__text__s0i1__b475be296ddf.json,Sentence-BERT of raw node text (384d),False
9abb2afe173a,2026-09-19T11:20:29+00:00,14eedbd784f43524589dcc9c848191495f337851-dirty,instagram,geniepath,text,flag_bundled,closest to faithful - Breadth(GAT)+Depth(LSTM) preserved; matches PyG's example globals exactly. No official author repo exists.,adapted,1,0,cpu,torch 2.14.0+cu130,3.12.14,Linux-5.15.0-119-generic-x86_64-with-glibc2.39,benchmark-v1,,False,1,5,False,0.05,validation_swept,0.6007617728531855,0.5486023664929255,0.5804044791130375,0.5299260995534025,0.1540130151843818,0.12283737024221453,0.136669874879692,0.8589178987102862,0.12474048442906571,0.056927512535053765,114.95,41.97,completed,,md_K5_matched,markov_diffusion,markov_diffusion_h2_k10_t0_perhop_K5_matched_cosine,5.0,matched_cosine,results/flag_md/text/md_K5_matched,results/flag_md/text/md_K5_matched/instagram__geniepath__text__s1i0__9abb2afe173a.json,Sentence-BERT of raw node text (384d),False
46f7a45d2385,2026-09-19T11:23:13+00:00,14eedbd784f43524589dcc9c848191495f337851-dirty,instagram,geniepath,text,flag_bundled,closest to faithful - Breadth(GAT)+Depth(LSTM) preserved; matches PyG's example globals exactly. No official author repo exists.,adapted,1,1,cpu,torch 2.14.0+cu130,3.12.14,Linux-5.15.0-119-generic-x86_64-with-glibc2.39,benchmark-v1,,False,1,5,False,0.05,validation_swept,0.5898930440135426,0.5463092826346683,0.5810683839992337,0.5329736575481256,0.14498644986449866,0.185121107266436,0.16261398176291794,0.8266750550487575,0.12577854671280286,0.054425788021166835,115.63,42.82,completed,,md_K5_matched,markov_diffusion,markov_diffusion_h2_k10_t0_perhop_K5_matched_cosine,5.0,matched_cosine,results/flag_md/text/md_K5_matched,results/flag_md/text/md_K5_matched/instagram__geniepath__text__s1i1__46f7a45d2385.json,Sentence-BERT of raw node text (384d),False
8619b674ba8a,2026-09-19T11:25:58+00:00,14eedbd784f43524589dcc9c848191495f337851-dirty,instagram,geniepath,text,flag_bundled,closest to faithful - Breadth(GAT)+Depth(LSTM) preserved; matches PyG's example globals exactly. No official author repo exists.,adapted,2,0,cpu,torch 2.14.0+cu130,3.12.14,Linux-5.15.0-119-generic-x86_64-with-glibc2.39,benchmark-v1,,False,2,5,False,0.2,validation_swept,0.595644813788858,0.541281512605042,0.5775997952610721,0.5329736575481256,0.14498644986449866,0.185121107266436,0.16261398176291794,0.8266750550487575,0.12543252595155707,0.046325089056636556,116.39,42.37,completed,,md_K5_matched,markov_diffusion,markov_diffusion_h2_k10_t0_perhop_K5_matched_cosine,5.0,matched_cosine,results/flag_md/text/md_K5_matched,results/flag_md/text/md_K5_matched/instagram__geniepath__text__s2i0__8619b674ba8a.json,Sentence-BERT of raw node text (384d),False
76368a38507d,2026-09-19T11:28:43+00:00,14eedbd784f43524589dcc9c848191495f337851-dirty,instagram,geniepath,text,flag_bundled,closest to faithful - Breadth(GAT)+Depth(LSTM) preserved; matches PyG's example globals exactly. No official author repo exists.,adapted,2,1,cpu,torch 2.14.0+cu130,3.12.14,Linux-5.15.0-119-generic-x86_64-with-glibc2.39,benchmark-v1,,False,3,5,False,0.1,validation_swept,0.566231917513081,0.5343498659517426,0.5589235042683875,0.5139935834086784,0.1774193548387097,0.05709342560553633,0.08638743455497382,0.8902170493865995,0.09290657439446365,0.04858117282581609,116.64,41.26,completed,,md_K5_matched,markov_diffusion,markov_diffusion_h2_k10_t0_perhop_K5_matched_cosine,5.0,matched_cosine,results/flag_md/text/md_K5_matched,results/flag_md/text/md_K5_matched/instagram__geniepath__text__s2i1__76368a38507d.json,Sentence-BERT of raw node text (384d),False
29ae6c147045,2026-09-19T11:31:28+00:00,14eedbd784f43524589dcc9c848191495f337851-dirty,instagram,geniepath,text,flag_bundled,closest to faithful - Breadth(GAT)+Depth(LSTM) preserved; matches PyG's example globals exactly. No official author repo exists.,adapted,3,0,cpu,torch 2.14.0+cu130,3.12.14,Linux-5.15.0-119-generic-x86_64-with-glibc2.39,benchmark-v1,,False,1,5,False,0.15,validation_swept,0.6020121575869497,0.5486023664929255,0.5723309107889034,0.5291805662870372,0.15714285714285714,0.11418685121107267,0.13226452905811623,0.8637936458005662,0.12474048442906577,0.014727789361836097,118.54,41.02,completed,,md_K5_matched,markov_diffusion,markov_diffusion_h2_k10_t0_perhop_K5_matched_cosine,5.0,matched_cosine,results/flag_md/text/md_K5_matched,results/flag_md/text/md_K5_matched/instagram__geniepath__text__s3i0__29ae6c147045.json,Sentence-BERT of raw node text (384d),False
6d343583c56c,2026-09-19T11:34:14+00:00,14eedbd784f43524589dcc9c848191495f337851-dirty,instagram,geniepath,text,flag_bundled,closest to faithful - Breadth(GAT)+Depth(LSTM) preserved; matches PyG's example globals exactly. No official author repo exists.,adapted,3,1,cpu,torch 2.14.0+cu130,3.12.14,Linux-5.15.0-119-generic-x86_64-with-glibc2.39,benchmark-v1,,False,2,5,False,0.05,validation_swept,0.5779278239458295,0.5314515335871749,0.5581633660995439,0.5176714760105348,0.12335216572504708,0.22664359861591696,0.1597560975609756,0.7832651777288455,0.09671280276816607,0.056480894260724876,117.87,44.48,completed,,md_K5_matched,markov_diffusion,markov_diffusion_h2_k10_t0_perhop_K5_matched_cosine,5.0,matched_cosine,results/flag_md/text/md_K5_matched,results/flag_md/text/md_K5_matched/instagram__geniepath__text__s3i1__6d343583c56c.json,Sentence-BERT of raw node text (384d),False
229e20ffe658,2026-09-19T11:46:28+00:00,14eedbd784f43524589dcc9c848191495f337851-dirty,instagram,pmp,text,flag_bundled,"partial - fraud/benign partition present, but applied to the aggregated mean rather than per-neighbour before aggregation",adapted,0,0,cpu,torch 2.14.0+cu130,3.12.14,Linux-5.15.0-119-generic-x86_64-with-glibc2.39,benchmark-v1,,False,5,5,False,0.2,validation_swept,0.5905086180363188,0.5793903048475763,0.5713630404329451,0.5489937282688511,0.17656500802568217,0.1903114186851211,0.18318068276436303,0.8457061969172696,0.13719723183391008,0.03730843250219191,10.17,5.05,completed,,md_K5_matched,markov_diffusion,markov_diffusion_h2_k10_t0_perhop_K5_matched_cosine,5.0,matched_cosine,results/flag_md/text/md_K5_matched,results/flag_md/text/md_K5_matched/instagram__pmp__text__s0i0__229e20ffe658.json,Sentence-BERT of raw node text (384d),False
b5f9c14da7d9,2026-09-19T11:46:48+00:00,14eedbd784f43524589dcc9c848191495f337851-dirty,instagram,pmp,text,flag_bundled,"partial - fraud/benign partition present, but applied to the aggregated mean rather than per-neighbour before aggregation",adapted,0,1,cpu,torch 2.14.0+cu130,3.12.14,Linux-5.15.0-119-generic-x86_64-with-glibc2.39,benchmark-v1,,False,4,5,False,0.15,validation_swept,0.593509541397353,0.5703015227569497,0.5853152201242802,0.54718202824768,0.17677642980935876,0.17647058823529413,0.17662337662337663,0.850424661843347,0.15657439446366783,0.021581097180433925,9.53,4.85,completed,,md_K5_matched,markov_diffusion,markov_diffusion_h2_k10_t0_perhop_K5_matched_cosine,5.0,matched_cosine,results/flag_md/text/md_K5_matched,results/flag_md/text/md_K5_matched/instagram__pmp__text__s0i1__b5f9c14da7d9.json,Sentence-BERT of raw node text (384d),False
d685a4ccbd83,2026-09-19T11:47:04+00:00,14eedbd784f43524589dcc9c848191495f337851-dirty,instagram,pmp,text,flag_bundled,"partial - fraud/benign partition present, but applied to the aggregated mean rather than per-neighbour before aggregation",adapted,1,0,cpu,torch 2.14.0+cu130,3.12.14,Linux-5.15.0-119-generic-x86_64-with-glibc2.39,benchmark-v1,,False,1,5,False,0.15,validation_swept,0.6601069559864574,0.5804678990066494,0.6071803797847248,0.5372856124228511,0.1497695852534562,0.22491349480968859,0.1798063623789765,0.8134633532557408,0.1839100346020761,0.020761541260529984,9.56,4.75,completed,,md_K5_matched,markov_diffusion,markov_diffusion_h2_k10_t0_perhop_K5_matched_cosine,5.0,matched_cosine,results/flag_md/text/md_K5_matched,results/flag_md/text/md_K5_matched/instagram__pmp__text__s1i0__d685a4ccbd83.json,Sentence-BERT of raw node text (384d),False
6a8eb9cac95f,2026-09-19T11:47:20+00:00,14eedbd784f43524589dcc9c848191495f337851-dirty,instagram,pmp,text,flag_bundled,"partial - fraud/benign partition present, but applied to the aggregated mean rather than per-neighbour before aggregation",adapted,1,1,cpu,torch 2.14.0+cu130,3.12.14,Linux-5.15.0-119-generic-x86_64-with-glibc2.39,benchmark-v1,,False,1,5,False,0.15,validation_swept,0.6525469375192366,0.5625512897073838,0.6131495372421307,0.5464589982149619,0.16208251473477406,0.28546712802768165,0.20676691729323307,0.8008807801195345,0.18460207612456747,0.03116660506311327,9.35,4.8,completed,,md_K5_matched,markov_diffusion,markov_diffusion_h2_k10_t0_perhop_K5_matched_cosine,5.0,matched_cosine,results/flag_md/text/md_K5_matched,results/flag_md/text/md_K5_matched/instagram__pmp__text__s1i1__6a8eb9cac95f.json,Sentence-BERT of raw node text (384d),False
8a94f1fd04f7,2026-09-19T11:47:36+00:00,14eedbd784f43524589dcc9c848191495f337851-dirty,instagram,pmp,text,flag_bundled,"partial - fraud/benign partition present, but applied to the aggregated mean rather than per-neighbour before aggregation",adapted,2,0,cpu,torch 2.14.0+cu130,3.12.14,Linux-5.15.0-119-generic-x86_64-with-glibc2.39,benchmark-v1,,False,4,5,False,0.15,validation_swept,0.5578447214527547,0.5614818865345181,0.5754718873097784,0.5480971537537586,0.19333333333333333,0.15051903114186851,0.16926070038910507,0.8656810317709972,0.14307958477508653,0.033927373277455146,9.45,4.81,completed,,md_K5_matched,markov_diffusion,markov_diffusion_h2_k10_t0_perhop_K5_matched_cosine,5.0,matched_cosine,results/flag_md/text/md_K5_matched,results/flag_md/text/md_K5_matched/instagram__pmp__text__s2i0__8a94f1fd04f7.json,Sentence-BERT of raw node text (384d),False
70da5bce1f8f,2026-09-19T11:47:52+00:00,14eedbd784f43524589dcc9c848191495f337851-dirty,instagram,pmp,text,flag_bundled,"partial - fraud/benign partition present, but applied to the aggregated mean rather than per-neighbour before aggregation",adapted,2,1,cpu,torch 2.14.0+cu130,3.12.14,Linux-5.15.0-119-generic-x86_64-with-glibc2.39,benchmark-v1,,False,1,5,False,0.15,validation_swept,0.6315597106802093,0.5612003702051442,0.6112983561020582,0.5350849625206533,0.2,0.10034602076124567,0.1336405529953917,0.8817238125196603,0.185121107266436,0.0152003664526879,9.53,4.81,completed,,md_K5_matched,markov_diffusion,markov_diffusion_h2_k10_t0_perhop_K5_matched_cosine,5.0,matched_cosine,results/flag_md/text/md_K5_matched,results/flag_md/text/md_K5_matched/instagram__pmp__text__s2i1__70da5bce1f8f.json,Sentence-BERT of raw node text (384d),False
323ec3b4ac1c,2026-09-19T11:48:09+00:00,14eedbd784f43524589dcc9c848191495f337851-dirty,instagram,pmp,text,flag_bundled,"partial - fraud/benign partition present, but applied to the aggregated mean rather than per-neighbour before aggregation",adapted,3,0,cpu,torch 2.14.0+cu130,3.12.14,Linux-5.15.0-119-generic-x86_64-with-glibc2.39,benchmark-v1,,False,2,5,False,0.1,validation_swept,0.5943367189904587,0.5853315168029064,0.586792842518648,0.5378083159909663,0.16877637130801687,0.1384083044982699,0.1520912547528517,0.8597043095312992,0.14826989619377162,0.04295937758605292,9.52,4.74,completed,,md_K5_matched,markov_diffusion,markov_diffusion_h2_k10_t0_perhop_K5_matched_cosine,5.0,matched_cosine,results/flag_md/text/md_K5_matched,results/flag_md/text/md_K5_matched/instagram__pmp__text__s3i0__323ec3b4ac1c.json,Sentence-BERT of raw node text (384d),False
ed9b1f3c61f5,2026-09-19T11:48:25+00:00,14eedbd784f43524589dcc9c848191495f337851-dirty,instagram,pmp,text,flag_bundled,"partial - fraud/benign partition present, but applied to the aggregated mean rather than per-neighbour before aggregation",adapted,3,1,cpu,torch 2.14.0+cu130,3.12.14,Linux-5.15.0-119-generic-x86_64-with-glibc2.39,benchmark-v1,,False,1,5,False,0.15,validation_swept,0.656798245614035,0.5725852548627876,0.6035941559607764,0.53872931940657,0.16390423572744015,0.15397923875432526,0.15878679750223015,0.8516829191569676,0.19515570934256055,0.01277915528527487,9.75,4.86,completed,,md_K5_matched,markov_diffusion,markov_diffusion_h2_k10_t0_perhop_K5_matched_cosine,5.0,matched_cosine,results/flag_md/text/md_K5_matched,results/flag_md/text/md_K5_matched/instagram__pmp__text__s3i1__ed9b1f3c61f5.json,Sentence-BERT of raw node text (384d),False
1a1a0d8baebf,2026-09-19T11:37:28+00:00,14eedbd784f43524589dcc9c848191495f337851-dirty,reddit,bwgnn,text,flag_bundled,"beta-wavelet basis NOT applied - the polynomial is evaluated over raw adjacency A, not the normalised Laplacian, so it is not a beta wavelet. Theta coefficients themselves are correct.",approximation,0,0,cpu,torch 2.14.0+cu130,3.12.14,Linux-5.15.0-119-generic-x86_64-with-glibc2.39,benchmark-v1,,False,4,5,False,0.2,validation_swept,0.6282339626966162,0.5633647522588451,0.6151618218311734,0.5337871551693081,0.14795918367346939,0.17339312406576982,0.1596696490020647,0.83400176738495,0.17522629146897845,0.03922919337366692,19.37,9.25,completed,,md_K5_matched,markov_diffusion,markov_diffusion_h2_k10_t0_perhop_K5_matched_cosine,5.0,matched_cosine,results/flag_md/text/md_K5_matched,results/flag_md/text/md_K5_matched/reddit__bwgnn__text__s0i0__1a1a0d8baebf.json,Sentence-BERT of raw node text (384d),False
561d901a6006,2026-09-19T11:38:02+00:00,14eedbd784f43524589dcc9c848191495f337851-dirty,reddit,bwgnn,text,flag_bundled,"beta-wavelet basis NOT applied - the polynomial is evaluated over raw adjacency A, not the normalised Laplacian, so it is not a beta wavelet. Theta coefficients themselves are correct.",approximation,0,1,cpu,torch 2.14.0+cu130,3.12.14,Linux-5.15.0-119-generic-x86_64-with-glibc2.39,benchmark-v1,,False,2,5,False,0.15,validation_swept,0.6423158467753487,0.5730138695502793,0.6395184248385718,0.5567460393977693,0.1772327626099028,0.2862481315396114,0.21891969134038297,0.8142206512133777,0.20263482954354295,0.025847615693835473,19.0,9.3,completed,,md_K5_matched,markov_diffusion,markov_diffusion_h2_k10_t0_perhop_K5_matched_cosine,5.0,matched_cosine,results/flag_md/text/md_K5_matched,results/flag_md/text/md_K5_matched/reddit__bwgnn__text__s0i1__561d901a6006.json,Sentence-BERT of raw node text (384d),False
42404710e488,2026-09-19T11:38:35+00:00,14eedbd784f43524589dcc9c848191495f337851-dirty,reddit,bwgnn,text,flag_bundled,"beta-wavelet basis NOT applied - the polynomial is evaluated over raw adjacency A, not the normalised Laplacian, so it is not a beta wavelet. Theta coefficients themselves are correct.",approximation,1,0,cpu,torch 2.14.0+cu130,3.12.14,Linux-5.15.0-119-generic-x86_64-with-glibc2.39,benchmark-v1,,False,2,5,False,0.35,validation_swept,0.6862339913474486,0.5959284887208605,0.6685550509655299,0.5774980906942985,0.2308259587020649,0.23393124065769805,0.2323682256867112,0.8594249201277955,0.2438736910158646,0.06374340283293356,19.4,9.3,completed,,md_K5_matched,markov_diffusion,markov_diffusion_h2_k10_t0_perhop_K5_matched_cosine,5.0,matched_cosine,results/flag_md/text/md_K5_matched,results/flag_md/text/md_K5_matched/reddit__bwgnn__text__s1i0__42404710e488.json,Sentence-BERT of raw node text (384d),False
fac5c2fa60ba,2026-09-19T11:39:07+00:00,14eedbd784f43524589dcc9c848191495f337851-dirty,reddit,bwgnn,text,flag_bundled,"beta-wavelet basis NOT applied - the polynomial is evaluated over raw adjacency A, not the normalised Laplacian, so it is not a beta wavelet. Theta coefficients themselves are correct.",approximation,1,1,cpu,torch 2.14.0+cu130,3.12.14,Linux-5.15.0-119-generic-x86_64-with-glibc2.39,benchmark-v1,,False,2,5,False,0.35,validation_swept,0.6747306821763172,0.604188310890368,0.662969761372473,0.5720508993426068,0.20078740157480315,0.30493273542600896,0.24213649851632046,0.8263884168309429,0.23918735260358281,0.04832502830251681,19.36,9.37,completed,,md_K5_matched,markov_diffusion,markov_diffusion_h2_k10_t0_perhop_K5_matched_cosine,5.0,matched_cosine,results/flag_md/text/md_K5_matched,results/flag_md/text/md_K5_matched/reddit__bwgnn__text__s1i1__fac5c2fa60ba.json,Sentence-BERT of raw node text (384d),False
a316b46a737c,2026-09-19T11:39:40+00:00,14eedbd784f43524589dcc9c848191495f337851-dirty,reddit,bwgnn,text,flag_bundled,"beta-wavelet basis NOT applied - the polynomial is evaluated over raw adjacency A, not the normalised Laplacian, so it is not a beta wavelet. Theta coefficients themselves are correct.",approximation,2,0,cpu,torch 2.14.0+cu130,3.12.14,Linux-5.15.0-119-generic-x86_64-with-glibc2.39,benchmark-v1,,False,4,5,False,0.25,validation_swept,0.6336668767727703,0.5576881011084596,0.6211203564015887,0.5370545019814331,0.1693472090823084,0.13378176382660686,0.14947807933194154,0.8615321867989939,0.19086385044850313,0.03970922832739073,19.32,9.91,completed,,md_K5_matched,markov_diffusion,markov_diffusion_h2_k10_t0_perhop_K5_matched_cosine,5.0,matched_cosine,results/flag_md/text/md_K5_matched,results/flag_md/text/md_K5_matched/reddit__bwgnn__text__s2i0__a316b46a737c.json,Sentence-BERT of raw node text (384d),False
d18fafcbb7e7,2026-09-19T11:40:13+00:00,14eedbd784f43524589dcc9c848191495f337851-dirty,reddit,bwgnn,text,flag_bundled,"beta-wavelet basis NOT applied - the polynomial is evaluated over raw adjacency A, not the normalised Laplacian, so it is not a beta wavelet. Theta coefficients themselves are correct.",approximation,2,1,cpu,torch 2.14.0+cu130,3.12.14,Linux-5.15.0-119-generic-x86_64-with-glibc2.39,benchmark-v1,,False,2,5,False,0.15,validation_swept,0.6372410681030284,0.5643766092677486,0.627994580472869,0.5401625861482673,0.16247304097771387,0.16890881913303438,0.1656284353242946,0.8452178641832643,0.19829538513058176,0.024972941261892766,27.11,9.6,completed,,md_K5_matched,markov_diffusion,markov_diffusion_h2_k10_t0_perhop_K5_matched_cosine,5.0,matched_cosine,results/flag_md/text/md_K5_matched,results/flag_md/text/md_K5_matched/reddit__bwgnn__text__s2i1__d18fafcbb7e7.json,Sentence-BERT of raw node text (384d),False
8f4bc7c4503f,2026-09-19T11:40:54+00:00,14eedbd784f43524589dcc9c848191495f337851-dirty,reddit,bwgnn,text,flag_bundled,"beta-wavelet basis NOT applied - the polynomial is evaluated over raw adjacency A, not the normalised Laplacian, so it is not a beta wavelet. Theta coefficients themselves are correct.",approximation,3,0,cpu,torch 2.14.0+cu130,3.12.14,Linux-5.15.0-119-generic-x86_64-with-glibc2.39,benchmark-v1,,False,2,5,False,0.2,validation_swept,0.6334340887602784,0.5587841305173643,0.6321231891177559,0.5493752873045036,0.17482061317677755,0.20029895366218237,0.18669453152211773,0.8412752362177962,0.20268456945966912,0.02197716706267919,24.38,9.93,completed,,md_K5_matched,markov_diffusion,markov_diffusion_h2_k10_t0_perhop_K5_matched_cosine,5.0,matched_cosine,results/flag_md/text/md_K5_matched,results/flag_md/text/md_K5_matched/reddit__bwgnn__text__s3i0__8f4bc7c4503f.json,Sentence-BERT of raw node text (384d),False
6e083037400d,2026-09-19T11:41:32+00:00,14eedbd784f43524589dcc9c848191495f337851-dirty,reddit,bwgnn,text,flag_bundled,"beta-wavelet basis NOT applied - the polynomial is evaluated over raw adjacency A, not the normalised Laplacian, so it is not a beta wavelet. Theta coefficients themselves are correct.",approximation,3,1,cpu,torch 2.14.0+cu130,3.12.14,Linux-5.15.0-119-generic-x86_64-with-glibc2.39,benchmark-v1,,False,4,5,False,0.2,validation_swept,0.6080995902930979,0.5459339553873691,0.5997480365866703,0.528634192759113,0.13805817287996722,0.25186846038863975,0.17835406192114317,0.7889334511589967,0.1482073454790384,0.04181768664656026,22.76,9.28,completed,,md_K5_matched,markov_diffusion,markov_diffusion_h2_k10_t0_perhop_K5_matched_cosine,5.0,matched_cosine,results/flag_md/text/md_K5_matched,results/flag_md/text/md_K5_matched/reddit__bwgnn__text__s3i1__6e083037400d.json,Sentence-BERT of raw node text (384d),False
9107e6636fbb,2026-09-19T11:25:16+00:00,14eedbd784f43524589dcc9c848191495f337851-dirty,reddit,care_gnn,text,flag_bundled,"NOT CARE-GNN - no RL neighbour filtering, no label-aware similarity, no multi-relation aggregation. A similarity-gated mean aggregator.",approximation,0,0,cpu,torch 2.14.0+cu130,3.12.14,Linux-5.15.0-119-generic-x86_64-with-glibc2.39,benchmark-v1,,False,5,5,False,0.15,validation_swept,0.6503004756038162,0.5323719417208833,0.603606820158459,0.5185613019086577,0.13003603013429413,0.296711509715994,0.18082441357321793,0.7554890897967508,0.16277331664754752,0.05867838350066541,17.54,8.55,completed,,md_K5_matched,markov_diffusion,markov_diffusion_h2_k10_t0_perhop_K5_matched_cosine,5.0,matched_cosine,results/flag_md/text/md_K5_matched,results/flag_md/text/md_K5_matched/reddit__care_gnn__text__s0i0__9107e6636fbb.json,Sentence-BERT of raw node text (384d),False
faea8ad61b85,2026-09-19T11:25:48+00:00,14eedbd784f43524589dcc9c848191495f337851-dirty,reddit,care_gnn,text,flag_bundled,"NOT CARE-GNN - no RL neighbour filtering, no label-aware similarity, no multi-relation aggregation. A similarity-gated mean aggregator.",approximation,0,1,cpu,torch 2.14.0+cu130,3.12.14,Linux-5.15.0-119-generic-x86_64-with-glibc2.39,benchmark-v1,,False,3,5,False,0.2,validation_swept,0.6407830272469416,0.52156465093412,0.6091767965638548,0.5191250457738619,0.13256484149855907,0.1031390134529148,0.11601513240857503,0.8570457480796683,0.16991049162374222,0.03933250893076663,16.1,8.0,completed,,md_K5_matched,markov_diffusion,markov_diffusion_h2_k10_t0_perhop_K5_matched_cosine,5.0,matched_cosine,results/flag_md/text/md_K5_matched,results/flag_md/text/md_K5_matched/reddit__care_gnn__text__s0i1__faea8ad61b85.json,Sentence-BERT of raw node text (384d),False
4dc60d9dbf25,2026-09-19T11:26:16+00:00,14eedbd784f43524589dcc9c848191495f337851-dirty,reddit,care_gnn,text,flag_bundled,"NOT CARE-GNN - no RL neighbour filtering, no label-aware similarity, no multi-relation aggregation. A similarity-gated mean aggregator.",approximation,1,0,cpu,torch 2.14.0+cu130,3.12.14,Linux-5.15.0-119-generic-x86_64-with-glibc2.39,benchmark-v1,,False,2,5,False,0.25,validation_swept,0.6323650545798356,0.5253915041776228,0.6030784872403702,0.5183579840718565,0.12344620660094299,0.21524663677130046,0.1569054753473168,0.7896132146013187,0.16464789672249724,0.07232060644505435,15.94,7.92,completed,,md_K5_matched,markov_diffusion,markov_diffusion_h2_k10_t0_perhop_K5_matched_cosine,5.0,matched_cosine,results/flag_md/text/md_K5_matched,results/flag_md/text/md_K5_matched/reddit__care_gnn__text__s1i0__4dc60d9dbf25.json,Sentence-BERT of raw node text (384d),False
e87de9050807,2026-09-19T11:26:44+00:00,14eedbd784f43524589dcc9c848191495f337851-dirty,reddit,care_gnn,text,flag_bundled,"NOT CARE-GNN - no RL neighbour filtering, no label-aware similarity, no multi-relation aggregation. A similarity-gated mean aggregator.",approximation,1,1,cpu,torch 2.14.0+cu130,3.12.14,Linux-5.15.0-119-generic-x86_64-with-glibc2.39,benchmark-v1,,False,3,5,False,0.1,validation_swept,0.6431735810675299,0.5410036655839496,0.6083260763354581,0.5263129265768879,0.13648648648648648,0.15097159940209268,0.1433640880056778,0.8359051050234518,0.17692119308286547,0.05945553226969927,15.88,7.95,completed,,md_K5_matched,markov_diffusion,markov_diffusion_h2_k10_t0_perhop_K5_matched_cosine,5.0,matched_cosine,results/flag_md/text/md_K5_matched,results/flag_md/text/md_K5_matched/reddit__care_gnn__text__s1i1__e87de9050807.json,Sentence-BERT of raw node text (384d),False
042e46917f2b,2026-09-19T11:27:11+00:00,14eedbd784f43524589dcc9c848191495f337851-dirty,reddit,care_gnn,text,flag_bundled,"NOT CARE-GNN - no RL neighbour filtering, no label-aware similarity, no multi-relation aggregation. A similarity-gated mean aggregator.",approximation,2,0,cpu,torch 2.14.0+cu130,3.12.14,Linux-5.15.0-119-generic-x86_64-with-glibc2.39,benchmark-v1,,False,2,5,False,0.1,validation_swept,0.6375615992894593,0.5482028673352628,0.6155720643641222,0.5244617078503753,0.13227848101265824,0.156203288490284,0.14324880054832076,0.8300591394194821,0.17471855311166767,0.048307266247367205,15.84,7.94,completed,,md_K5_matched,markov_diffusion,markov_diffusion_h2_k10_t0_perhop_K5_matched_cosine,5.0,matched_cosine,results/flag_md/text/md_K5_matched,results/flag_md/text/md_K5_matched/reddit__care_gnn__text__s2i0__042e46917f2b.json,Sentence-BERT of raw node text (384d),False
82b28de64d8f,2026-09-19T11:27:39+00:00,14eedbd784f43524589dcc9c848191495f337851-dirty,reddit,care_gnn,text,flag_bundled,"NOT CARE-GNN - no RL neighbour filtering, no label-aware similarity, no multi-relation aggregation. A similarity-gated mean aggregator.",approximation,2,1,cpu,torch 2.14.0+cu130,3.12.14,Linux-5.15.0-119-generic-x86_64-with-glibc2.39,benchmark-v1,,False,2,5,False,0.1,validation_swept,0.6383781480101997,0.5334420627524076,0.6148770188956911,0.5312429148174668,0.1460832745236415,0.1547085201793722,0.1502722323049002,0.840867378152403,0.16927901823912422,0.049946835132626474,16.5,8.39,completed,,md_K5_matched,markov_diffusion,markov_diffusion_h2_k10_t0_perhop_K5_matched_cosine,5.0,matched_cosine,results/flag_md/text/md_K5_matched,results/flag_md/text/md_K5_matched/reddit__care_gnn__text__s2i1__82b28de64d8f.json,Sentence-BERT of raw node text (384d),False
b1736ef15e69,2026-09-19T11:28:08+00:00,14eedbd784f43524589dcc9c848191495f337851-dirty,reddit,care_gnn,text,flag_bundled,"NOT CARE-GNN - no RL neighbour filtering, no label-aware similarity, no multi-relation aggregation. A similarity-gated mean aggregator.",approximation,3,0,cpu,torch 2.14.0+cu130,3.12.14,Linux-5.15.0-119-generic-x86_64-with-glibc2.39,benchmark-v1,,False,2,5,False,0.2,validation_swept,0.6298473626908861,0.5227373156911176,0.6051401229324822,0.5173379827828882,0.12728937728937728,0.1038863976083707,0.11440329218106995,0.8537149072122902,0.16479231014190182,0.024110903849553725,16.86,8.35,completed,,md_K5_matched,markov_diffusion,markov_diffusion_h2_k10_t0_perhop_K5_matched_cosine,5.0,matched_cosine,results/flag_md/text/md_K5_matched,results/flag_md/text/md_K5_matched/reddit__care_gnn__text__s3i0__b1736ef15e69.json,Sentence-BERT of raw node text (384d),False
76c5aaa634ef,2026-09-19T11:28:37+00:00,14eedbd784f43524589dcc9c848191495f337851-dirty,reddit,care_gnn,text,flag_bundled,"NOT CARE-GNN - no RL neighbour filtering, no label-aware similarity, no multi-relation aggregation. A similarity-gated mean aggregator.",approximation,3,1,cpu,torch 2.14.0+cu130,3.12.14,Linux-5.15.0-119-generic-x86_64-with-glibc2.39,benchmark-v1,,False,2,5,False,0.2,validation_swept,0.6328270492507808,0.5243555478920596,0.6078309685635905,0.525628322650673,0.1349206349206349,0.15246636771300448,0.1431578947368421,0.83400176738495,0.16158978608147495,0.029929526138088317,16.9,8.41,completed,,md_K5_matched,markov_diffusion,markov_diffusion_h2_k10_t0_perhop_K5_matched_cosine,5.0,matched_cosine,results/flag_md/text/md_K5_matched,results/flag_md/text/md_K5_matched/reddit__care_gnn__text__s3i1__76c5aaa634ef.json,Sentence-BERT of raw node text (384d),False
bfad051cb988,2026-09-19T11:42:12+00:00,14eedbd784f43524589dcc9c848191495f337851-dirty,reddit,dga_gnn,text,flag_bundled,"NOT DGA-GNN - no decision-tree dynamic grouping, no bidirectional grouped aggregation. GraphSAGE-mean.",approximation,0,0,cpu,torch 2.14.0+cu130,3.12.14,Linux-5.15.0-119-generic-x86_64-with-glibc2.39,benchmark-v1,,False,5,5,False,0.15,validation_swept,0.6579574105377761,0.5542428968889639,0.6154228166719704,0.5323753961596872,0.14278296988577363,0.2055306427503737,0.16850490196078433,0.8155122017537897,0.16615238946644945,0.03210662018103682,14.19,6.23,completed,,md_K5_matched,markov_diffusion,markov_diffusion_h2_k10_t0_perhop_K5_matched_cosine,5.0,matched_cosine,results/flag_md/text/md_K5_matched,results/flag_md/text/md_K5_matched/reddit__dga_gnn__text__s0i0__bfad051cb988.json,Sentence-BERT of raw node text (384d),False
2aa782bd77af,2026-09-19T11:42:38+00:00,14eedbd784f43524589dcc9c848191495f337851-dirty,reddit,dga_gnn,text,flag_bundled,"NOT DGA-GNN - no decision-tree dynamic grouping, no bidirectional grouped aggregation. GraphSAGE-mean.",approximation,0,1,cpu,torch 2.14.0+cu130,3.12.14,Linux-5.15.0-119-generic-x86_64-with-glibc2.39,benchmark-v1,,False,5,5,False,0.15,validation_swept,0.6352928115061742,0.5761885971602326,0.6109155140139699,0.5279291695378897,0.13928329952670723,0.15396113602391628,0.14625488107916224,0.8365168921215417,0.176295196677776,0.019818942564751973,13.91,6.21,completed,,md_K5_matched,markov_diffusion,markov_diffusion_h2_k10_t0_perhop_K5_matched_cosine,5.0,matched_cosine,results/flag_md/text/md_K5_matched,results/flag_md/text/md_K5_matched/reddit__dga_gnn__text__s0i1__2aa782bd77af.json,Sentence-BERT of raw node text (384d),False
95444de11500,2026-09-19T11:43:02+00:00,14eedbd784f43524589dcc9c848191495f337851-dirty,reddit,dga_gnn,text,flag_bundled,"NOT DGA-GNN - no decision-tree dynamic grouping, no bidirectional grouped aggregation. GraphSAGE-mean.",approximation,1,0,cpu,torch 2.14.0+cu130,3.12.14,Linux-5.15.0-119-generic-x86_64-with-glibc2.39,benchmark-v1,,False,4,5,False,0.2,validation_swept,0.6377925966249319,0.5510241681725071,0.6059993380679027,0.5257956379496623,0.1390625,0.13303437967115098,0.1359816653934301,0.8462375093467474,0.1556103775125504,0.03992387849962409,13.97,6.24,completed,,md_K5_matched,markov_diffusion,markov_diffusion_h2_k10_t0_perhop_K5_matched_cosine,5.0,matched_cosine,results/flag_md/text/md_K5_matched,results/flag_md/text/md_K5_matched/reddit__dga_gnn__text__s1i0__95444de11500.json,Sentence-BERT of raw node text (384d),False
ecb13013a5e0,2026-09-19T11:43:26+00:00,14eedbd784f43524589dcc9c848191495f337851-dirty,reddit,dga_gnn,text,flag_bundled,"NOT DGA-GNN - no decision-tree dynamic grouping, no bidirectional grouped aggregation. GraphSAGE-mean.",approximation,1,1,cpu,torch 2.14.0+cu130,3.12.14,Linux-5.15.0-119-generic-x86_64-with-glibc2.39,benchmark-v1,,False,4,5,False,0.15,validation_swept,0.63319413803971,0.5373017888572208,0.6092300294516191,0.5222714192490705,0.1312755671253254,0.26382660687593423,0.17531661286317357,0.7742505608048399,0.16809274918328737,0.018654679303951576,13.93,6.18,completed,,md_K5_matched,markov_diffusion,markov_diffusion_h2_k10_t0_perhop_K5_matched_cosine,5.0,matched_cosine,results/flag_md/text/md_K5_matched,results/flag_md/text/md_K5_matched/reddit__dga_gnn__text__s1i1__ecb13013a5e0.json,Sentence-BERT of raw node text (384d),False
d2f3c4e1d53f,2026-09-19T11:43:49+00:00,14eedbd784f43524589dcc9c848191495f337851-dirty,reddit,dga_gnn,text,flag_bundled,"NOT DGA-GNN - no decision-tree dynamic grouping, no bidirectional grouped aggregation. GraphSAGE-mean.",approximation,2,0,cpu,torch 2.14.0+cu130,3.12.14,Linux-5.15.0-119-generic-x86_64-with-glibc2.39,benchmark-v1,,False,5,5,False,0.15,validation_swept,0.6749813769590007,0.5601725542996846,0.6199383068554906,0.5322617513104753,0.14904552129221732,0.1517189835575486,0.15037037037037038,0.8440622663313168,0.1689787344533421,0.03693877860885582,13.98,6.39,completed,,md_K5_matched,markov_diffusion,markov_diffusion_h2_k10_t0_perhop_K5_matched_cosine,5.0,matched_cosine,results/flag_md/text/md_K5_matched,results/flag_md/text/md_K5_matched/reddit__dga_gnn__text__s2i0__d2f3c4e1d53f.json,Sentence-BERT of raw node text (384d),False
500817a86d9c,2026-09-19T11:44:13+00:00,14eedbd784f43524589dcc9c848191495f337851-dirty,reddit,dga_gnn,text,flag_bundled,"NOT DGA-GNN - no decision-tree dynamic grouping, no bidirectional grouped aggregation. GraphSAGE-mean.",approximation,2,1,cpu,torch 2.14.0+cu130,3.12.14,Linux-5.15.0-119-generic-x86_64-with-glibc2.39,benchmark-v1,,False,4,5,False,0.2,validation_swept,0.6238503853536945,0.5431507653518394,0.6204796615718461,0.512330595015253,0.15885947046843177,0.05829596412556054,0.08529250956806998,0.8862755760995173,0.17110771463863617,0.026394794134578875,13.99,6.38,completed,,md_K5_matched,markov_diffusion,markov_diffusion_h2_k10_t0_perhop_K5_matched_cosine,5.0,matched_cosine,results/flag_md/text/md_K5_matched,results/flag_md/text/md_K5_matched/reddit__dga_gnn__text__s2i1__500817a86d9c.json,Sentence-BERT of raw node text (384d),False
2d003b7d26a5,2026-09-19T11:44:37+00:00,14eedbd784f43524589dcc9c848191495f337851-dirty,reddit,dga_gnn,text,flag_bundled,"NOT DGA-GNN - no decision-tree dynamic grouping, no bidirectional grouped aggregation. GraphSAGE-mean.",approximation,3,0,cpu,torch 2.14.0+cu130,3.12.14,Linux-5.15.0-119-generic-x86_64-with-glibc2.39,benchmark-v1,,False,4,5,False,0.2,validation_swept,0.6375096696559035,0.5484346224677716,0.6085962926213797,0.5303374423755278,0.13977929584866,0.19880418535127056,0.16414686825053995,0.8158520834749508,0.15662674842791127,0.035277750649635155,13.42,6.41,completed,,md_K5_matched,markov_diffusion,markov_diffusion_h2_k10_t0_perhop_K5_matched_cosine,5.0,matched_cosine,results/flag_md/text/md_K5_matched,results/flag_md/text/md_K5_matched/reddit__dga_gnn__text__s3i0__2d003b7d26a5.json,Sentence-BERT of raw node text (384d),False
fc0813fcff18,2026-09-19T11:45:01+00:00,14eedbd784f43524589dcc9c848191495f337851-dirty,reddit,dga_gnn,text,flag_bundled,"NOT DGA-GNN - no decision-tree dynamic grouping, no bidirectional grouped aggregation. GraphSAGE-mean.",approximation,3,1,cpu,torch 2.14.0+cu130,3.12.14,Linux-5.15.0-119-generic-x86_64-with-glibc2.39,benchmark-v1,,False,2,5,False,0.15,validation_swept,0.656716471363493,0.5552163371121713,0.6231918283018335,0.5278415997402358,0.14263565891472868,0.1375186846038864,0.1400304414003044,0.8463734620352118,0.18249938495755397,0.011043167379035561,13.19,5.76,completed,,md_K5_matched,markov_diffusion,markov_diffusion_h2_k10_t0_perhop_K5_matched_cosine,5.0,matched_cosine,results/flag_md/text/md_K5_matched,results/flag_md/text/md_K5_matched/reddit__dga_gnn__text__s3i1__fc0813fcff18.json,Sentence-BERT of raw node text (384d),False
fc881dc67eb9,2026-09-19T11:33:01+00:00,14eedbd784f43524589dcc9c848191495f337851-dirty,reddit,gat,text,flag_bundled,"NOT canonical GAT - conv2 is a SAGEConv, not a GATConv, so the second layer performs no attention",adapted,0,0,cpu,torch 2.14.0+cu130,3.12.14,Linux-5.15.0-119-generic-x86_64-with-glibc2.39,benchmark-v1,,False,3,5,False,0.15,validation_swept,0.6799881099045927,0.5608057546626077,0.6406988536458298,0.5365126117618296,0.15016204537270436,0.3116591928251121,0.20267314702308628,0.7769696145741282,0.20957114467866167,0.037774655341091604,19.83,9.08,completed,,md_K5_matched,markov_diffusion,markov_diffusion_h2_k10_t0_perhop_K5_matched_cosine,5.0,matched_cosine,results/flag_md/text/md_K5_matched,results/flag_md/text/md_K5_matched/reddit__gat__text__s0i0__fc881dc67eb9.json,Sentence-BERT of raw node text (384d),False
a63e193a5d84,2026-09-19T11:33:36+00:00,14eedbd784f43524589dcc9c848191495f337851-dirty,reddit,gat,text,flag_bundled,"NOT canonical GAT - conv2 is a SAGEConv, not a GATConv, so the second layer performs no attention",adapted,0,1,cpu,torch 2.14.0+cu130,3.12.14,Linux-5.15.0-119-generic-x86_64-with-glibc2.39,benchmark-v1,,False,3,5,False,0.15,validation_swept,0.6752034209093773,0.5589498469982432,0.6505743507236375,0.5447839013079654,0.1598528209321341,0.2922272047832586,0.20665961945031713,0.795935014614914,0.23174525517527061,0.03606753340673621,19.21,9.2,completed,,md_K5_matched,markov_diffusion,markov_diffusion_h2_k10_t0_perhop_K5_matched_cosine,5.0,matched_cosine,results/flag_md/text/md_K5_matched,results/flag_md/text/md_K5_matched/reddit__gat__text__s0i1__a63e193a5d84.json,Sentence-BERT of raw node text (384d),False
d88cec6d3eeb,2026-09-19T11:34:08+00:00,14eedbd784f43524589dcc9c848191495f337851-dirty,reddit,gat,text,flag_bundled,"NOT canonical GAT - conv2 is a SAGEConv, not a GATConv, so the second layer performs no attention",adapted,1,0,cpu,torch 2.14.0+cu130,3.12.14,Linux-5.15.0-119-generic-x86_64-with-glibc2.39,benchmark-v1,,False,5,5,False,0.15,validation_swept,0.6794007678423059,0.5668983546745485,0.6453712760591053,0.5439701017388419,0.16,0.34080717488789236,0.2177650429799427,0.7773094962952892,0.22461238354013402,0.03466314862381973,19.57,9.24,completed,,md_K5_matched,markov_diffusion,markov_diffusion_h2_k10_t0_perhop_K5_matched_cosine,5.0,matched_cosine,results/flag_md/text/md_K5_matched,results/flag_md/text/md_K5_matched/reddit__gat__text__s1i0__d88cec6d3eeb.json,Sentence-BERT of raw node text (384d),False
4df8a8dac706,2026-09-19T11:34:41+00:00,14eedbd784f43524589dcc9c848191495f337851-dirty,reddit,gat,text,flag_bundled,"NOT canonical GAT - conv2 is a SAGEConv, not a GATConv, so the second layer performs no attention",adapted,1,1,cpu,torch 2.14.0+cu130,3.12.14,Linux-5.15.0-119-generic-x86_64-with-glibc2.39,benchmark-v1,,False,4,5,False,0.25,validation_swept,0.6625504970919406,0.5563414677465189,0.6403089821234742,0.547140993553647,0.16380952380952382,0.2571001494768311,0.20011634671320536,0.8130650533614302,0.21148518136123506,0.05280217885771184,18.72,9.14,completed,,md_K5_matched,markov_diffusion,markov_diffusion_h2_k10_t0_perhop_K5_matched_cosine,5.0,matched_cosine,results/flag_md/text/md_K5_matched,results/flag_md/text/md_K5_matched/reddit__gat__text__s1i1__4df8a8dac706.json,Sentence-BERT of raw node text (384d),False
4ee6c9eb32c8,2026-09-19T11:35:13+00:00,14eedbd784f43524589dcc9c848191495f337851-dirty,reddit,gat,text,flag_bundled,"NOT canonical GAT - conv2 is a SAGEConv, not a GATConv, so the second layer performs no attention",adapted,2,0,cpu,torch 2.14.0+cu130,3.12.14,Linux-5.15.0-119-generic-x86_64-with-glibc2.39,benchmark-v1,,False,4,5,False,0.2,validation_swept,0.679017562960204,0.5424679851481398,0.6442283757391267,0.5410662955016602,0.1554889471712252,0.3101644245142003,0.2071375093586224,0.7840391543742777,0.2202177222315182,0.03803120167302422,19.19,9.08,completed,,md_K5_matched,markov_diffusion,markov_diffusion_h2_k10_t0_perhop_K5_matched_cosine,5.0,matched_cosine,results/flag_md/text/md_K5_matched,results/flag_md/text/md_K5_matched/reddit__gat__text__s2i0__4ee6c9eb32c8.json,Sentence-BERT of raw node text (384d),False
59398fb45bde,2026-09-19T11:35:45+00:00,14eedbd784f43524589dcc9c848191495f337851-dirty,reddit,gat,text,flag_bundled,"NOT canonical GAT - conv2 is a SAGEConv, not a GATConv, so the second layer performs no attention",adapted,2,1,cpu,torch 2.14.0+cu130,3.12.14,Linux-5.15.0-119-generic-x86_64-with-glibc2.39,benchmark-v1,,False,3,5,False,0.2,validation_swept,0.6890811678079248,0.5643766092677486,0.6409076215746943,0.5495271206097566,0.1799561082662765,0.18385650224215247,0.18188539741219964,0.8495683502141255,0.21590298011398157,0.024188650376156393,19.69,9.62,completed,,md_K5_matched,markov_diffusion,markov_diffusion_h2_k10_t0_perhop_K5_matched_cosine,5.0,matched_cosine,results/flag_md/text/md_K5_matched,results/flag_md/text/md_K5_matched/reddit__gat__text__s2i1__59398fb45bde.json,Sentence-BERT of raw node text (384d),False
606f44ba0b33,2026-09-19T11:36:19+00:00,14eedbd784f43524589dcc9c848191495f337851-dirty,reddit,gat,text,flag_bundled,"NOT canonical GAT - conv2 is a SAGEConv, not a GATConv, so the second layer performs no attention",adapted,3,0,cpu,torch 2.14.0+cu130,3.12.14,Linux-5.15.0-119-generic-x86_64-with-glibc2.39,benchmark-v1,,False,3,5,False,0.25,validation_swept,0.7062358536515485,0.5809142159956245,0.6451407958185384,0.5541654751529483,0.19147286821705425,0.18460388639760836,0.18797564687975646,0.8549384814084698,0.20685523348307844,0.04030356122919108,19.49,9.21,completed,,md_K5_matched,markov_diffusion,markov_diffusion_h2_k10_t0_perhop_K5_matched_cosine,5.0,matched_cosine,results/flag_md/text/md_K5_matched,results/flag_md/text/md_K5_matched/reddit__gat__text__s3i0__606f44ba0b33.json,Sentence-BERT of raw node text (384d),False
6cc7ff41a468,2026-09-19T11:36:52+00:00,14eedbd784f43524589dcc9c848191495f337851-dirty,reddit,gat,text,flag_bundled,"NOT canonical GAT - conv2 is a SAGEConv, not a GATConv, so the second layer performs no attention",adapted,3,1,cpu,torch 2.14.0+cu130,3.12.14,Linux-5.15.0-119-generic-x86_64-with-glibc2.39,benchmark-v1,,False,3,5,False,0.3,validation_swept,0.6687104260378764,0.5482953841254056,0.6365792987834287,0.546801036711692,0.16391804097951024,0.24514200298953662,0.19646600778676251,0.8176194684249881,0.20819385198988172,0.06987068034778413,19.65,9.05,completed,,md_K5_matched,markov_diffusion,markov_diffusion_h2_k10_t0_perhop_K5_matched_cosine,5.0,matched_cosine,results/flag_md/text/md_K5_matched,results/flag_md/text/md_K5_matched/reddit__gat__text__s3i1__6cc7ff41a468.json,Sentence-BERT of raw node text (384d),False
df01351c02d0,2026-09-19T11:50:28+00:00,14eedbd784f43524589dcc9c848191495f337851-dirty,reddit,gcn,text,flag_bundled,faithful - two GCNConv layers plus the Eq. 6 skip,faithful,0,0,cpu,torch 2.14.0+cu130,3.12.14,Linux-5.15.0-119-generic-x86_64-with-glibc2.39,benchmark-v1,,False,5,5,False,0.2,validation_swept,0.6077271294731112,0.5407939405109424,0.596165812537298,0.5230686656628459,0.12878787878787878,0.1905829596412556,0.15370705244122965,0.8091224253959622,0.1566607839435527,0.04819287812542145,15.98,8.42,completed,,md_K5_matched,markov_diffusion,markov_diffusion_h2_k10_t0_perhop_K5_matched_cosine,5.0,matched_cosine,results/flag_md/text/md_K5_matched,results/flag_md/text/md_K5_matched/reddit__gcn__text__s0i0__df01351c02d0.json,Sentence-BERT of raw node text (384d),False
69af00f1d6c5,2026-09-19T11:50:58+00:00,14eedbd784f43524589dcc9c848191495f337851-dirty,reddit,gcn,text,flag_bundled,faithful - two GCNConv layers plus the Eq. 6 skip,faithful,0,1,cpu,torch 2.14.0+cu130,3.12.14,Linux-5.15.0-119-generic-x86_64-with-glibc2.39,benchmark-v1,,False,4,5,False,0.2,validation_swept,0.6142559378849957,0.5444637106762447,0.5954574099453229,0.5248497476929984,0.13307741522712732,0.1554559043348281,0.14339882799034814,0.8310787845829651,0.1468864433243835,0.04080953428537865,15.0,8.43,completed,,md_K5_matched,markov_diffusion,markov_diffusion_h2_k10_t0_perhop_K5_matched_cosine,5.0,matched_cosine,results/flag_md/text/md_K5_matched,results/flag_md/text/md_K5_matched/reddit__gcn__text__s0i1__69af00f1d6c5.json,Sentence-BERT of raw node text (384d),False
af47f654a9f5,2026-09-19T11:51:25+00:00,14eedbd784f43524589dcc9c848191495f337851-dirty,reddit,gcn,text,flag_bundled,faithful - two GCNConv layers plus the Eq. 6 skip,faithful,1,0,cpu,torch 2.14.0+cu130,3.12.14,Linux-5.15.0-119-generic-x86_64-with-glibc2.39,benchmark-v1,,False,3,5,False,0.15,validation_swept,0.6027741168380941,0.5484598214285714,0.5976170723934858,0.5208676291658932,0.1272108843537415,0.1397608370702541,0.13319088319088318,0.8345455781388077,0.1545634919969593,0.04004375738953307,14.9,8.3,completed,,md_K5_matched,markov_diffusion,markov_diffusion_h2_k10_t0_perhop_K5_matched_cosine,5.0,matched_cosine,results/flag_md/text/md_K5_matched,results/flag_md/text/md_K5_matched/reddit__gcn__text__s1i0__af47f654a9f5.json,Sentence-BERT of raw node text (384d),False
fe5a174ba232,2026-09-19T11:51:52+00:00,14eedbd784f43524589dcc9c848191495f337851-dirty,reddit,gcn,text,flag_bundled,faithful - two GCNConv layers plus the Eq. 6 skip,faithful,1,1,cpu,torch 2.14.0+cu130,3.12.14,Linux-5.15.0-119-generic-x86_64-with-glibc2.39,benchmark-v1,,False,2,5,False,0.3,validation_swept,0.6121357762943013,0.5411644463594142,0.605290488375558,0.5217139193182775,0.1408016443987667,0.10239162929745889,0.11856339247079187,0.8615321867989939,0.16375447840879664,0.055838148553660406,15.31,8.4,completed,,md_K5_matched,markov_diffusion,markov_diffusion_h2_k10_t0_perhop_K5_matched_cosine,5.0,matched_cosine,results/flag_md/text/md_K5_matched,results/flag_md/text/md_K5_matched/reddit__gcn__text__s1i1__fe5a174ba232.json,Sentence-BERT of raw node text (384d),False
ff3a14ed09ef,2026-09-19T11:52:20+00:00,14eedbd784f43524589dcc9c848191495f337851-dirty,reddit,gcn,text,flag_bundled,faithful - two GCNConv layers plus the Eq. 6 skip,faithful,2,0,cpu,torch 2.14.0+cu130,3.12.14,Linux-5.15.0-119-generic-x86_64-with-glibc2.39,benchmark-v1,,False,4,5,False,0.2,validation_swept,0.6110828582070308,0.5471631849833485,0.5912762111194533,0.5191835708939275,0.1233644859813084,0.14798206278026907,0.1345565749235474,0.8268642512405683,0.1407406016428479,0.04433020456220757,15.4,8.46,completed,,md_K5_matched,markov_diffusion,markov_diffusion_h2_k10_t0_perhop_K5_matched_cosine,5.0,matched_cosine,results/flag_md/text/md_K5_matched,results/flag_md/text/md_K5_matched/reddit__gcn__text__s2i0__ff3a14ed09ef.json,Sentence-BERT of raw node text (384d),False
154584c2f1d8,2026-09-19T11:52:48+00:00,14eedbd784f43524589dcc9c848191495f337851-dirty,reddit,gcn,text,flag_bundled,faithful - two GCNConv layers plus the Eq. 6 skip,faithful,2,1,cpu,torch 2.14.0+cu130,3.12.14,Linux-5.15.0-119-generic-x86_64-with-glibc2.39,benchmark-v1,,False,2,5,False,0.15,validation_swept,0.6111688107039509,0.5410098373510761,0.6005589928259393,0.521664676284977,0.12983223924142961,0.13303437967115098,0.1314138058324105,0.8400516620216165,0.15526935170558176,0.03095478946841375,15.24,8.37,completed,,md_K5_matched,markov_diffusion,markov_diffusion_h2_k10_t0_perhop_K5_matched_cosine,5.0,matched_cosine,results/flag_md/text/md_K5_matched,results/flag_md/text/md_K5_matched/reddit__gcn__text__s2i1__154584c2f1d8.json,Sentence-BERT of raw node text (384d),False
f4b2f000c71b,2026-09-19T11:53:15+00:00,14eedbd784f43524589dcc9c848191495f337851-dirty,reddit,gcn,text,flag_bundled,faithful - two GCNConv layers plus the Eq. 6 skip,faithful,3,0,cpu,torch 2.14.0+cu130,3.12.14,Linux-5.15.0-119-generic-x86_64-with-glibc2.39,benchmark-v1,,False,3,5,False,0.25,validation_swept,0.6112511818468327,0.5407927940161366,0.5997828545279588,0.5279104420803151,0.13638873550524572,0.18460388639760836,0.15687519847570658,0.8195228060634899,0.15023461033023172,0.04959114166563667,15.23,8.4,completed,,md_K5_matched,markov_diffusion,markov_diffusion_h2_k10_t0_perhop_K5_matched_cosine,5.0,matched_cosine,results/flag_md/text/md_K5_matched,results/flag_md/text/md_K5_matched/reddit__gcn__text__s3i0__f4b2f000c71b.json,Sentence-BERT of raw node text (384d),False
484126564b7e,2026-09-19T11:53:43+00:00,14eedbd784f43524589dcc9c848191495f337851-dirty,reddit,gcn,text,flag_bundled,faithful - two GCNConv layers plus the Eq. 6 skip,faithful,3,1,cpu,torch 2.14.0+cu130,3.12.14,Linux-5.15.0-119-generic-x86_64-with-glibc2.39,benchmark-v1,,False,3,5,False,0.25,validation_swept,0.6103092857347505,0.5390435322222809,0.6021096207392872,0.5266668562112611,0.13636363636363635,0.15695067264573992,0.1459346768589298,0.8329141458772347,0.15550111735971134,0.04417951611856673,15.09,8.41,completed,,md_K5_matched,markov_diffusion,markov_diffusion_h2_k10_t0_perhop_K5_matched_cosine,5.0,matched_cosine,results/flag_md/text/md_K5_matched,results/flag_md/text/md_K5_matched/reddit__gcn__text__s3i1__484126564b7e.json,Sentence-BERT of raw node text (384d),False
adcd165881fa,2026-09-19T11:14:19+00:00,14eedbd784f43524589dcc9c848191495f337851-dirty,reddit,geniepath,text,flag_bundled,closest to faithful - Breadth(GAT)+Depth(LSTM) preserved; matches PyG's example globals exactly. No official author repo exists.,adapted,0,0,cpu,torch 2.14.0+cu130,3.12.14,Linux-5.15.0-119-generic-x86_64-with-glibc2.39,benchmark-v1,,False,4,5,False,0.35,validation_swept,0.6174146921468069,0.5597810475248157,0.5771183028695908,0.5218766168345416,0.12856196156394964,0.14499252615844543,0.13628380751668423,0.8328461695330025,0.12736436455804073,0.05692211099677425,189.25,67.76,completed,,md_K5_matched,markov_diffusion,markov_diffusion_h2_k10_t0_perhop_K5_matched_cosine,5.0,matched_cosine,results/flag_md/text/md_K5_matched,results/flag_md/text/md_K5_matched/reddit__geniepath__text__s0i0__adcd165881fa.json,Sentence-BERT of raw node text (384d),False
24aec717c835,2026-09-19T11:18:50+00:00,14eedbd784f43524589dcc9c848191495f337851-dirty,reddit,geniepath,text,flag_bundled,closest to faithful - Breadth(GAT)+Depth(LSTM) preserved; matches PyG's example globals exactly. No official author repo exists.,adapted,0,1,cpu,torch 2.14.0+cu130,3.12.14,Linux-5.15.0-119-generic-x86_64-with-glibc2.39,benchmark-v1,,False,4,5,False,0.35,validation_swept,0.6076698278084979,0.5424674430198815,0.6118350876992964,0.5260276701925688,0.14934409687184663,0.11061285500747384,0.1270931730356376,0.8618040921759228,0.17491276233474468,0.0455397471577393,195.75,74.44,completed,,md_K5_matched,markov_diffusion,markov_diffusion_h2_k10_t0_perhop_K5_matched_cosine,5.0,matched_cosine,results/flag_md/text/md_K5_matched,results/flag_md/text/md_K5_matched/reddit__geniepath__text__s0i1__24aec717c835.json,Sentence-BERT of raw node text (384d),False
dba241f84b7d,2026-09-19T11:23:33+00:00,14eedbd784f43524589dcc9c848191495f337851-dirty,reddit,geniepath,text,flag_bundled,closest to faithful - Breadth(GAT)+Depth(LSTM) preserved; matches PyG's example globals exactly. No official author repo exists.,adapted,1,0,cpu,torch 2.14.0+cu130,3.12.14,Linux-5.15.0-119-generic-x86_64-with-glibc2.39,benchmark-v1,,False,4,5,False,0.15,validation_swept,0.6206808870297682,0.5435019124914064,0.6051783220703162,0.5287435091040981,0.14626129827444537,0.13303437967115098,0.13933463796477494,0.8505200190333764,0.16786914311090423,0.04805057567029504,201.87,68.89,completed,,md_K5_matched,markov_diffusion,markov_diffusion_h2_k10_t0_perhop_K5_matched_cosine,5.0,matched_cosine,results/flag_md/text/md_K5_matched,results/flag_md/text/md_K5_matched/reddit__geniepath__text__s1i0__dba241f84b7d.json,Sentence-BERT of raw node text (384d),False
e5393e04a350,2026-09-19T11:28:15+00:00,14eedbd784f43524589dcc9c848191495f337851-dirty,reddit,geniepath,text,flag_bundled,closest to faithful - Breadth(GAT)+Depth(LSTM) preserved; matches PyG's example globals exactly. No official author repo exists.,adapted,1,1,cpu,torch 2.14.0+cu130,3.12.14,Linux-5.15.0-119-generic-x86_64-with-glibc2.39,benchmark-v1,,False,4,5,False,0.15,validation_swept,0.6001955419304931,0.539827958361245,0.5985448336043321,0.5274053496131906,0.13522782949534543,0.2062780269058296,0.1633619414027819,0.8078308748555503,0.152351910018368,0.037365879765689884,201.98,74.59,completed,,md_K5_matched,markov_diffusion,markov_diffusion_h2_k10_t0_perhop_K5_matched_cosine,5.0,matched_cosine,results/flag_md/text/md_K5_matched,results/flag_md/text/md_K5_matched/reddit__geniepath__text__s1i1__e5393e04a350.json,Sentence-BERT of raw node text (384d),False
54c67181a3cc,2026-09-19T11:33:04+00:00,14eedbd784f43524589dcc9c848191495f337851-dirty,reddit,geniepath,text,flag_bundled,closest to faithful - Breadth(GAT)+Depth(LSTM) preserved; matches PyG's example globals exactly. No official author repo exists.,adapted,2,0,cpu,torch 2.14.0+cu130,3.12.14,Linux-5.15.0-119-generic-x86_64-with-glibc2.39,benchmark-v1,,False,2,5,False,0.1,validation_swept,0.6133247858350286,0.5539765977666904,0.6073054300228122,0.5316460716964735,0.14522546419098142,0.16367713004484305,0.15390021082220662,0.8363129630888451,0.1613118573141764,0.03843943183372688,199.45,70.59,completed,,md_K5_matched,markov_diffusion,markov_diffusion_h2_k10_t0_perhop_K5_matched_cosine,5.0,matched_cosine,results/flag_md/text/md_K5_matched,results/flag_md/text/md_K5_matched/reddit__geniepath__text__s2i0__54c67181a3cc.json,Sentence-BERT of raw node text (384d),False
0d6bc04ea894,2026-09-19T11:37:47+00:00,14eedbd784f43524589dcc9c848191495f337851-dirty,reddit,geniepath,text,flag_bundled,closest to faithful - Breadth(GAT)+Depth(LSTM) preserved; matches PyG's example globals exactly. No official author repo exists.,adapted,2,1,cpu,torch 2.14.0+cu130,3.12.14,Linux-5.15.0-119-generic-x86_64-with-glibc2.39,benchmark-v1,,False,1,5,False,0.2,validation_swept,0.6122647050396814,0.5441678957718781,0.610583765539672,0.5270995795764104,0.15898617511520738,0.1031390134529148,0.12511332728921123,0.8688056556318401,0.1621226738345798,0.023392540440378633,199.4,70.57,completed,,md_K5_matched,markov_diffusion,markov_diffusion_h2_k10_t0_perhop_K5_matched_cosine,5.0,matched_cosine,results/flag_md/text/md_K5_matched,results/flag_md/text/md_K5_matched/reddit__geniepath__text__s2i1__0d6bc04ea894.json,Sentence-BERT of raw node text (384d),False
776f076215ae,2026-09-19T11:42:31+00:00,14eedbd784f43524589dcc9c848191495f337851-dirty,reddit,geniepath,text,flag_bundled,closest to faithful - Breadth(GAT)+Depth(LSTM) preserved; matches PyG's example globals exactly. No official author repo exists.,adapted,3,0,cpu,torch 2.14.0+cu130,3.12.14,Linux-5.15.0-119-generic-x86_64-with-glibc2.39,benchmark-v1,,False,5,5,False,0.3,validation_swept,0.5719708907543763,0.5426653513501113,0.5655662352930525,0.5136816423872638,0.11769616026711185,0.10538116591928251,0.111198738170347,0.846781320100605,0.10098326313298653,0.050414471623580384,191.91,68.25,completed,,md_K5_matched,markov_diffusion,markov_diffusion_h2_k10_t0_perhop_K5_matched_cosine,5.0,matched_cosine,results/flag_md/text/md_K5_matched,results/flag_md/text/md_K5_matched/reddit__geniepath__text__s3i0__776f076215ae.json,Sentence-BERT of raw node text (384d),False
8a9a86129b73,2026-09-19T11:47:03+00:00,14eedbd784f43524589dcc9c848191495f337851-dirty,reddit,geniepath,text,flag_bundled,closest to faithful - Breadth(GAT)+Depth(LSTM) preserved; matches PyG's example globals exactly. No official author repo exists.,adapted,3,1,cpu,torch 2.14.0+cu130,3.12.14,Linux-5.15.0-119-generic-x86_64-with-glibc2.39,benchmark-v1,,False,2,5,False,0.1,validation_swept,0.6193629487436609,0.5373361368619584,0.5801246895865965,0.5247107233901527,0.1317469529889727,0.1696562032884903,0.14831754328650767,0.8227856705866359,0.14392546523867278,0.04744288946574744,187.98,66.04,completed,,md_K5_matched,markov_diffusion,markov_diffusion_h2_k10_t0_perhop_K5_matched_cosine,5.0,matched_cosine,results/flag_md/text/md_K5_matched,results/flag_md/text/md_K5_matched/reddit__geniepath__text__s3i1__8a9a86129b73.json,Sentence-BERT of raw node text (384d),False
d7905cd0609d,2026-09-19T11:45:57+00:00,14eedbd784f43524589dcc9c848191495f337851-dirty,reddit,pmp,text,flag_bundled,"partial - fraud/benign partition present, but applied to the aggregated mean rather than per-neighbour before aggregation",adapted,0,0,cpu,torch 2.14.0+cu130,3.12.14,Linux-5.15.0-119-generic-x86_64-with-glibc2.39,benchmark-v1,,False,4,5,False,0.15,validation_swept,0.623524482136206,0.5470443349753694,0.5996927079159232,0.5227298190536027,0.12825971261309208,0.18011958146487295,0.149829033260802,0.8140846985249133,0.15007013328173796,0.04590643764241388,20.06,9.88,completed,,md_K5_matched,markov_diffusion,markov_diffusion_h2_k10_t0_perhop_K5_matched_cosine,5.0,matched_cosine,results/flag_md/text/md_K5_matched,results/flag_md/text/md_K5_matched/reddit__pmp__text__s0i0__d7905cd0609d.json,Sentence-BERT of raw node text (384d),False
5efed291a776,2026-09-19T11:46:33+00:00,14eedbd784f43524589dcc9c848191495f337851-dirty,reddit,pmp,text,flag_bundled,"partial - fraud/benign partition present, but applied to the aggregated mean rather than per-neighbour before aggregation",adapted,0,1,cpu,torch 2.14.0+cu130,3.12.14,Linux-5.15.0-119-generic-x86_64-with-glibc2.39,benchmark-v1,,False,1,5,False,0.15,validation_swept,0.6299100363865571,0.5462406722804135,0.6334438118346797,0.5394228639115319,0.1527643064985451,0.23542600896860988,0.18529411764705883,0.8117055264767861,0.19448452512966746,0.010390243494822855,19.22,9.61,completed,,md_K5_matched,markov_diffusion,markov_diffusion_h2_k10_t0_perhop_K5_matched_cosine,5.0,matched_cosine,results/flag_md/text/md_K5_matched,results/flag_md/text/md_K5_matched/reddit__pmp__text__s0i1__5efed291a776.json,Sentence-BERT of raw node text (384d),False
b1ed2b3bc5f6,2026-09-19T11:47:06+00:00,14eedbd784f43524589dcc9c848191495f337851-dirty,reddit,pmp,text,flag_bundled,"partial - fraud/benign partition present, but applied to the aggregated mean rather than per-neighbour before aggregation",adapted,1,0,cpu,torch 2.14.0+cu130,3.12.14,Linux-5.15.0-119-generic-x86_64-with-glibc2.39,benchmark-v1,,False,5,5,False,0.2,validation_swept,0.6216550153281953,0.5383282268849607,0.5967604280851909,0.5240415476042573,0.13636363636363635,0.12780269058295965,0.13194444444444445,0.8470532254775338,0.1422193302279977,0.05232872725753326,19.27,9.77,completed,,md_K5_matched,markov_diffusion,markov_diffusion_h2_k10_t0_perhop_K5_matched_cosine,5.0,matched_cosine,results/flag_md/text/md_K5_matched,results/flag_md/text/md_K5_matched/reddit__pmp__text__s1i0__b1ed2b3bc5f6.json,Sentence-BERT of raw node text (384d),False
e2a89c413d9a,2026-09-19T11:47:39+00:00,14eedbd784f43524589dcc9c848191495f337851-dirty,reddit,pmp,text,flag_bundled,"partial - fraud/benign partition present, but applied to the aggregated mean rather than per-neighbour before aggregation",adapted,1,1,cpu,torch 2.14.0+cu130,3.12.14,Linux-5.15.0-119-generic-x86_64-with-glibc2.39,benchmark-v1,,False,5,5,False,0.15,validation_swept,0.6310345815545941,0.5378423507684664,0.600925140084929,0.5183519331013828,0.12834591626630062,0.2795216741405082,0.17591721542803387,0.761810889810346,0.14669419016542384,0.04951129211300323,19.18,9.7,completed,,md_K5_matched,markov_diffusion,markov_diffusion_h2_k10_t0_perhop_K5_matched_cosine,5.0,matched_cosine,results/flag_md/text/md_K5_matched,results/flag_md/text/md_K5_matched/reddit__pmp__text__s1i1__e2a89c413d9a.json,Sentence-BERT of raw node text (384d),False
240ffc58d59b,2026-09-19T11:48:12+00:00,14eedbd784f43524589dcc9c848191495f337851-dirty,reddit,pmp,text,flag_bundled,"partial - fraud/benign partition present, but applied to the aggregated mean rather than per-neighbour before aggregation",adapted,2,0,cpu,torch 2.14.0+cu130,3.12.14,Linux-5.15.0-119-generic-x86_64-with-glibc2.39,benchmark-v1,,False,4,5,False,0.15,validation_swept,0.6324384723376214,0.5428216283405842,0.6029733627659506,0.5186533771894662,0.12333036509349955,0.2070254110612855,0.15457589285714285,0.7940316769764122,0.15536564594770025,0.04798298692774389,19.2,9.64,completed,,md_K5_matched,markov_diffusion,markov_diffusion_h2_k10_t0_perhop_K5_matched_cosine,5.0,matched_cosine,results/flag_md/text/md_K5_matched,results/flag_md/text/md_K5_matched/reddit__pmp__text__s2i0__240ffc58d59b.json,Sentence-BERT of raw node text (384d),False
ea632f215af7,2026-09-19T11:48:45+00:00,14eedbd784f43524589dcc9c848191495f337851-dirty,reddit,pmp,text,flag_bundled,"partial - fraud/benign partition present, but applied to the aggregated mean rather than per-neighbour before aggregation",adapted,2,1,cpu,torch 2.14.0+cu130,3.12.14,Linux-5.15.0-119-generic-x86_64-with-glibc2.39,benchmark-v1,,False,1,5,False,0.15,validation_swept,0.5979965905509556,0.5372965675407669,0.599153057769727,0.5212766548927263,0.12842190016103058,0.2384155455904335,0.16692830978545264,0.7835633199646523,0.15266001806061943,0.016039369375068637,19.32,9.71,completed,,md_K5_matched,markov_diffusion,markov_diffusion_h2_k10_t0_perhop_K5_matched_cosine,5.0,matched_cosine,results/flag_md/text/md_K5_matched,results/flag_md/text/md_K5_matched/reddit__pmp__text__s2i1__ea632f215af7.json,Sentence-BERT of raw node text (384d),False
75cd3caeddeb,2026-09-19T11:49:18+00:00,14eedbd784f43524589dcc9c848191495f337851-dirty,reddit,pmp,text,flag_bundled,"partial - fraud/benign partition present, but applied to the aggregated mean rather than per-neighbour before aggregation",adapted,3,0,cpu,torch 2.14.0+cu130,3.12.14,Linux-5.15.0-119-generic-x86_64-with-glibc2.39,benchmark-v1,,False,5,5,False,0.2,validation_swept,0.6084398189267398,0.5310531788472965,0.5948897321947029,0.5138170062409576,0.12023898431665422,0.2406576980568012,0.1603585657370518,0.7707837672489973,0.1481005443782326,0.05345837149447834,19.23,9.68,completed,,md_K5_matched,markov_diffusion,markov_diffusion_h2_k10_t0_perhop_K5_matched_cosine,5.0,matched_cosine,results/flag_md/text/md_K5_matched,results/flag_md/text/md_K5_matched/reddit__pmp__text__s3i0__75cd3caeddeb.json,Sentence-BERT of raw node text (384d),False
2c31c29722e4,2026-09-19T11:49:51+00:00,14eedbd784f43524589dcc9c848191495f337851-dirty,reddit,pmp,text,flag_bundled,"partial - fraud/benign partition present, but applied to the aggregated mean rather than per-neighbour before aggregation",adapted,3,1,cpu,torch 2.14.0+cu130,3.12.14,Linux-5.15.0-119-generic-x86_64-with-glibc2.39,benchmark-v1,,False,3,5,False,0.15,validation_swept,0.6302395209580838,0.5482327058333777,0.6116411858577234,0.5260022347712829,0.13586751975912684,0.26980568011958145,0.18072590738423028,0.7775134253279858,0.17222507434999712,0.03746653277706865,19.25,9.68,completed,,md_K5_matched,markov_diffusion,markov_diffusion_h2_k10_t0_perhop_K5_matched_cosine,5.0,matched_cosine,results/flag_md/text/md_K5_matched,results/flag_md/text/md_K5_matched/reddit__pmp__text__s3i1__2c31c29722e4.json,Sentence-BERT of raw node text (384d),False
45194c941762,2026-09-19T11:54:40+00:00,14eedbd784f43524589dcc9c848191495f337851-dirty,instagram,bwgnn,flag,flag_bundled,"beta-wavelet basis NOT applied - the polynomial is evaluated over raw adjacency A, not the normalised Laplacian, so it is not a beta wavelet. Theta coefficients themselves are correct.",approximation,0,0,cpu,torch 2.14.0+cu130,3.12.14,Linux-5.15.0-119-generic-x86_64-with-glibc2.39,benchmark-v1,google/gemma-2-9b-it,False,2,5,False,0.15,validation_swept,0.6077639273622653,0.5551820728291317,0.5868193328623938,0.5377613117041689,0.15476190476190477,0.17993079584775087,0.1664,0.8361119849009122,0.12525951557093423,0.012321928945803912,19.09,9.1,completed,,cosine,semantic,semantic_h2_k10_t0_perhop,,,results/flag_md/flag/cosine,results/flag_md/flag/cosine/instagram__bwgnn__flag__s0i0__45194c941762.json,"dual-branch: raw text (384d) + LLM discriminative text (384d), attention-fused (models.py:DualGNN)",False
f9e539172cfb,2026-09-19T11:55:12+00:00,14eedbd784f43524589dcc9c848191495f337851-dirty,instagram,bwgnn,flag,flag_bundled,"beta-wavelet basis NOT applied - the polynomial is evaluated over raw adjacency A, not the normalised Laplacian, so it is not a beta wavelet. Theta coefficients themselves are correct.",approximation,0,1,cpu,torch 2.14.0+cu130,3.12.14,Linux-5.15.0-119-generic-x86_64-with-glibc2.39,benchmark-v1,google/gemma-2-9b-it,False,3,5,False,0.15,validation_swept,0.6454870729455217,0.5799975396727765,0.5677295231139474,0.5261974740652186,0.1716171617161716,0.08996539792387544,0.11804767309875142,0.8777917584145958,0.12387543252595157,0.04204884204839465,18.55,9.01,completed,,cosine,semantic,semantic_h2_k10_t0_perhop,,,results/flag_md/flag/cosine,results/flag_md/flag/cosine/instagram__bwgnn__flag__s0i1__f9e539172cfb.json,"dual-branch: raw text (384d) + LLM discriminative text (384d), attention-fused (models.py:DualGNN)",False
71f4643ee825,2026-09-19T11:55:42+00:00,14eedbd784f43524589dcc9c848191495f337851-dirty,instagram,bwgnn,flag,flag_bundled,"beta-wavelet basis NOT applied - the polynomial is evaluated over raw adjacency A, not the normalised Laplacian, so it is not a beta wavelet. Theta coefficients themselves are correct.",approximation,1,0,cpu,torch 2.14.0+cu130,3.12.14,Linux-5.15.0-119-generic-x86_64-with-glibc2.39,benchmark-v1,google/gemma-2-9b-it,False,2,5,False,0.2,validation_swept,0.6207679285934133,0.5592844028862987,0.5896966032494821,0.5343785162233079,0.189873417721519,0.10380622837370242,0.1342281879194631,0.8782636049072036,0.1283737024221453,0.020630315543228823,18.2,9.16,completed,,cosine,semantic,semantic_h2_k10_t0_perhop,,,results/flag_md/flag/cosine,results/flag_md/flag/cosine/instagram__bwgnn__flag__s1i0__71f4643ee825.json,"dual-branch: raw text (384d) + LLM discriminative text (384d), attention-fused (models.py:DualGNN)",False
63400e9c5f5a,2026-09-19T11:56:12+00:00,14eedbd784f43524589dcc9c848191495f337851-dirty,instagram,bwgnn,flag,flag_bundled,"beta-wavelet basis NOT applied - the polynomial is evaluated over raw adjacency A, not the normalised Laplacian, so it is not a beta wavelet. Theta coefficients themselves are correct.",approximation,1,1,cpu,torch 2.14.0+cu130,3.12.14,Linux-5.15.0-119-generic-x86_64-with-glibc2.39,benchmark-v1,google/gemma-2-9b-it,False,3,5,False,0.2,validation_swept,0.5893351800554018,0.5632036968150598,0.5714224566276744,0.5328549386495555,0.15889830508474576,0.12975778546712802,0.14285714285714285,0.8584460522176786,0.10830449826989619,0.027750778100195536,18.84,9.19,completed,,cosine,semantic,semantic_h2_k10_t0_perhop,,,results/flag_md/flag/cosine,results/flag_md/flag/cosine/instagram__bwgnn__flag__s1i1__63400e9c5f5a.json,"dual-branch: raw text (384d) + LLM discriminative text (384d), attention-fused (models.py:DualGNN)",False
d8b036f8d6b8,2026-09-19T11:56:42+00:00,14eedbd784f43524589dcc9c848191495f337851-dirty,instagram,bwgnn,flag,flag_bundled,"beta-wavelet basis NOT applied - the polynomial is evaluated over raw adjacency A, not the normalised Laplacian, so it is not a beta wavelet. Theta coefficients themselves are correct.",approximation,2,0,cpu,torch 2.14.0+cu130,3.12.14,Linux-5.15.0-119-generic-x86_64-with-glibc2.39,benchmark-v1,google/gemma-2-9b-it,False,4,5,False,0.2,validation_swept,0.5878154816866729,0.542992992992993,0.5677055770405047,0.5158249683235407,0.15384615384615385,0.06920415224913495,0.0954653937947494,0.8807801195344448,0.10501730103806228,0.025828427145156242,18.23,9.03,completed,,cosine,semantic,semantic_h2_k10_t0_perhop,,,results/flag_md/flag/cosine,results/flag_md/flag/cosine/instagram__bwgnn__flag__s2i0__d8b036f8d6b8.json,"dual-branch: raw text (384d) + LLM discriminative text (384d), attention-fused (models.py:DualGNN)",False
001e8054fab9,2026-09-19T11:57:12+00:00,14eedbd784f43524589dcc9c848191495f337851-dirty,instagram,bwgnn,flag,flag_bundled,"beta-wavelet basis NOT applied - the polynomial is evaluated over raw adjacency A, not the normalised Laplacian, so it is not a beta wavelet. Theta coefficients themselves are correct.",approximation,2,1,cpu,torch 2.14.0+cu130,3.12.14,Linux-5.15.0-119-generic-x86_64-with-glibc2.39,benchmark-v1,google/gemma-2-9b-it,False,1,5,False,0.15,validation_swept,0.6399276700523239,0.5599714986936901,0.5631043390285078,0.522321400284409,0.17374517374517376,0.07785467128027682,0.10752688172043011,0.8825102233406732,0.12370242214532878,0.033258356697625675,18.01,8.95,completed,,cosine,semantic,semantic_h2_k10_t0_perhop,,,results/flag_md/flag/cosine,results/flag_md/flag/cosine/instagram__bwgnn__flag__s2i1__001e8054fab9.json,"dual-branch: raw text (384d) + LLM discriminative text (384d), attention-fused (models.py:DualGNN)",False
572d9c456140,2026-09-19T11:57:42+00:00,14eedbd784f43524589dcc9c848191495f337851-dirty,instagram,bwgnn,flag,flag_bundled,"beta-wavelet basis NOT applied - the polynomial is evaluated over raw adjacency A, not the normalised Laplacian, so it is not a beta wavelet. Theta coefficients themselves are correct.",approximation,3,0,cpu,torch 2.14.0+cu130,3.12.14,Linux-5.15.0-119-generic-x86_64-with-glibc2.39,benchmark-v1,google/gemma-2-9b-it,False,2,5,False,0.15,validation_swept,0.6091874422899354,0.5472672113237604,0.5825817758408065,0.5339129072681704,0.14705882352941177,0.18166089965397925,0.16253869969040247,0.829820698332809,0.12214532871972328,0.012657294469379028,18.31,8.96,completed,,cosine,semantic,semantic_h2_k10_t0_perhop,,,results/flag_md/flag/cosine,results/flag_md/flag/cosine/instagram__bwgnn__flag__s3i0__572d9c456140.json,"dual-branch: raw text (384d) + LLM discriminative text (384d), attention-fused (models.py:DualGNN)",False
1693657894c1,2026-09-19T11:58:11+00:00,14eedbd784f43524589dcc9c848191495f337851-dirty,instagram,bwgnn,flag,flag_bundled,"beta-wavelet basis NOT applied - the polynomial is evaluated over raw adjacency A, not the normalised Laplacian, so it is not a beta wavelet. Theta coefficients themselves are correct.",approximation,3,1,cpu,torch 2.14.0+cu130,3.12.14,Linux-5.15.0-119-generic-x86_64-with-glibc2.39,benchmark-v1,google/gemma-2-9b-it,False,3,5,False,0.1,validation_swept,0.644909972299169,0.5600574861911936,0.5914895654984973,0.5369998226622547,0.1497584541062802,0.21453287197231835,0.1763869132290185,0.817867253853413,0.1365051903114186,0.033075827952926566,18.25,8.94,completed,,cosine,semantic,semantic_h2_k10_t0_perhop,,,results/flag_md/flag/cosine,results/flag_md/flag/cosine/instagram__bwgnn__flag__s3i1__1693657894c1.json,"dual-branch: raw text (384d) + LLM discriminative text (384d), attention-fused (models.py:DualGNN)",False
49ee06635220,2026-09-19T11:54:40+00:00,14eedbd784f43524589dcc9c848191495f337851-dirty,instagram,care_gnn,flag,flag_bundled,"NOT CARE-GNN - no RL neighbour filtering, no label-aware similarity, no multi-relation aggregation. A similarity-gated mean aggregator.",approximation,0,0,cpu,torch 2.14.0+cu130,3.12.14,Linux-5.15.0-119-generic-x86_64-with-glibc2.39,benchmark-v1,google/gemma-2-9b-it,False,2,5,False,0.15,validation_swept,0.6689365958756541,0.584206116464181,0.6192162749488153,0.537924758763894,0.15220949263502456,0.3217993079584775,0.20666666666666667,0.7754010695187166,0.18633217993079576,0.025923404380322857,23.52,10.38,completed,,cosine,semantic,semantic_h2_k10_t0_perhop,,,results/flag_md/flag/cosine,results/flag_md/flag/cosine/instagram__care_gnn__flag__s0i0__49ee06635220.json,"dual-branch: raw text (384d) + LLM discriminative text (384d), attention-fused (models.py:DualGNN)",False
1cbe26ea2b53,2026-09-19T11:55:18+00:00,14eedbd784f43524589dcc9c848191495f337851-dirty,instagram,care_gnn,flag,flag_bundled,"NOT CARE-GNN - no RL neighbour filtering, no label-aware similarity, no multi-relation aggregation. A similarity-gated mean aggregator.",approximation,0,1,cpu,torch 2.14.0+cu130,3.12.14,Linux-5.15.0-119-generic-x86_64-with-glibc2.39,benchmark-v1,google/gemma-2-9b-it,False,4,5,False,0.25,validation_swept,0.6037049861495845,0.5703463203463204,0.5956296919337651,0.5412579715452657,0.17841409691629956,0.14013840830449828,0.1569767441860465,0.8631645171437559,0.16453287197231836,0.0440419175726259,21.49,10.23,completed,,cosine,semantic,semantic_h2_k10_t0_perhop,,,results/flag_md/flag/cosine,results/flag_md/flag/cosine/instagram__care_gnn__flag__s0i1__1cbe26ea2b53.json,"dual-branch: raw text (384d) + LLM discriminative text (384d), attention-fused (models.py:DualGNN)",False
9061935e6e5c,2026-09-19T11:55:52+00:00,14eedbd784f43524589dcc9c848191495f337851-dirty,instagram,care_gnn,flag,flag_bundled,"NOT CARE-GNN - no RL neighbour filtering, no label-aware similarity, no multi-relation aggregation. A similarity-gated mean aggregator.",approximation,1,0,cpu,torch 2.14.0+cu130,3.12.14,Linux-5.15.0-119-generic-x86_64-with-glibc2.39,benchmark-v1,google/gemma-2-9b-it,False,4,5,False,0.25,validation_swept,0.6030124653739612,0.5775895109575484,0.5988285880197796,0.550626656399358,0.19301848049281314,0.16262975778546712,0.17652582159624414,0.8620635419943379,0.16262975778546707,0.04752559292113474,21.36,10.47,completed,,cosine,semantic,semantic_h2_k10_t0_perhop,,,results/flag_md/flag/cosine,results/flag_md/flag/cosine/instagram__care_gnn__flag__s1i0__9061935e6e5c.json,"dual-branch: raw text (384d) + LLM discriminative text (384d), attention-fused (models.py:DualGNN)",False
52b9e58890ef,2026-09-19T11:56:27+00:00,14eedbd784f43524589dcc9c848191495f337851-dirty,instagram,care_gnn,flag,flag_bundled,"NOT CARE-GNN - no RL neighbour filtering, no label-aware similarity, no multi-relation aggregation. A similarity-gated mean aggregator.",approximation,1,1,cpu,torch 2.14.0+cu130,3.12.14,Linux-5.15.0-119-generic-x86_64-with-glibc2.39,benchmark-v1,google/gemma-2-9b-it,False,1,5,False,0.15,validation_swept,0.6489881502000616,0.5734851740438333,0.6172024101722919,0.5353365645240954,0.1489071038251366,0.18858131487889274,0.166412213740458,0.8282478766907833,0.19065743944636682,0.004442711336143886,21.55,10.2,completed,,cosine,semantic,semantic_h2_k10_t0_perhop,,,results/flag_md/flag/cosine,results/flag_md/flag/cosine/instagram__care_gnn__flag__s1i1__52b9e58890ef.json,"dual-branch: raw text (384d) + LLM discriminative text (384d), attention-fused (models.py:DualGNN)",False
c145a0d3e785,2026-09-19T11:57:01+00:00,14eedbd784f43524589dcc9c848191495f337851-dirty,instagram,care_gnn,flag,flag_bundled,"NOT CARE-GNN - no RL neighbour filtering, no label-aware similarity, no multi-relation aggregation. A similarity-gated mean aggregator.",approximation,2,0,cpu,torch 2.14.0+cu130,3.12.14,Linux-5.15.0-119-generic-x86_64-with-glibc2.39,benchmark-v1,google/gemma-2-9b-it,False,5,5,False,0.1,validation_swept,0.6080909510618653,0.5873263368315842,0.6011655751248189,0.5490596124708199,0.1772357723577236,0.18858131487889274,0.18273260687342832,0.846649889902485,0.16660899653979233,0.046955969725186494,21.2,10.18,completed,,cosine,semantic,semantic_h2_k10_t0_perhop,,,results/flag_md/flag/cosine,results/flag_md/flag/cosine/instagram__care_gnn__flag__s2i0__c145a0d3e785.json,"dual-branch: raw text (384d) + LLM discriminative text (384d), attention-fused (models.py:DualGNN)",False
51503b3bc565,2026-09-19T11:57:35+00:00,14eedbd784f43524589dcc9c848191495f337851-dirty,instagram,care_gnn,flag,flag_bundled,"NOT CARE-GNN - no RL neighbour filtering, no label-aware similarity, no multi-relation aggregation. A similarity-gated mean aggregator.",approximation,2,1,cpu,torch 2.14.0+cu130,3.12.14,Linux-5.15.0-119-generic-x86_64-with-glibc2.39,benchmark-v1,google/gemma-2-9b-it,False,5,5,False,0.1,validation_swept,0.5963565712526931,0.5690826330532213,0.5935580572550616,0.5437832250883269,0.16198125836680052,0.2093425605536332,0.18264150943396226,0.8296634161686065,0.15276816608996535,0.05083727069298617,21.19,10.23,completed,,cosine,semantic,semantic_h2_k10_t0_perhop,,,results/flag_md/flag/cosine,results/flag_md/flag/cosine/instagram__care_gnn__flag__s2i1__51503b3bc565.json,"dual-branch: raw text (384d) + LLM discriminative text (384d), attention-fused (models.py:DualGNN)",False
d202fa8f18b1,2026-09-19T11:58:09+00:00,14eedbd784f43524589dcc9c848191495f337851-dirty,instagram,care_gnn,flag,flag_bundled,"NOT CARE-GNN - no RL neighbour filtering, no label-aware similarity, no multi-relation aggregation. A similarity-gated mean aggregator.",approximation,3,0,cpu,torch 2.14.0+cu130,3.12.14,Linux-5.15.0-119-generic-x86_64-with-glibc2.39,benchmark-v1,google/gemma-2-9b-it,False,1,5,False,0.1,validation_swept,0.6747460757156047,0.6009067166017839,0.6206907544210438,0.533294641653103,0.14777947932618682,0.33391003460207613,0.20488322717622082,0.764391318024536,0.19861591695501735,0.01491993370742192,21.43,10.26,completed,,cosine,semantic,semantic_h2_k10_t0_perhop,,,results/flag_md/flag/cosine,results/flag_md/flag/cosine/instagram__care_gnn__flag__s3i0__d202fa8f18b1.json,"dual-branch: raw text (384d) + LLM discriminative text (384d), attention-fused (models.py:DualGNN)",False
916f8a2ce9c1,2026-09-19T11:58:43+00:00,14eedbd784f43524589dcc9c848191495f337851-dirty,instagram,care_gnn,flag,flag_bundled,"NOT CARE-GNN - no RL neighbour filtering, no label-aware similarity, no multi-relation aggregation. A similarity-gated mean aggregator.",approximation,3,1,cpu,torch 2.14.0+cu130,3.12.14,Linux-5.15.0-119-generic-x86_64-with-glibc2.39,benchmark-v1,google/gemma-2-9b-it,False,4,5,False,0.2,validation_swept,0.6157856263465682,0.5769928966061563,0.5999208282946804,0.5429851483818671,0.16778523489932887,0.17301038062283736,0.17035775127768313,0.8468071720666877,0.17508650519031144,0.023121201021191896,21.92,10.6,completed,,cosine,semantic,semantic_h2_k10_t0_perhop,,,results/flag_md/flag/cosine,results/flag_md/flag/cosine/instagram__care_gnn__flag__s3i1__916f8a2ce9c1.json,"dual-branch: raw text (384d) + LLM discriminative text (384d), attention-fused (models.py:DualGNN)",False
803a07d3fbc9,2026-09-19T11:59:22+00:00,14eedbd784f43524589dcc9c848191495f337851-dirty,instagram,dga_gnn,flag,flag_bundled,"NOT DGA-GNN - no decision-tree dynamic grouping, no bidirectional grouped aggregation. GraphSAGE-mean.",approximation,0,0,cpu,torch 2.14.0+cu130,3.12.14,Linux-5.15.0-119-generic-x86_64-with-glibc2.39,benchmark-v1,google/gemma-2-9b-it,False,5,5,False,0.2,validation_swept,0.5606148045552478,0.5506268851498465,0.6021695142539002,0.5352755720462616,0.208955223880597,0.09688581314878893,0.13238770685579196,0.8845548914753067,0.1742214532871973,0.03195888589766818,16.77,7.16,completed,,cosine,semantic,semantic_h2_k10_t0_perhop,,,results/flag_md/flag/cosine,results/flag_md/flag/cosine/instagram__dga_gnn__flag__s0i0__803a07d3fbc9.json,"dual-branch: raw text (384d) + LLM discriminative text (384d), attention-fused (models.py:DualGNN)",False
0fe5ee943dd9,2026-09-19T11:59:50+00:00,14eedbd784f43524589dcc9c848191495f337851-dirty,instagram,dga_gnn,flag,flag_bundled,"NOT DGA-GNN - no decision-tree dynamic grouping, no bidirectional grouped aggregation. GraphSAGE-mean.",approximation,0,1,cpu,torch 2.14.0+cu130,3.12.14,Linux-5.15.0-119-generic-x86_64-with-glibc2.39,benchmark-v1,google/gemma-2-9b-it,False,5,5,False,0.15,validation_swept,0.5674823022468451,0.5378255722178373,0.6014662480094828,0.545711677593248,0.1731748726655348,0.17647058823529413,0.17480719794344474,0.848537275872916,0.17681660899653973,0.034973846781287454,16.6,7.17,completed,,cosine,semantic,semantic_h2_k10_t0_perhop,,,results/flag_md/flag/cosine,results/flag_md/flag/cosine/instagram__dga_gnn__flag__s0i1__0fe5ee943dd9.json,"dual-branch: raw text (384d) + LLM discriminative text (384d), attention-fused (models.py:DualGNN)",False
223d61426d37,2026-09-19T12:00:16+00:00,14eedbd784f43524589dcc9c848191495f337851-dirty,instagram,dga_gnn,flag,flag_bundled,"NOT DGA-GNN - no decision-tree dynamic grouping, no bidirectional grouped aggregation. GraphSAGE-mean.",approximation,1,0,cpu,torch 2.14.0+cu130,3.12.14,Linux-5.15.0-119-generic-x86_64-with-glibc2.39,benchmark-v1,google/gemma-2-9b-it,False,3,5,False,0.1,validation_swept,0.6226915974145891,0.554891641275243,0.6057638198776356,0.53728567750625,0.15030946065428824,0.29411764705882354,0.1989467524868344,0.7846807172066688,0.1721453287197232,0.032614075997976145,17.0,7.38,completed,,cosine,semantic,semantic_h2_k10_t0_perhop,,,results/flag_md/flag/cosine,results/flag_md/flag/cosine/instagram__dga_gnn__flag__s1i0__223d61426d37.json,"dual-branch: raw text (384d) + LLM discriminative text (384d), attention-fused (models.py:DualGNN)",False
02eaa8555ef7,2026-09-19T12:00:42+00:00,14eedbd784f43524589dcc9c848191495f337851-dirty,instagram,dga_gnn,flag,flag_bundled,"NOT DGA-GNN - no decision-tree dynamic grouping, no bidirectional grouped aggregation. GraphSAGE-mean.",approximation,1,1,cpu,torch 2.14.0+cu130,3.12.14,Linux-5.15.0-119-generic-x86_64-with-glibc2.39,benchmark-v1,google/gemma-2-9b-it,False,3,5,False,0.15,validation_swept,0.5818713450292398,0.5317741129435283,0.6018212485482693,0.5465236971398271,0.1771019677996422,0.17128027681660898,0.1741424802110818,0.8523120478137779,0.15588235294117642,0.014534021103294723,16.69,7.22,completed,,cosine,semantic,semantic_h2_k10_t0_perhop,,,results/flag_md/flag/cosine,results/flag_md/flag/cosine/instagram__dga_gnn__flag__s1i1__02eaa8555ef7.json,"dual-branch: raw text (384d) + LLM discriminative text (384d), attention-fused (models.py:DualGNN)",False
1fca2f3a236b,2026-09-19T12:01:08+00:00,14eedbd784f43524589dcc9c848191495f337851-dirty,instagram,dga_gnn,flag,flag_bundled,"NOT DGA-GNN - no decision-tree dynamic grouping, no bidirectional grouped aggregation. GraphSAGE-mean.",approximation,2,0,cpu,torch 2.14.0+cu130,3.12.14,Linux-5.15.0-119-generic-x86_64-with-glibc2.39,benchmark-v1,google/gemma-2-9b-it,False,3,5,False,0.15,validation_swept,0.5524199753770391,0.5591724621588452,0.584643532764215,0.5386485260770975,0.15625,0.18166089965397925,0.168,0.8364265492293174,0.13564013840830447,0.018711018187239123,16.5,7.48,completed,,cosine,semantic,semantic_h2_k10_t0_perhop,,,results/flag_md/flag/cosine,results/flag_md/flag/cosine/instagram__dga_gnn__flag__s2i0__1fca2f3a236b.json,"dual-branch: raw text (384d) + LLM discriminative text (384d), attention-fused (models.py:DualGNN)",False
cc2f5901bd49,2026-09-19T12:01:35+00:00,14eedbd784f43524589dcc9c848191495f337851-dirty,instagram,dga_gnn,flag,flag_bundled,"NOT DGA-GNN - no decision-tree dynamic grouping, no bidirectional grouped aggregation. GraphSAGE-mean.",approximation,2,1,cpu,torch 2.14.0+cu130,3.12.14,Linux-5.15.0-119-generic-x86_64-with-glibc2.39,benchmark-v1,google/gemma-2-9b-it,False,1,5,False,0.2,validation_swept,0.6131309633733456,0.5441148325358851,0.6076593012535769,0.5190929393428576,0.1394736842105263,0.09169550173010381,0.11064718162839249,0.8659955960994024,0.1901384083044983,0.054113188425103015,17.21,7.63,completed,,cosine,semantic,semantic_h2_k10_t0_perhop,,,results/flag_md/flag/cosine,results/flag_md/flag/cosine/instagram__dga_gnn__flag__s2i1__cc2f5901bd49.json,"dual-branch: raw text (384d) + LLM discriminative text (384d), attention-fused (models.py:DualGNN)",False
2cc5b6e911f2,2026-09-19T12:02:02+00:00,14eedbd784f43524589dcc9c848191495f337851-dirty,instagram,dga_gnn,flag,flag_bundled,"NOT DGA-GNN - no decision-tree dynamic grouping, no bidirectional grouped aggregation. GraphSAGE-mean.",approximation,3,0,cpu,torch 2.14.0+cu130,3.12.14,Linux-5.15.0-119-generic-x86_64-with-glibc2.39,benchmark-v1,google/gemma-2-9b-it,False,3,5,False,0.1,validation_swept,0.6118421052631579,0.5644670237635062,0.6130817399216963,0.5438886902307486,0.15859449192782527,0.2889273356401384,0.20478234212139793,0.7960050330292545,0.1740484429065744,0.033624705247961524,18.03,7.95,completed,,cosine,semantic,semantic_h2_k10_t0_perhop,,,results/flag_md/flag/cosine,results/flag_md/flag/cosine/instagram__dga_gnn__flag__s3i0__2cc5b6e911f2.json,"dual-branch: raw text (384d) + LLM discriminative text (384d), attention-fused (models.py:DualGNN)",False
70dac8272c3d,2026-09-19T12:02:30+00:00,14eedbd784f43524589dcc9c848191495f337851-dirty,instagram,dga_gnn,flag,flag_bundled,"NOT DGA-GNN - no decision-tree dynamic grouping, no bidirectional grouped aggregation. GraphSAGE-mean.",approximation,3,1,cpu,torch 2.14.0+cu130,3.12.14,Linux-5.15.0-119-generic-x86_64-with-glibc2.39,benchmark-v1,google/gemma-2-9b-it,False,3,5,False,0.15,validation_swept,0.5894506001846722,0.5924777761809933,0.6072887357670526,0.5413053302191473,0.1684981684981685,0.15916955017301038,0.16370106761565836,0.8521547656495754,0.18391003460207617,0.017736260076718455,17.28,7.54,completed,,cosine,semantic,semantic_h2_k10_t0_perhop,,,results/flag_md/flag/cosine,results/flag_md/flag/cosine/instagram__dga_gnn__flag__s3i1__70dac8272c3d.json,"dual-branch: raw text (384d) + LLM discriminative text (384d), attention-fused (models.py:DualGNN)",False
7747af4740a3,2026-09-19T11:54:40+00:00,14eedbd784f43524589dcc9c848191495f337851-dirty,instagram,gat,flag,flag_bundled,"NOT canonical GAT - conv2 is a SAGEConv, not a GATConv, so the second layer performs no attention",adapted,0,0,cpu,torch 2.14.0+cu130,3.12.14,Linux-5.15.0-119-generic-x86_64-with-glibc2.39,benchmark-v1,google/gemma-2-9b-it,False,3,5,False,0.1,validation_swept,0.6079562942443829,0.5611048789608025,0.605014457441841,0.5305152053214548,0.1398354876615746,0.20588235294117646,0.16655003498950316,0.8126769424347279,0.1806228373702422,0.052645524624194945,25.57,10.45,completed,,cosine,semantic,semantic_h2_k10_t0_perhop,,,results/flag_md/flag/cosine,results/flag_md/flag/cosine/instagram__gat__flag__s0i0__7747af4740a3.json,"dual-branch: raw text (384d) + LLM discriminative text (384d), attention-fused (models.py:DualGNN)",False
2c35d05a52aa,2026-09-19T11:55:21+00:00,14eedbd784f43524589dcc9c848191495f337851-dirty,instagram,gat,flag,flag_bundled,"NOT canonical GAT - conv2 is a SAGEConv, not a GATConv, so the second layer performs no attention",adapted,0,1,cpu,torch 2.14.0+cu130,3.12.14,Linux-5.15.0-119-generic-x86_64-with-glibc2.39,benchmark-v1,google/gemma-2-9b-it,False,3,5,False,0.1,validation_swept,0.6081294244382887,0.5384056391250636,0.6036876953101615,0.5324858513248585,0.14299610894941633,0.25432525951557095,0.18306351183063513,0.7936458005662158,0.18892733564013836,0.04983915549242045,24.32,10.34,completed,,cosine,semantic,semantic_h2_k10_t0_perhop,,,results/flag_md/flag/cosine,results/flag_md/flag/cosine/instagram__gat__flag__s0i1__2c35d05a52aa.json,"dual-branch: raw text (384d) + LLM discriminative text (384d), attention-fused (models.py:DualGNN)",False
59745f78cb42,2026-09-19T11:55:58+00:00,14eedbd784f43524589dcc9c848191495f337851-dirty,instagram,gat,flag,flag_bundled,"NOT canonical GAT - conv2 is a SAGEConv, not a GATConv, so the second layer performs no attention",adapted,1,0,cpu,torch 2.14.0+cu130,3.12.14,Linux-5.15.0-119-generic-x86_64-with-glibc2.39,benchmark-v1,google/gemma-2-9b-it,False,2,5,False,0.1,validation_swept,0.6150931055709449,0.5472490142553836,0.6121981298116642,0.5440174242956509,0.1595022624434389,0.24394463667820068,0.19288645690834474,0.8144070462409563,0.17785467128027682,0.03422120011087298,24.28,10.49,completed,,cosine,semantic,semantic_h2_k10_t0_perhop,,,results/flag_md/flag/cosine,results/flag_md/flag/cosine/instagram__gat__flag__s1i0__59745f78cb42.json,"dual-branch: raw text (384d) + LLM discriminative text (384d), attention-fused (models.py:DualGNN)",False
9fb91afa993e,2026-09-19T11:56:35+00:00,14eedbd784f43524589dcc9c848191495f337851-dirty,instagram,gat,flag,flag_bundled,"NOT canonical GAT - conv2 is a SAGEConv, not a GATConv, so the second layer performs no attention",adapted,1,1,cpu,torch 2.14.0+cu130,3.12.14,Linux-5.15.0-119-generic-x86_64-with-glibc2.39,benchmark-v1,google/gemma-2-9b-it,False,5,5,False,0.49999999999999994,validation_swept,0.5702331486611265,0.5581097103588453,0.5614053651177549,0.5428223607643006,0.16639477977161501,0.17647058823529413,0.1712846347607053,0.8447625039320541,0.1217993079584776,0.08594668278616822,24.35,10.35,completed,,cosine,semantic,semantic_h2_k10_t0_perhop,,,results/flag_md/flag/cosine,results/flag_md/flag/cosine/instagram__gat__flag__s1i1__9fb91afa993e.json,"dual-branch: raw text (384d) + LLM discriminative text (384d), attention-fused (models.py:DualGNN)",False
59ee9dadb2eb,2026-09-19T11:57:12+00:00,14eedbd784f43524589dcc9c848191495f337851-dirty,instagram,gat,flag,flag_bundled,"NOT canonical GAT - conv2 is a SAGEConv, not a GATConv, so the second layer performs no attention",adapted,2,0,cpu,torch 2.14.0+cu130,3.12.14,Linux-5.15.0-119-generic-x86_64-with-glibc2.39,benchmark-v1,google/gemma-2-9b-it,False,2,5,False,0.15,validation_swept,0.6342720837180671,0.5634233803490318,0.6186448617712911,0.5531029370835913,0.17204301075268819,0.2768166089965398,0.21220159151193635,0.8131487889273357,0.18875432525951552,0.015460935092292983,24.26,10.3,completed,,cosine,semantic,semantic_h2_k10_t0_perhop,,,results/flag_md/flag/cosine,results/flag_md/flag/cosine/instagram__gat__flag__s2i0__59ee9dadb2eb.json,"dual-branch: raw text (384d) + LLM discriminative text (384d), attention-fused (models.py:DualGNN)",False
4756d76353ea,2026-09-19T11:57:49+00:00,14eedbd784f43524589dcc9c848191495f337851-dirty,instagram,gat,flag,flag_bundled,"NOT canonical GAT - conv2 is a SAGEConv, not a GATConv, so the second layer performs no attention",adapted,2,1,cpu,torch 2.14.0+cu130,3.12.14,Linux-5.15.0-119-generic-x86_64-with-glibc2.39,benchmark-v1,google/gemma-2-9b-it,False,2,5,False,0.2,validation_swept,0.6339835333948907,0.5786088911088911,0.6157168556410962,0.5439838729614206,0.17922606924643583,0.1522491349480969,0.1646398503274088,0.8595470273670965,0.1859861591695502,0.021419295493147725,24.0,10.39,completed,,cosine,semantic,semantic_h2_k10_t0_perhop,,,results/flag_md/flag/cosine,results/flag_md/flag/cosine/instagram__gat__flag__s2i1__4756d76353ea.json,"dual-branch: raw text (384d) + LLM discriminative text (384d), attention-fused (models.py:DualGNN)",False
01697822e642,2026-09-19T11:58:26+00:00,14eedbd784f43524589dcc9c848191495f337851-dirty,instagram,gat,flag,flag_bundled,"NOT canonical GAT - conv2 is a SAGEConv, not a GATConv, so the second layer performs no attention",adapted,3,0,cpu,torch 2.14.0+cu130,3.12.14,Linux-5.15.0-119-generic-x86_64-with-glibc2.39,benchmark-v1,google/gemma-2-9b-it,False,2,5,False,0.1,validation_swept,0.6507386888273314,0.574010590858417,0.6146548472839166,0.5393727593830652,0.15254237288135594,0.28027681660899656,0.1975609756097561,0.7930166719094055,0.16937716262975783,0.030291597730576464,24.22,10.32,completed,,cosine,semantic,semantic_h2_k10_t0_perhop,,,results/flag_md/flag/cosine,results/flag_md/flag/cosine/instagram__gat__flag__s3i0__01697822e642.json,"dual-branch: raw text (384d) + LLM discriminative text (384d), attention-fused (models.py:DualGNN)",False
9eba195de525,2026-09-19T11:59:04+00:00,14eedbd784f43524589dcc9c848191495f337851-dirty,instagram,gat,flag,flag_bundled,"NOT canonical GAT - conv2 is a SAGEConv, not a GATConv, so the second layer performs no attention",adapted,3,1,cpu,torch 2.14.0+cu130,3.12.14,Linux-5.15.0-119-generic-x86_64-with-glibc2.39,benchmark-v1,google/gemma-2-9b-it,False,2,5,False,0.15,validation_swept,0.63277162203755,0.5522237131244774,0.6166579363273907,0.5360622824020859,0.14777777777777779,0.2301038062283737,0.17997293640054127,0.8093740169864737,0.1908304498269896,0.01648551665499019,24.14,10.33,completed,,cosine,semantic,semantic_h2_k10_t0_perhop,,,results/flag_md/flag/cosine,results/flag_md/flag/cosine/instagram__gat__flag__s3i1__9eba195de525.json,"dual-branch: raw text (384d) + LLM discriminative text (384d), attention-fused (models.py:DualGNN)",False
a7fbeaae23ce,2026-09-19T12:03:04+00:00,14eedbd784f43524589dcc9c848191495f337851-dirty,instagram,gcn,flag,flag_bundled,faithful - two GCNConv layers plus the Eq. 6 skip,faithful,0,0,cpu,torch 2.14.0+cu130,3.12.14,Linux-5.15.0-119-generic-x86_64-with-glibc2.39,benchmark-v1,google/gemma-2-9b-it,False,2,5,False,0.25,validation_swept,0.6461603570329333,0.5837903225806452,0.6069449599501922,0.5398280802292263,0.22058823529411764,0.10380622837370242,0.1411764705882353,0.885184020132117,0.1557093425605537,0.025251993175171794,16.52,7.94,completed,,cosine,semantic,semantic_h2_k10_t0_perhop,,,results/flag_md/flag/cosine,results/flag_md/flag/cosine/instagram__gcn__flag__s0i0__a7fbeaae23ce.json,"dual-branch: raw text (384d) + LLM discriminative text (384d), attention-fused (models.py:DualGNN)",False
be40bab4b694,2026-09-19T12:03:33+00:00,14eedbd784f43524589dcc9c848191495f337851-dirty,instagram,gcn,flag,flag_bundled,faithful - two GCNConv layers plus the Eq. 6 skip,faithful,0,1,cpu,torch 2.14.0+cu130,3.12.14,Linux-5.15.0-119-generic-x86_64-with-glibc2.39,benchmark-v1,google/gemma-2-9b-it,False,4,5,False,0.25,validation_swept,0.6129193598030163,0.5775895109575484,0.5882559476059913,0.5392016769682721,0.1825,0.12629757785467127,0.1492842535787321,0.8691412393834539,0.12802768166089962,0.03662635595105606,16.15,7.95,completed,,cosine,semantic,semantic_h2_k10_t0_perhop,,,results/flag_md/flag/cosine,results/flag_md/flag/cosine/instagram__gcn__flag__s0i1__be40bab4b694.json,"dual-branch: raw text (384d) + LLM discriminative text (384d), attention-fused (models.py:DualGNN)",False
75f6ea4ab3b4,2026-09-19T12:04:00+00:00,14eedbd784f43524589dcc9c848191495f337851-dirty,instagram,gcn,flag,flag_bundled,faithful - two GCNConv layers plus the Eq. 6 skip,faithful,1,0,cpu,torch 2.14.0+cu130,3.12.14,Linux-5.15.0-119-generic-x86_64-with-glibc2.39,benchmark-v1,google/gemma-2-9b-it,False,1,5,False,0.15,validation_swept,0.6734379809172053,0.5927241161616161,0.6194686066977168,0.5444081097176372,0.15934627170582227,0.2698961937716263,0.2003853564547206,0.8041837055677886,0.18633217993079587,0.012319065249000878,16.09,7.95,completed,,cosine,semantic,semantic_h2_k10_t0_perhop,,,results/flag_md/flag/cosine,results/flag_md/flag/cosine/instagram__gcn__flag__s1i0__75f6ea4ab3b4.json,"dual-branch: raw text (384d) + LLM discriminative text (384d), attention-fused (models.py:DualGNN)",False
9dd2132dd94c,2026-09-19T12:04:26+00:00,14eedbd784f43524589dcc9c848191495f337851-dirty,instagram,gcn,flag,flag_bundled,faithful - two GCNConv layers plus the Eq. 6 skip,faithful,1,1,cpu,torch 2.14.0+cu130,3.12.14,Linux-5.15.0-119-generic-x86_64-with-glibc2.39,benchmark-v1,google/gemma-2-9b-it,False,2,5,False,0.2,validation_swept,0.6511234225915666,0.583074609365043,0.6053854719172423,0.5401698618215911,0.16275167785234898,0.16782006920415224,0.16524701873935263,0.8458634790814722,0.15570934256055363,0.023085005623565285,16.12,7.97,completed,,cosine,semantic,semantic_h2_k10_t0_perhop,,,results/flag_md/flag/cosine,results/flag_md/flag/cosine/instagram__gcn__flag__s1i1__9dd2132dd94c.json,"dual-branch: raw text (384d) + LLM discriminative text (384d), attention-fused (models.py:DualGNN)",False
f434ef7f0573,2026-09-19T12:04:52+00:00,14eedbd784f43524589dcc9c848191495f337851-dirty,instagram,gcn,flag,flag_bundled,faithful - two GCNConv layers plus the Eq. 6 skip,faithful,2,0,cpu,torch 2.14.0+cu130,3.12.14,Linux-5.15.0-119-generic-x86_64-with-glibc2.39,benchmark-v1,google/gemma-2-9b-it,False,3,5,False,0.25,validation_swept,0.6259041243459527,0.5827327327327327,0.5940806803079466,0.5415883358256782,0.16163141993957703,0.185121107266436,0.17258064516129032,0.8386284995281535,0.13719723183391008,0.0452794532913254,16.06,7.98,completed,,cosine,semantic,semantic_h2_k10_t0_perhop,,,results/flag_md/flag/cosine,results/flag_md/flag/cosine/instagram__gcn__flag__s2i0__f434ef7f0573.json,"dual-branch: raw text (384d) + LLM discriminative text (384d), attention-fused (models.py:DualGNN)",False
29c6baaa8eef,2026-09-19T12:05:19+00:00,14eedbd784f43524589dcc9c848191495f337851-dirty,instagram,gcn,flag,flag_bundled,faithful - two GCNConv layers plus the Eq. 6 skip,faithful,2,1,cpu,torch 2.14.0+cu130,3.12.14,Linux-5.15.0-119-generic-x86_64-with-glibc2.39,benchmark-v1,google/gemma-2-9b-it,False,5,5,False,0.15,validation_swept,0.6313865804863035,0.5848263614838201,0.5870329019049101,0.5359589822189379,0.155,0.16089965397923875,0.15789473684210525,0.8439760931110412,0.12958477508650512,0.041820999429166145,16.14,7.95,completed,,cosine,semantic,semantic_h2_k10_t0_perhop,,,results/flag_md/flag/cosine,results/flag_md/flag/cosine/instagram__gcn__flag__s2i1__29c6baaa8eef.json,"dual-branch: raw text (384d) + LLM discriminative text (384d), attention-fused (models.py:DualGNN)",False
50c6c30c2bf6,2026-09-19T12:05:45+00:00,14eedbd784f43524589dcc9c848191495f337851-dirty,instagram,gcn,flag,flag_bundled,faithful - two GCNConv layers plus the Eq. 6 skip,faithful,3,0,cpu,torch 2.14.0+cu130,3.12.14,Linux-5.15.0-119-generic-x86_64-with-glibc2.39,benchmark-v1,google/gemma-2-9b-it,False,1,5,False,0.15,validation_swept,0.6806325023084027,0.588031822898651,0.6137387603117778,0.5369111002261842,0.17422434367541767,0.12629757785467127,0.1464393179538616,0.8661528782636049,0.18858131487889274,0.022627751399273994,16.09,7.99,completed,,cosine,semantic,semantic_h2_k10_t0_perhop,,,results/flag_md/flag/cosine,results/flag_md/flag/cosine/instagram__gcn__flag__s3i0__50c6c30c2bf6.json,"dual-branch: raw text (384d) + LLM discriminative text (384d), attention-fused (models.py:DualGNN)",False
a6b1b36f41b2,2026-09-19T12:06:11+00:00,14eedbd784f43524589dcc9c848191495f337851-dirty,instagram,gcn,flag,flag_bundled,faithful - two GCNConv layers plus the Eq. 6 skip,faithful,3,1,cpu,torch 2.14.0+cu130,3.12.14,Linux-5.15.0-119-generic-x86_64-with-glibc2.39,benchmark-v1,google/gemma-2-9b-it,False,4,5,False,0.2,validation_swept,0.6358494921514312,0.5841843414506416,0.5955149004441997,0.5384813888295437,0.1783132530120482,0.12802768166089964,0.14904330312185296,0.8670965712488203,0.14342560553633216,0.033449152259176024,15.97,7.93,completed,,cosine,semantic,semantic_h2_k10_t0_perhop,,,results/flag_md/flag/cosine,results/flag_md/flag/cosine/instagram__gcn__flag__s3i1__a6b1b36f41b2.json,"dual-branch: raw text (384d) + LLM discriminative text (384d), attention-fused (models.py:DualGNN)",False
dfcffc2dfdd2,2026-09-19T11:54:40+00:00,14eedbd784f43524589dcc9c848191495f337851-dirty,instagram,geniepath,flag,flag_bundled,closest to faithful - Breadth(GAT)+Depth(LSTM) preserved; matches PyG's example globals exactly. No official author repo exists.,adapted,0,0,cpu,torch 2.14.0+cu130,3.12.14,Linux-5.15.0-119-generic-x86_64-with-glibc2.39,benchmark-v1,google/gemma-2-9b-it,False,2,5,False,0.2,validation_swept,0.5984726069559865,0.5492733878292462,0.5731452269489111,0.5275712569443964,0.1569620253164557,0.10726643598615918,0.12744090441932168,0.86646744259201,0.11643598615916956,0.030276889541602747,238.1,84.39,completed,,cosine,semantic,semantic_h2_k10_t0_perhop,,,results/flag_md/flag/cosine,results/flag_md/flag/cosine/instagram__geniepath__flag__s0i0__dfcffc2dfdd2.json,"dual-branch: raw text (384d) + LLM discriminative text (384d), attention-fused (models.py:DualGNN)",False
be6382d8f069,2026-09-19T12:00:16+00:00,14eedbd784f43524589dcc9c848191495f337851-dirty,instagram,geniepath,flag,flag_bundled,closest to faithful - Breadth(GAT)+Depth(LSTM) preserved; matches PyG's example globals exactly. No official author repo exists.,adapted,0,1,cpu,torch 2.14.0+cu130,3.12.14,Linux-5.15.0-119-generic-x86_64-with-glibc2.39,benchmark-v1,google/gemma-2-9b-it,False,4,5,False,0.35,validation_swept,0.5851608187134503,0.5545327712984892,0.5469518145137151,0.5234567488188582,0.1320450885668277,0.14186851211072665,0.13678065054211844,0.8372129600503303,0.07352941176470584,0.10483867916055596,224.53,81.75,completed,,cosine,semantic,semantic_h2_k10_t0_perhop,,,results/flag_md/flag/cosine,results/flag_md/flag/cosine/instagram__geniepath__flag__s0i1__be6382d8f069.json,"dual-branch: raw text (384d) + LLM discriminative text (384d), attention-fused (models.py:DualGNN)",False
5ccffc0fec4f,2026-09-19T12:05:34+00:00,14eedbd784f43524589dcc9c848191495f337851-dirty,instagram,geniepath,flag,flag_bundled,closest to faithful - Breadth(GAT)+Depth(LSTM) preserved; matches PyG's example globals exactly. No official author repo exists.,adapted,1,0,cpu,torch 2.14.0+cu130,3.12.14,Linux-5.15.0-119-generic-x86_64-with-glibc2.39,benchmark-v1,google/gemma-2-9b-it,False,2,5,False,0.1,validation_swept,0.5891235764850723,0.5380255255255255,0.5665801115887021,0.535220700152207,0.15082956259426847,0.17301038062283736,0.16116035455278002,0.8362692670651148,0.10501730103806228,0.02376481524008595,223.37,81.41,completed,,cosine,semantic,semantic_h2_k10_t0_perhop,,,results/flag_md/flag/cosine,results/flag_md/flag/cosine/instagram__geniepath__flag__s1i0__5ccffc0fec4f.json,"dual-branch: raw text (384d) + LLM discriminative text (384d), attention-fused (models.py:DualGNN)",False
1a10dc9364fa,2026-09-19T12:10:50+00:00,14eedbd784f43524589dcc9c848191495f337851-dirty,instagram,geniepath,flag,flag_bundled,closest to faithful - Breadth(GAT)+Depth(LSTM) preserved; matches PyG's example globals exactly. No official author repo exists.,adapted,1,1,cpu,torch 2.14.0+cu130,3.12.14,Linux-5.15.0-119-generic-x86_64-with-glibc2.39,benchmark-v1,google/gemma-2-9b-it,False,2,5,False,0.1,validation_swept,0.5861803631886734,0.5310936542425762,0.5666640725087104,0.526696203670385,0.1350293542074364,0.23875432525951557,0.1725,0.7917584145957849,0.10968858131487891,0.016096773305125652,224.34,81.97,completed,,cosine,semantic,semantic_h2_k10_t0_perhop,,,results/flag_md/flag/cosine,results/flag_md/flag/cosine/instagram__geniepath__flag__s1i1__1a10dc9364fa.json,"dual-branch: raw text (384d) + LLM discriminative text (384d), attention-fused (models.py:DualGNN)",False
a97b49fd9c4d,2026-09-19T12:16:08+00:00,14eedbd784f43524589dcc9c848191495f337851-dirty,instagram,geniepath,flag,flag_bundled,closest to faithful - Breadth(GAT)+Depth(LSTM) preserved; matches PyG's example globals exactly. No official author repo exists.,adapted,2,0,cpu,torch 2.14.0+cu130,3.12.14,Linux-5.15.0-119-generic-x86_64-with-glibc2.39,benchmark-v1,google/gemma-2-9b-it,False,1,5,False,0.2,validation_swept,0.6065904893813481,0.5423666059766324,0.5784233905245386,0.5304081587280414,0.1397738951695786,0.23529411764705882,0.17537072856221791,0.7988361119849009,0.11868512110726648,0.0692243405030973,219.63,80.76,completed,,cosine,semantic,semantic_h2_k10_t0_perhop,,,results/flag_md/flag/cosine,results/flag_md/flag/cosine/instagram__geniepath__flag__s2i0__a97b49fd9c4d.json,"dual-branch: raw text (384d) + LLM discriminative text (384d), attention-fused (models.py:DualGNN)",False
892a82958ff4,2026-09-19T12:21:20+00:00,14eedbd784f43524589dcc9c848191495f337851-dirty,instagram,geniepath,flag,flag_bundled,closest to faithful - Breadth(GAT)+Depth(LSTM) preserved; matches PyG's example globals exactly. No official author repo exists.,adapted,2,1,cpu,torch 2.14.0+cu130,3.12.14,Linux-5.15.0-119-generic-x86_64-with-glibc2.39,benchmark-v1,google/gemma-2-9b-it,False,1,5,False,0.2,validation_swept,0.6125730994152048,0.5445281287118022,0.5779567414183259,0.5199609077653148,0.12851063829787235,0.26124567474048443,0.17227609811751282,0.7717835797420572,0.11885813148788937,0.07508497525823309,220.0,80.45,completed,,cosine,semantic,semantic_h2_k10_t0_perhop,,,results/flag_md/flag/cosine,results/flag_md/flag/cosine/instagram__geniepath__flag__s2i1__892a82958ff4.json,"dual-branch: raw text (384d) + LLM discriminative text (384d), attention-fused (models.py:DualGNN)",False
1a615ef38451,2026-09-19T12:26:32+00:00,14eedbd784f43524589dcc9c848191495f337851-dirty,instagram,geniepath,flag,flag_bundled,closest to faithful - Breadth(GAT)+Depth(LSTM) preserved; matches PyG's example globals exactly. No official author repo exists.,adapted,3,0,cpu,torch 2.14.0+cu130,3.12.14,Linux-5.15.0-119-generic-x86_64-with-glibc2.39,benchmark-v1,google/gemma-2-9b-it,False,3,5,False,0.15,validation_swept,0.5820829485995691,0.5282371963454308,0.5528995701679817,0.5284313464813646,0.13922155688622753,0.16089965397923875,0.1492776886035313,0.8332809059452658,0.08425605536332181,0.02323617290655053,219.06,80.52,completed,,cosine,semantic,semantic_h2_k10_t0_perhop,,,results/flag_md/flag/cosine,results/flag_md/flag/cosine/instagram__geniepath__flag__s3i0__1a615ef38451.json,"dual-branch: raw text (384d) + LLM discriminative text (384d), attention-fused (models.py:DualGNN)",False
6e9c75c24230,2026-09-19T12:31:43+00:00,14eedbd784f43524589dcc9c848191495f337851-dirty,instagram,geniepath,flag,flag_bundled,closest to faithful - Breadth(GAT)+Depth(LSTM) preserved; matches PyG's example globals exactly. No official author repo exists.,adapted,3,1,cpu,torch 2.14.0+cu130,3.12.14,Linux-5.15.0-119-generic-x86_64-with-glibc2.39,benchmark-v1,google/gemma-2-9b-it,False,1,5,False,0.1,validation_swept,0.6287703908895045,0.5407750144592249,0.5870993522587133,0.5331238192581362,0.14369158878504673,0.21280276816608998,0.17154811715481172,0.8131487889273357,0.13512110726643595,0.016886712437171547,222.65,83.05,completed,,cosine,semantic,semantic_h2_k10_t0_perhop,,,results/flag_md/flag/cosine,results/flag_md/flag/cosine/instagram__geniepath__flag__s3i1__6e9c75c24230.json,"dual-branch: raw text (384d) + LLM discriminative text (384d), attention-fused (models.py:DualGNN)",False
e5f7f30edf4e,2026-09-19T12:01:54+00:00,14eedbd784f43524589dcc9c848191495f337851-dirty,instagram,pmp,flag,flag_bundled,"partial - fraud/benign partition present, but applied to the aggregated mean rather than per-neighbour before aggregation",adapted,0,0,cpu,torch 2.14.0+cu130,3.12.14,Linux-5.15.0-119-generic-x86_64-with-glibc2.39,benchmark-v1,google/gemma-2-9b-it,False,2,5,False,0.15,validation_swept,0.6299823022468451,0.5747876172680164,0.606787215191389,0.5463807838315119,0.16263736263736264,0.2560553633217993,0.1989247311827957,0.8125196602705254,0.17249134948096884,0.01634504038403434,18.87,9.44,completed,,cosine,semantic,semantic_h2_k10_t0_perhop,,,results/flag_md/flag/cosine,results/flag_md/flag/cosine/instagram__pmp__flag__s0i0__e5f7f30edf4e.json,"dual-branch: raw text (384d) + LLM discriminative text (384d), attention-fused (models.py:DualGNN)",False
17606a6e9e64,2026-09-19T12:02:27+00:00,14eedbd784f43524589dcc9c848191495f337851-dirty,instagram,pmp,flag,flag_bundled,"partial - fraud/benign partition present, but applied to the aggregated mean rather than per-neighbour before aggregation",adapted,0,1,cpu,torch 2.14.0+cu130,3.12.14,Linux-5.15.0-119-generic-x86_64-with-glibc2.39,benchmark-v1,google/gemma-2-9b-it,False,2,5,False,0.2,validation_swept,0.6234803016312711,0.5738152215239416,0.6007568455837454,0.5444217096725397,0.18502202643171806,0.1453287197231834,0.16279069767441862,0.8641082101289713,0.16453287197231836,0.022116151972304404,18.48,9.8,completed,,cosine,semantic,semantic_h2_k10_t0_perhop,,,results/flag_md/flag/cosine,results/flag_md/flag/cosine/instagram__pmp__flag__s0i1__17606a6e9e64.json,"dual-branch: raw text (384d) + LLM discriminative text (384d), attention-fused (models.py:DualGNN)",False
e176091bef7c,2026-09-19T12:02:57+00:00,14eedbd784f43524589dcc9c848191495f337851-dirty,instagram,pmp,flag,flag_bundled,"partial - fraud/benign partition present, but applied to the aggregated mean rather than per-neighbour before aggregation",adapted,1,0,cpu,torch 2.14.0+cu130,3.12.14,Linux-5.15.0-119-generic-x86_64-with-glibc2.39,benchmark-v1,google/gemma-2-9b-it,False,2,5,False,0.15,validation_swept,0.6374846106494305,0.5848263614838201,0.6074922773913148,0.551536355925669,0.1819672131147541,0.19204152249134948,0.18686868686868688,0.8480654293803083,0.16280276816609007,0.009219846990253612,18.41,9.37,completed,,cosine,semantic,semantic_h2_k10_t0_perhop,,,results/flag_md/flag/cosine,results/flag_md/flag/cosine/instagram__pmp__flag__s1i0__e176091bef7c.json,"dual-branch: raw text (384d) + LLM discriminative text (384d), attention-fused (models.py:DualGNN)",False
62259baa3c0d,2026-09-19T12:03:28+00:00,14eedbd784f43524589dcc9c848191495f337851-dirty,instagram,pmp,flag,flag_bundled,"partial - fraud/benign partition present, but applied to the aggregated mean rather than per-neighbour before aggregation",adapted,1,1,cpu,torch 2.14.0+cu130,3.12.14,Linux-5.15.0-119-generic-x86_64-with-glibc2.39,benchmark-v1,google/gemma-2-9b-it,False,1,5,False,0.15,validation_swept,0.6393505694059711,0.5725852548627876,0.6127038409501802,0.5421896552681315,0.18021978021978022,0.14186851211072665,0.15876089060987417,0.8633217993079585,0.17750865051903114,0.006785628445312906,18.27,9.41,completed,,cosine,semantic,semantic_h2_k10_t0_perhop,,,results/flag_md/flag/cosine,results/flag_md/flag/cosine/instagram__pmp__flag__s1i1__62259baa3c0d.json,"dual-branch: raw text (384d) + LLM discriminative text (384d), attention-fused (models.py:DualGNN)",False
3a13f0d811ae,2026-09-19T12:03:58+00:00,14eedbd784f43524589dcc9c848191495f337851-dirty,instagram,pmp,flag,flag_bundled,"partial - fraud/benign partition present, but applied to the aggregated mean rather than per-neighbour before aggregation",adapted,2,0,cpu,torch 2.14.0+cu130,3.12.14,Linux-5.15.0-119-generic-x86_64-with-glibc2.39,benchmark-v1,google/gemma-2-9b-it,False,2,5,False,0.15,validation_swept,0.6198253308710373,0.5718729693483942,0.5994199063708529,0.5478006654126883,0.17134416543574593,0.20069204152249134,0.1848605577689243,0.8391003460207612,0.1589965397923876,0.015767262331888264,18.37,9.34,completed,,cosine,semantic,semantic_h2_k10_t0_perhop,,,results/flag_md/flag/cosine,results/flag_md/flag/cosine/instagram__pmp__flag__s2i0__3a13f0d811ae.json,"dual-branch: raw text (384d) + LLM discriminative text (384d), attention-fused (models.py:DualGNN)",False
391d7539b4df,2026-09-19T12:04:28+00:00,14eedbd784f43524589dcc9c848191495f337851-dirty,instagram,pmp,flag,flag_bundled,"partial - fraud/benign partition present, but applied to the aggregated mean rather than per-neighbour before aggregation",adapted,2,1,cpu,torch 2.14.0+cu130,3.12.14,Linux-5.15.0-119-generic-x86_64-with-glibc2.39,benchmark-v1,google/gemma-2-9b-it,False,2,5,False,0.15,validation_swept,0.615958756540474,0.5669062786121988,0.5957045234132733,0.5457621763399272,0.1689497716894977,0.19204152249134948,0.1797570850202429,0.840673167662787,0.15657439446366772,0.013921227549578034,18.34,9.43,completed,,cosine,semantic,semantic_h2_k10_t0_perhop,,,results/flag_md/flag/cosine,results/flag_md/flag/cosine/instagram__pmp__flag__s2i1__391d7539b4df.json,"dual-branch: raw text (384d) + LLM discriminative text (384d), attention-fused (models.py:DualGNN)",False
b7c6fa11fd32,2026-09-19T12:04:58+00:00,14eedbd784f43524589dcc9c848191495f337851-dirty,instagram,pmp,flag,flag_bundled,"partial - fraud/benign partition present, but applied to the aggregated mean rather than per-neighbour before aggregation",adapted,3,0,cpu,torch 2.14.0+cu130,3.12.14,Linux-5.15.0-119-generic-x86_64-with-glibc2.39,benchmark-v1,google/gemma-2-9b-it,False,1,5,False,0.1,validation_swept,0.6679555247768545,0.5995677233429395,0.6145815124339986,0.5335568912225298,0.14473684210526316,0.2664359861591695,0.18757612667478685,0.790185592953759,0.18685121107266434,0.01969694096586849,18.53,9.39,completed,,cosine,semantic,semantic_h2_k10_t0_perhop,,,results/flag_md/flag/cosine,results/flag_md/flag/cosine/instagram__pmp__flag__s3i0__b7c6fa11fd32.json,"dual-branch: raw text (384d) + LLM discriminative text (384d), attention-fused (models.py:DualGNN)",False
d9c583a9344f,2026-09-19T12:05:29+00:00,14eedbd784f43524589dcc9c848191495f337851-dirty,instagram,pmp,flag,flag_bundled,"partial - fraud/benign partition present, but applied to the aggregated mean rather than per-neighbour before aggregation",adapted,3,1,cpu,torch 2.14.0+cu130,3.12.14,Linux-5.15.0-119-generic-x86_64-with-glibc2.39,benchmark-v1,google/gemma-2-9b-it,False,4,5,False,0.25,validation_swept,0.564885349338258,0.5665799698166523,0.5601742376168868,0.5257565574495928,0.17229729729729729,0.08823529411764706,0.11670480549199085,0.8785781692356087,0.10743944636678199,0.04129993548342409,18.4,9.36,completed,,cosine,semantic,semantic_h2_k10_t0_perhop,,,results/flag_md/flag/cosine,results/flag_md/flag/cosine/instagram__pmp__flag__s3i1__d9c583a9344f.json,"dual-branch: raw text (384d) + LLM discriminative text (384d), attention-fused (models.py:DualGNN)",False
ce3ad07a5a24,2026-09-19T11:54:40+00:00,14eedbd784f43524589dcc9c848191495f337851-dirty,reddit,bwgnn,flag,flag_bundled,"beta-wavelet basis NOT applied - the polynomial is evaluated over raw adjacency A, not the normalised Laplacian, so it is not a beta wavelet. Theta coefficients themselves are correct.",approximation,0,0,cpu,torch 2.14.0+cu130,3.12.14,Linux-5.15.0-119-generic-x86_64-with-glibc2.39,benchmark-v1,google/gemma-2-9b-it,False,4,5,False,0.3,validation_swept,0.6199717789301779,0.5865140836880423,0.6146094293244414,0.5452830276682423,0.1905717151454363,0.14200298953662183,0.16274089935760172,0.8671062470260349,0.18782887725161146,0.04157926272903749,37.86,19.75,completed,,cosine,semantic,semantic_h2_k10_t0_perhop,,,results/flag_md/flag/cosine,results/flag_md/flag/cosine/reddit__bwgnn__flag__s0i0__ce3ad07a5a24.json,"dual-branch: raw text (384d) + LLM discriminative text (384d), attention-fused (models.py:DualGNN)",False
88ec19b2209d,2026-09-19T11:55:45+00:00,14eedbd784f43524589dcc9c848191495f337851-dirty,reddit,bwgnn,flag,flag_bundled,"beta-wavelet basis NOT applied - the polynomial is evaluated over raw adjacency A, not the normalised Laplacian, so it is not a beta wavelet. Theta coefficients themselves are correct.",approximation,0,1,cpu,torch 2.14.0+cu130,3.12.14,Linux-5.15.0-119-generic-x86_64-with-glibc2.39,benchmark-v1,google/gemma-2-9b-it,False,3,5,False,0.2,validation_swept,0.621117812222445,0.5589394908432909,0.6071160830162554,0.5358934127105732,0.1671415004748338,0.13153961136023917,0.14721873693015475,0.8613962341105296,0.1635442294599575,0.03131295457673465,42.27,20.38,completed,,cosine,semantic,semantic_h2_k10_t0_perhop,,,results/flag_md/flag/cosine,results/flag_md/flag/cosine/reddit__bwgnn__flag__s0i1__88ec19b2209d.json,"dual-branch: raw text (384d) + LLM discriminative text (384d), attention-fused (models.py:DualGNN)",False
a64c44d0b402,2026-09-19T11:56:53+00:00,14eedbd784f43524589dcc9c848191495f337851-dirty,reddit,bwgnn,flag,flag_bundled,"beta-wavelet basis NOT applied - the polynomial is evaluated over raw adjacency A, not the normalised Laplacian, so it is not a beta wavelet. Theta coefficients themselves are correct.",approximation,1,0,cpu,torch 2.14.0+cu130,3.12.14,Linux-5.15.0-119-generic-x86_64-with-glibc2.39,benchmark-v1,google/gemma-2-9b-it,False,4,5,False,0.2,validation_swept,0.6311563475918975,0.5806123942769905,0.6003719092650038,0.5431302299733775,0.18873826903023982,0.1352765321375187,0.15759686547670876,0.868465773910679,0.17074316017471347,0.044295783624795734,38.34,18.27,completed,,cosine,semantic,semantic_h2_k10_t0_perhop,,,results/flag_md/flag/cosine,results/flag_md/flag/cosine/reddit__bwgnn__flag__s1i0__a64c44d0b402.json,"dual-branch: raw text (384d) + LLM discriminative text (384d), attention-fused (models.py:DualGNN)",False
24cfded51c41,2026-09-19T11:57:56+00:00,14eedbd784f43524589dcc9c848191495f337851-dirty,reddit,bwgnn,flag,flag_bundled,"beta-wavelet basis NOT applied - the polynomial is evaluated over raw adjacency A, not the normalised Laplacian, so it is not a beta wavelet. Theta coefficients themselves are correct.",approximation,1,1,cpu,torch 2.14.0+cu130,3.12.14,Linux-5.15.0-119-generic-x86_64-with-glibc2.39,benchmark-v1,google/gemma-2-9b-it,False,3,5,False,0.2,validation_swept,0.6091739965045985,0.5606524044028404,0.6021005949005744,0.5406025584635137,0.16564885496183207,0.16218236173393125,0.16389728096676737,0.8495003738698933,0.1555821543017148,0.027518641140273137,37.48,18.1,completed,,cosine,semantic,semantic_h2_k10_t0_perhop,,,results/flag_md/flag/cosine,results/flag_md/flag/cosine/reddit__bwgnn__flag__s1i1__24cfded51c41.json,"dual-branch: raw text (384d) + LLM discriminative text (384d), attention-fused (models.py:DualGNN)",False
d2b82aba0201,2026-09-19T11:58:56+00:00,14eedbd784f43524589dcc9c848191495f337851-dirty,reddit,bwgnn,flag,flag_bundled,"beta-wavelet basis NOT applied - the polynomial is evaluated over raw adjacency A, not the normalised Laplacian, so it is not a beta wavelet. Theta coefficients themselves are correct.",approximation,2,0,cpu,torch 2.14.0+cu130,3.12.14,Linux-5.15.0-119-generic-x86_64-with-glibc2.39,benchmark-v1,google/gemma-2-9b-it,False,4,5,False,0.3,validation_swept,0.6656770191674067,0.5878262240551018,0.649573292995938,0.5606312672368873,0.1879232505643341,0.24887892376681614,0.21414790996784566,0.8338658146964856,0.22669285333531852,0.028709210668485845,38.0,18.23,completed,,cosine,semantic,semantic_h2_k10_t0_perhop,,,results/flag_md/flag/cosine,results/flag_md/flag/cosine/reddit__bwgnn__flag__s2i0__d2b82aba0201.json,"dual-branch: raw text (384d) + LLM discriminative text (384d), attention-fused (models.py:DualGNN)",False
218ce2693669,2026-09-19T11:59:58+00:00,14eedbd784f43524589dcc9c848191495f337851-dirty,reddit,bwgnn,flag,flag_bundled,"beta-wavelet basis NOT applied - the polynomial is evaluated over raw adjacency A, not the normalised Laplacian, so it is not a beta wavelet. Theta coefficients themselves are correct.",approximation,2,1,cpu,torch 2.14.0+cu130,3.12.14,Linux-5.15.0-119-generic-x86_64-with-glibc2.39,benchmark-v1,google/gemma-2-9b-it,False,1,5,False,0.15,validation_swept,0.6338602698908404,0.5650232257326573,0.6407154243032807,0.5468672678211486,0.16317991631799164,0.2623318385650224,0.20120378331900257,0.8105499286248385,0.21697294718615712,0.01154281965084007,37.76,18.19,completed,,cosine,semantic,semantic_h2_k10_t0_perhop,,,results/flag_md/flag/cosine,results/flag_md/flag/cosine/reddit__bwgnn__flag__s2i1__218ce2693669.json,"dual-branch: raw text (384d) + LLM discriminative text (384d), attention-fused (models.py:DualGNN)",False
708a122d1e8d,2026-09-19T12:00:59+00:00,14eedbd784f43524589dcc9c848191495f337851-dirty,reddit,bwgnn,flag,flag_bundled,"beta-wavelet basis NOT applied - the polynomial is evaluated over raw adjacency A, not the normalised Laplacian, so it is not a beta wavelet. Theta coefficients themselves are correct.",approximation,3,0,cpu,torch 2.14.0+cu130,3.12.14,Linux-5.15.0-119-generic-x86_64-with-glibc2.39,benchmark-v1,google/gemma-2-9b-it,False,3,5,False,0.2,validation_swept,0.6426023550984157,0.5523467355813579,0.6169740314045535,0.5291209972061036,0.1475,0.13228699551569506,0.13947990543735225,0.8515396641968594,0.18135575809947468,0.03160568398078959,37.22,17.9,completed,,cosine,semantic,semantic_h2_k10_t0_perhop,,,results/flag_md/flag/cosine,results/flag_md/flag/cosine/reddit__bwgnn__flag__s3i0__708a122d1e8d.json,"dual-branch: raw text (384d) + LLM discriminative text (384d), attention-fused (models.py:DualGNN)",False
7f87d0dfd7b8,2026-09-19T12:01:59+00:00,14eedbd784f43524589dcc9c848191495f337851-dirty,reddit,bwgnn,flag,flag_bundled,"beta-wavelet basis NOT applied - the polynomial is evaluated over raw adjacency A, not the normalised Laplacian, so it is not a beta wavelet. Theta coefficients themselves are correct.",approximation,3,1,cpu,torch 2.14.0+cu130,3.12.14,Linux-5.15.0-119-generic-x86_64-with-glibc2.39,benchmark-v1,google/gemma-2-9b-it,False,5,5,False,0.3,validation_swept,0.6539516660458987,0.5686097899893992,0.6205542993898086,0.5409226527090952,0.16401734104046242,0.1696562032884903,0.16678912564290962,0.8458296512813541,0.18197510388656524,0.03412516870007233,37.88,18.17,completed,,cosine,semantic,semantic_h2_k10_t0_perhop,,,results/flag_md/flag/cosine,results/flag_md/flag/cosine/reddit__bwgnn__flag__s3i1__7f87d0dfd7b8.json,"dual-branch: raw text (384d) + LLM discriminative text (384d), attention-fused (models.py:DualGNN)",False
387bd7c8ddcd,2026-09-19T11:54:40+00:00,14eedbd784f43524589dcc9c848191495f337851-dirty,reddit,care_gnn,flag,flag_bundled,"NOT CARE-GNN - no RL neighbour filtering, no label-aware similarity, no multi-relation aggregation. A similarity-gated mean aggregator.",approximation,0,0,cpu,torch 2.14.0+cu130,3.12.14,Linux-5.15.0-119-generic-x86_64-with-glibc2.39,benchmark-v1,google/gemma-2-9b-it,False,4,5,False,0.15,validation_swept,0.6575562988854826,0.549468566259611,0.6277533418796569,0.5321053635262961,0.14268041237113402,0.2585949177877429,0.1838958277969705,0.7912446468628918,0.18785084105727162,0.04781484576818649,33.4,16.04,completed,,cosine,semantic,semantic_h2_k10_t0_perhop,,,results/flag_md/flag/cosine,results/flag_md/flag/cosine/reddit__care_gnn__flag__s0i0__387bd7c8ddcd.json,"dual-branch: raw text (384d) + LLM discriminative text (384d), attention-fused (models.py:DualGNN)",False
4d50d52397c9,2026-09-19T11:55:35+00:00,14eedbd784f43524589dcc9c848191495f337851-dirty,reddit,care_gnn,flag,flag_bundled,"NOT CARE-GNN - no RL neighbour filtering, no label-aware similarity, no multi-relation aggregation. A similarity-gated mean aggregator.",approximation,0,1,cpu,torch 2.14.0+cu130,3.12.14,Linux-5.15.0-119-generic-x86_64-with-glibc2.39,benchmark-v1,google/gemma-2-9b-it,False,5,5,False,0.15,validation_swept,0.6585196831217947,0.5466714417938354,0.617846575719745,0.5260569027950712,0.1351457840819543,0.2563527653213752,0.17698658410732715,0.7831554618992591,0.18283331304615408,0.058050640044822924,32.37,16.43,completed,,cosine,semantic,semantic_h2_k10_t0_perhop,,,results/flag_md/flag/cosine,results/flag_md/flag/cosine/reddit__care_gnn__flag__s0i1__4d50d52397c9.json,"dual-branch: raw text (384d) + LLM discriminative text (384d), attention-fused (models.py:DualGNN)",False
988794600772,2026-09-19T11:56:29+00:00,14eedbd784f43524589dcc9c848191495f337851-dirty,reddit,care_gnn,flag,flag_bundled,"NOT CARE-GNN - no RL neighbour filtering, no label-aware similarity, no multi-relation aggregation. A similarity-gated mean aggregator.",approximation,1,0,cpu,torch 2.14.0+cu130,3.12.14,Linux-5.15.0-119-generic-x86_64-with-glibc2.39,benchmark-v1,google/gemma-2-9b-it,False,2,5,False,0.2,validation_swept,0.6735595794057818,0.5564161663807891,0.638952507545657,0.5320283244654445,0.16703056768558952,0.11434977578475336,0.13575865128660158,0.8675820814356604,0.20178880386902776,0.030853102778683077,32.64,16.18,completed,,cosine,semantic,semantic_h2_k10_t0_perhop,,,results/flag_md/flag/cosine,results/flag_md/flag/cosine/reddit__care_gnn__flag__s1i0__988794600772.json,"dual-branch: raw text (384d) + LLM discriminative text (384d), attention-fused (models.py:DualGNN)",False
5c93846c76f3,2026-09-19T11:57:23+00:00,14eedbd784f43524589dcc9c848191495f337851-dirty,reddit,care_gnn,flag,flag_bundled,"NOT CARE-GNN - no RL neighbour filtering, no label-aware similarity, no multi-relation aggregation. A similarity-gated mean aggregator.",approximation,1,1,cpu,torch 2.14.0+cu130,3.12.14,Linux-5.15.0-119-generic-x86_64-with-glibc2.39,benchmark-v1,google/gemma-2-9b-it,False,2,5,False,0.15,validation_swept,0.6696809729822651,0.5617581276459781,0.6308865094952382,0.5392878674562716,0.15262321144674085,0.28699551569506726,0.1992734820965231,0.7902250016994086,0.20174929137385783,0.031063629438355226,32.1,16.13,completed,,cosine,semantic,semantic_h2_k10_t0_perhop,,,results/flag_md/flag/cosine,results/flag_md/flag/cosine/reddit__care_gnn__flag__s1i1__5c93846c76f3.json,"dual-branch: raw text (384d) + LLM discriminative text (384d), attention-fused (models.py:DualGNN)",False
359938cadf86,2026-09-19T11:58:16+00:00,14eedbd784f43524589dcc9c848191495f337851-dirty,reddit,care_gnn,flag,flag_bundled,"NOT CARE-GNN - no RL neighbour filtering, no label-aware similarity, no multi-relation aggregation. A similarity-gated mean aggregator.",approximation,2,0,cpu,torch 2.14.0+cu130,3.12.14,Linux-5.15.0-119-generic-x86_64-with-glibc2.39,benchmark-v1,google/gemma-2-9b-it,False,4,5,False,0.2,validation_swept,0.6665902644471822,0.5526917850378084,0.6240453708513138,0.5304797902994556,0.142445005409304,0.2952167414050822,0.19216735587448308,0.7742505608048399,0.18411274664152177,0.0503444436353903,32.9,16.27,completed,,cosine,semantic,semantic_h2_k10_t0_perhop,,,results/flag_md/flag/cosine,results/flag_md/flag/cosine/reddit__care_gnn__flag__s2i0__359938cadf86.json,"dual-branch: raw text (384d) + LLM discriminative text (384d), attention-fused (models.py:DualGNN)",False
eff0bf51d2df,2026-09-19T11:59:10+00:00,14eedbd784f43524589dcc9c848191495f337851-dirty,reddit,care_gnn,flag,flag_bundled,"NOT CARE-GNN - no RL neighbour filtering, no label-aware similarity, no multi-relation aggregation. A similarity-gated mean aggregator.",approximation,2,1,cpu,torch 2.14.0+cu130,3.12.14,Linux-5.15.0-119-generic-x86_64-with-glibc2.39,benchmark-v1,google/gemma-2-9b-it,False,3,5,False,0.15,validation_swept,0.6646563332664814,0.5451654618303619,0.6219032570926606,0.5306067917055963,0.14097421203438396,0.18385650224215247,0.15958481998053844,0.8238732920943511,0.1926111745807344,0.04542818927625367,32.68,16.18,completed,,cosine,semantic,semantic_h2_k10_t0_perhop,,,results/flag_md/flag/cosine,results/flag_md/flag/cosine/reddit__care_gnn__flag__s2i1__eff0bf51d2df.json,"dual-branch: raw text (384d) + LLM discriminative text (384d), attention-fused (models.py:DualGNN)",False
e95a116918cb,2026-09-19T12:00:04+00:00,14eedbd784f43524589dcc9c848191495f337851-dirty,reddit,care_gnn,flag,flag_bundled,"NOT CARE-GNN - no RL neighbour filtering, no label-aware similarity, no multi-relation aggregation. A similarity-gated mean aggregator.",approximation,3,0,cpu,torch 2.14.0+cu130,3.12.14,Linux-5.15.0-119-generic-x86_64-with-glibc2.39,benchmark-v1,google/gemma-2-9b-it,False,1,5,False,0.15,validation_swept,0.6412665100421168,0.5567484556955051,0.632871970461867,0.5329048463356975,0.16304347826086957,0.12331838565022421,0.14042553191489363,0.8626877846509414,0.1936462678240754,0.019557836090675677,32.47,16.23,completed,,cosine,semantic,semantic_h2_k10_t0_perhop,,,results/flag_md/flag/cosine,results/flag_md/flag/cosine/reddit__care_gnn__flag__s3i0__e95a116918cb.json,"dual-branch: raw text (384d) + LLM discriminative text (384d), attention-fused (models.py:DualGNN)",False
49ee9036c157,2026-09-19T12:00:57+00:00,14eedbd784f43524589dcc9c848191495f337851-dirty,reddit,care_gnn,flag,flag_bundled,"NOT CARE-GNN - no RL neighbour filtering, no label-aware similarity, no multi-relation aggregation. A similarity-gated mean aggregator.",approximation,3,1,cpu,torch 2.14.0+cu130,3.12.14,Linux-5.15.0-119-generic-x86_64-with-glibc2.39,benchmark-v1,google/gemma-2-9b-it,False,2,5,False,0.25,validation_swept,0.6698636220382204,0.5435019124914064,0.6284494492114658,0.5337308311191706,0.15901060070671377,0.13452914798206278,0.145748987854251,0.8565699136700429,0.20105120003415844,0.04375669671955819,32.38,16.07,completed,,cosine,semantic,semantic_h2_k10_t0_perhop,,,results/flag_md/flag/cosine,results/flag_md/flag/cosine/reddit__care_gnn__flag__s3i1__49ee9036c157.json,"dual-branch: raw text (384d) + LLM discriminative text (384d), attention-fused (models.py:DualGNN)",False
9efd03fa3cd7,2026-09-19T11:58:45+00:00,14eedbd784f43524589dcc9c848191495f337851-dirty,reddit,dga_gnn,flag,flag_bundled,"NOT DGA-GNN - no decision-tree dynamic grouping, no bidirectional grouped aggregation. GraphSAGE-mean.",approximation,0,0,cpu,torch 2.14.0+cu130,3.12.14,Linux-5.15.0-119-generic-x86_64-with-glibc2.39,benchmark-v1,google/gemma-2-9b-it,False,3,5,False,0.15,validation_swept,0.6679225281494426,0.5510978349461944,0.6294693969297841,0.5273906317618684,0.13978861234231163,0.3064275037369208,0.19199250760945916,0.765413636054653,0.19604976763634913,0.017802492848894465,27.37,12.47,completed,,cosine,semantic,semantic_h2_k10_t0_perhop,,,results/flag_md/flag/cosine,results/flag_md/flag/cosine/reddit__dga_gnn__flag__s0i0__9efd03fa3cd7.json,"dual-branch: raw text (384d) + LLM discriminative text (384d), attention-fused (models.py:DualGNN)",False
ac6aac5b1017,2026-09-19T11:59:30+00:00,14eedbd784f43524589dcc9c848191495f337851-dirty,reddit,dga_gnn,flag,flag_bundled,"NOT DGA-GNN - no decision-tree dynamic grouping, no bidirectional grouped aggregation. GraphSAGE-mean.",approximation,0,1,cpu,torch 2.14.0+cu130,3.12.14,Linux-5.15.0-119-generic-x86_64-with-glibc2.39,benchmark-v1,google/gemma-2-9b-it,False,3,5,False,0.15,validation_swept,0.6648067501360915,0.5547199960924007,0.6214832901266714,0.5351867448131598,0.14657415437987859,0.2526158445440957,0.18551042810098792,0.798246210318809,0.19425471553965518,0.022089148960667385,27.2,12.49,completed,,cosine,semantic,semantic_h2_k10_t0_perhop,,,results/flag_md/flag/cosine,results/flag_md/flag/cosine/reddit__dga_gnn__flag__s0i1__ac6aac5b1017.json,"dual-branch: raw text (384d) + LLM discriminative text (384d), attention-fused (models.py:DualGNN)",False
5144839aee2c,2026-09-19T12:00:15+00:00,14eedbd784f43524589dcc9c848191495f337851-dirty,reddit,dga_gnn,flag,flag_bundled,"NOT DGA-GNN - no decision-tree dynamic grouping, no bidirectional grouped aggregation. GraphSAGE-mean.",approximation,1,0,cpu,torch 2.14.0+cu130,3.12.14,Linux-5.15.0-119-generic-x86_64-with-glibc2.39,benchmark-v1,google/gemma-2-9b-it,False,3,5,False,0.15,validation_swept,0.6453241841675501,0.5418824470548609,0.6227974578320081,0.5280323382733187,0.14139411959035347,0.31988041853512705,0.1961053837342497,0.761471008089185,0.17734789449817284,0.018701423093233,27.26,12.55,completed,,cosine,semantic,semantic_h2_k10_t0_perhop,,,results/flag_md/flag/cosine,results/flag_md/flag/cosine/reddit__dga_gnn__flag__s1i0__5144839aee2c.json,"dual-branch: raw text (384d) + LLM discriminative text (384d), attention-fused (models.py:DualGNN)",False
fc0de513afc5,2026-09-19T12:00:59+00:00,14eedbd784f43524589dcc9c848191495f337851-dirty,reddit,dga_gnn,flag,flag_bundled,"NOT DGA-GNN - no decision-tree dynamic grouping, no bidirectional grouped aggregation. GraphSAGE-mean.",approximation,1,1,cpu,torch 2.14.0+cu130,3.12.14,Linux-5.15.0-119-generic-x86_64-with-glibc2.39,benchmark-v1,google/gemma-2-9b-it,False,2,5,False,0.15,validation_swept,0.6627116580236657,0.5525074058400339,0.6254275816441601,0.5284262879823247,0.15916575192096596,0.10837070254110613,0.12894619831036017,0.8668343416491061,0.20041503209565892,0.012344607088701248,26.97,12.56,completed,,cosine,semantic,semantic_h2_k10_t0_perhop,,,results/flag_md/flag/cosine,results/flag_md/flag/cosine/reddit__dga_gnn__flag__s1i1__fc0de513afc5.json,"dual-branch: raw text (384d) + LLM discriminative text (384d), attention-fused (models.py:DualGNN)",False
273780bb2b55,2026-09-19T12:01:42+00:00,14eedbd784f43524589dcc9c848191495f337851-dirty,reddit,dga_gnn,flag,flag_bundled,"NOT DGA-GNN - no decision-tree dynamic grouping, no bidirectional grouped aggregation. GraphSAGE-mean.",approximation,2,0,cpu,torch 2.14.0+cu130,3.12.14,Linux-5.15.0-119-generic-x86_64-with-glibc2.39,benchmark-v1,google/gemma-2-9b-it,False,5,5,False,0.2,validation_swept,0.6373986476807152,0.5556864855712994,0.6154943527311182,0.5296539569884505,0.14027671022290547,0.27279521674140506,0.18527918781725888,0.7817959350146149,0.172330031161778,0.04144497025547216,27.49,12.41,completed,,cosine,semantic,semantic_h2_k10_t0_perhop,,,results/flag_md/flag/cosine,results/flag_md/flag/cosine/reddit__dga_gnn__flag__s2i0__273780bb2b55.json,"dual-branch: raw text (384d) + LLM discriminative text (384d), attention-fused (models.py:DualGNN)",False
fbca7505fa40,2026-09-19T12:02:27+00:00,14eedbd784f43524589dcc9c848191495f337851-dirty,reddit,dga_gnn,flag,flag_bundled,"NOT DGA-GNN - no decision-tree dynamic grouping, no bidirectional grouped aggregation. GraphSAGE-mean.",approximation,2,1,cpu,torch 2.14.0+cu130,3.12.14,Linux-5.15.0-119-generic-x86_64-with-glibc2.39,benchmark-v1,google/gemma-2-9b-it,False,3,5,False,0.2,validation_swept,0.6522326161074978,0.5501504255513121,0.6255600351286761,0.5413567086581341,0.16395759717314487,0.17339312406576982,0.16854340719215402,0.8444021480524777,0.18903196845885728,0.038199855338380335,27.11,12.4,completed,,cosine,semantic,semantic_h2_k10_t0_perhop,,,results/flag_md/flag/cosine,results/flag_md/flag/cosine/reddit__dga_gnn__flag__s2i1__fbca7505fa40.json,"dual-branch: raw text (384d) + LLM discriminative text (384d), attention-fused (models.py:DualGNN)",False
e935df892dee,2026-09-19T12:03:11+00:00,14eedbd784f43524589dcc9c848191495f337851-dirty,reddit,dga_gnn,flag,flag_bundled,"NOT DGA-GNN - no decision-tree dynamic grouping, no bidirectional grouped aggregation. GraphSAGE-mean.",approximation,3,0,cpu,torch 2.14.0+cu130,3.12.14,Linux-5.15.0-119-generic-x86_64-with-glibc2.39,benchmark-v1,google/gemma-2-9b-it,False,5,5,False,0.2,validation_swept,0.6506872618399564,0.560075404838676,0.6192541315147972,0.5281941710779555,0.14187643020594964,0.3243647234678625,0.19740732317489199,0.7601114812045409,0.17214163424350676,0.052118465191937524,27.18,12.36,completed,,cosine,semantic,semantic_h2_k10_t0_perhop,,,results/flag_md/flag/cosine,results/flag_md/flag/cosine/reddit__dga_gnn__flag__s3i0__e935df892dee.json,"dual-branch: raw text (384d) + LLM discriminative text (384d), attention-fused (models.py:DualGNN)",False
b8abc333e963,2026-09-19T12:03:55+00:00,14eedbd784f43524589dcc9c848191495f337851-dirty,reddit,dga_gnn,flag,flag_bundled,"NOT DGA-GNN - no decision-tree dynamic grouping, no bidirectional grouped aggregation. GraphSAGE-mean.",approximation,3,1,cpu,torch 2.14.0+cu130,3.12.14,Linux-5.15.0-119-generic-x86_64-with-glibc2.39,benchmark-v1,google/gemma-2-9b-it,False,5,5,False,0.25,validation_swept,0.6599790848924161,0.560044943375307,0.6237095984736888,0.5314700407304596,0.1462561231630511,0.156203288490284,0.15106613661004697,0.8403235673985453,0.20071609830708803,0.04497304845412253,27.25,12.33,completed,,cosine,semantic,semantic_h2_k10_t0_perhop,,,results/flag_md/flag/cosine,results/flag_md/flag/cosine/reddit__dga_gnn__flag__s3i1__b8abc333e963.json,"dual-branch: raw text (384d) + LLM discriminative text (384d), attention-fused (models.py:DualGNN)",False
2a111831d919,2026-09-19T11:54:40+00:00,14eedbd784f43524589dcc9c848191495f337851-dirty,reddit,gat,flag,flag_bundled,"NOT canonical GAT - conv2 is a SAGEConv, not a GATConv, so the second layer performs no attention",adapted,0,0,cpu,torch 2.14.0+cu130,3.12.14,Linux-5.15.0-119-generic-x86_64-with-glibc2.39,benchmark-v1,google/gemma-2-9b-it,False,3,5,False,0.2,validation_swept,0.6886299171990946,0.5671838460154704,0.6480833869015464,0.5475469612788147,0.16471163245356793,0.25186846038863975,0.1991725768321513,0.8157841071307185,0.22325073936429257,0.03532315355655223,41.66,18.69,completed,,cosine,semantic,semantic_h2_k10_t0_perhop,,,results/flag_md/flag/cosine,results/flag_md/flag/cosine/reddit__gat__flag__s0i0__2a111831d919.json,"dual-branch: raw text (384d) + LLM discriminative text (384d), attention-fused (models.py:DualGNN)",False
b12806cb278f,2026-09-19T11:55:47+00:00,14eedbd784f43524589dcc9c848191495f337851-dirty,reddit,gat,flag,flag_bundled,"NOT canonical GAT - conv2 is a SAGEConv, not a GATConv, so the second layer performs no attention",adapted,0,1,cpu,torch 2.14.0+cu130,3.12.14,Linux-5.15.0-119-generic-x86_64-with-glibc2.39,benchmark-v1,google/gemma-2-9b-it,False,3,5,False,0.2,validation_swept,0.6885547087642897,0.5720166395627311,0.6490167648107865,0.5469705391005246,0.16375968992248063,0.2526158445440957,0.1987066431510876,0.8146964856230032,0.22527168892276422,0.034610352692694295,40.21,18.98,completed,,cosine,semantic,semantic_h2_k10_t0_perhop,,,results/flag_md/flag/cosine,results/flag_md/flag/cosine/reddit__gat__flag__s0i1__b12806cb278f.json,"dual-branch: raw text (384d) + LLM discriminative text (384d), attention-fused (models.py:DualGNN)",False
10e1ba233568,2026-09-19T11:56:52+00:00,14eedbd784f43524589dcc9c848191495f337851-dirty,reddit,gat,flag,flag_bundled,"NOT canonical GAT - conv2 is a SAGEConv, not a GATConv, so the second layer performs no attention",adapted,1,0,cpu,torch 2.14.0+cu130,3.12.14,Linux-5.15.0-119-generic-x86_64-with-glibc2.39,benchmark-v1,google/gemma-2-9b-it,False,2,5,False,0.25,validation_swept,0.6793148153453858,0.5779580837880055,0.6478112424952807,0.5533226519418126,0.19737991266375546,0.16890881913303438,0.18203785743052758,0.8619400448643872,0.21829312280271124,0.03493146973758374,39.02,18.57,completed,,cosine,semantic,semantic_h2_k10_t0_perhop,,,results/flag_md/flag/cosine,results/flag_md/flag/cosine/reddit__gat__flag__s1i0__10e1ba233568.json,"dual-branch: raw text (384d) + LLM discriminative text (384d), attention-fused (models.py:DualGNN)",False
bcb17a7c0cf0,2026-09-19T11:57:54+00:00,14eedbd784f43524589dcc9c848191495f337851-dirty,reddit,gat,flag,flag_bundled,"NOT canonical GAT - conv2 is a SAGEConv, not a GATConv, so the second layer performs no attention",adapted,1,1,cpu,torch 2.14.0+cu130,3.12.14,Linux-5.15.0-119-generic-x86_64-with-glibc2.39,benchmark-v1,google/gemma-2-9b-it,False,2,5,False,0.2,validation_swept,0.6987185915250839,0.5681814624066623,0.6396091023822962,0.5375841979309364,0.15177304964539007,0.31988041853512705,0.20586820586820587,0.7755421113452519,0.2056905929076245,0.043568565224096766,39.49,18.77,completed,,cosine,semantic,semantic_h2_k10_t0_perhop,,,results/flag_md/flag/cosine,results/flag_md/flag/cosine/reddit__gat__flag__s1i1__bcb17a7c0cf0.json,"dual-branch: raw text (384d) + LLM discriminative text (384d), attention-fused (models.py:DualGNN)",False
20a73fdd3887,2026-09-19T11:58:58+00:00,14eedbd784f43524589dcc9c848191495f337851-dirty,reddit,gat,flag,flag_bundled,"NOT canonical GAT - conv2 is a SAGEConv, not a GATConv, so the second layer performs no attention",adapted,2,0,cpu,torch 2.14.0+cu130,3.12.14,Linux-5.15.0-119-generic-x86_64-with-glibc2.39,benchmark-v1,google/gemma-2-9b-it,False,5,5,False,0.3,validation_swept,0.6964766638970862,0.577187790944178,0.6379641362909471,0.5404178653775285,0.16042780748663102,0.17937219730941703,0.16937191249117856,0.8399836856773842,0.21478092584873903,0.050289000407751985,39.05,18.57,completed,,cosine,semantic,semantic_h2_k10_t0_perhop,,,results/flag_md/flag/cosine,results/flag_md/flag/cosine/reddit__gat__flag__s2i0__20a73fdd3887.json,"dual-branch: raw text (384d) + LLM discriminative text (384d), attention-fused (models.py:DualGNN)",False
49d32d9871ae,2026-09-19T12:00:01+00:00,14eedbd784f43524589dcc9c848191495f337851-dirty,reddit,gat,flag,flag_bundled,"NOT canonical GAT - conv2 is a SAGEConv, not a GATConv, so the second layer performs no attention",adapted,2,1,cpu,torch 2.14.0+cu130,3.12.14,Linux-5.15.0-119-generic-x86_64-with-glibc2.39,benchmark-v1,google/gemma-2-9b-it,False,4,5,False,0.35,validation_swept,0.6597283901097326,0.5598529068002693,0.634071876078979,0.5343280757613358,0.14531802120141343,0.24588938714499253,0.18267629094947252,0.7998776425803821,0.19915437671581754,0.030817749261317945,38.72,18.5,completed,,cosine,semantic,semantic_h2_k10_t0_perhop,,,results/flag_md/flag/cosine,results/flag_md/flag/cosine/reddit__gat__flag__s2i1__49d32d9871ae.json,"dual-branch: raw text (384d) + LLM discriminative text (384d), attention-fused (models.py:DualGNN)",False
ba55742df738,2026-09-19T12:01:03+00:00,14eedbd784f43524589dcc9c848191495f337851-dirty,reddit,gat,flag,flag_bundled,"NOT canonical GAT - conv2 is a SAGEConv, not a GATConv, so the second layer performs no attention",adapted,3,0,cpu,torch 2.14.0+cu130,3.12.14,Linux-5.15.0-119-generic-x86_64-with-glibc2.39,benchmark-v1,google/gemma-2-9b-it,False,5,5,False,0.3,validation_swept,0.6700319456780219,0.5644772127392,0.6455671060210225,0.5494376423411361,0.17044167610419025,0.2249626307922272,0.19394329896907217,0.8299231867310176,0.21228549102295108,0.04360193992441737,39.04,18.55,completed,,cosine,semantic,semantic_h2_k10_t0_perhop,,,results/flag_md/flag/cosine,results/flag_md/flag/cosine/reddit__gat__flag__s3i0__ba55742df738.json,"dual-branch: raw text (384d) + LLM discriminative text (384d), attention-fused (models.py:DualGNN)",False
4de3ac4f1e2c,2026-09-19T12:02:06+00:00,14eedbd784f43524589dcc9c848191495f337851-dirty,reddit,gat,flag,flag_bundled,"NOT canonical GAT - conv2 is a SAGEConv, not a GATConv, so the second layer performs no attention",adapted,3,1,cpu,torch 2.14.0+cu130,3.12.14,Linux-5.15.0-119-generic-x86_64-with-glibc2.39,benchmark-v1,google/gemma-2-9b-it,False,5,5,False,0.35,validation_swept,0.7091510758387531,0.5762949769600314,0.6435390587441823,0.5437925742675724,0.16484926234765876,0.1920777279521674,0.1774249223334484,0.8380123716946503,0.21294792610816898,0.04184531211668939,38.94,18.56,completed,,cosine,semantic,semantic_h2_k10_t0_perhop,,,results/flag_md/flag/cosine,results/flag_md/flag/cosine/reddit__gat__flag__s3i1__4de3ac4f1e2c.json,"dual-branch: raw text (384d) + LLM discriminative text (384d), attention-fused (models.py:DualGNN)",False
d07bab514f3f,2026-09-19T12:03:01+00:00,14eedbd784f43524589dcc9c848191495f337851-dirty,reddit,gcn,flag,flag_bundled,faithful - two GCNConv layers plus the Eq. 6 skip,faithful,0,0,cpu,torch 2.14.0+cu130,3.12.14,Linux-5.15.0-119-generic-x86_64-with-glibc2.39,benchmark-v1,google/gemma-2-9b-it,False,2,5,False,0.15,validation_swept,0.6380934303641521,0.5543927951134789,0.6146608458669539,0.5286875241811367,0.1387530562347188,0.1696562032884903,0.1526563550773369,0.8286996125348379,0.17509909141380625,0.032122774430796766,30.54,17.07,completed,,cosine,semantic,semantic_h2_k10_t0_perhop,,,results/flag_md/flag/cosine,results/flag_md/flag/cosine/reddit__gcn__flag__s0i0__d07bab514f3f.json,"dual-branch: raw text (384d) + LLM discriminative text (384d), attention-fused (models.py:DualGNN)",False
626050d71d20,2026-09-19T12:03:56+00:00,14eedbd784f43524589dcc9c848191495f337851-dirty,reddit,gcn,flag,flag_bundled,faithful - two GCNConv layers plus the Eq. 6 skip,faithful,0,1,cpu,torch 2.14.0+cu130,3.12.14,Linux-5.15.0-119-generic-x86_64-with-glibc2.39,benchmark-v1,google/gemma-2-9b-it,False,2,5,False,0.2,validation_swept,0.6447404234593015,0.5512398824560499,0.6160343382025916,0.5212946224187003,0.15629322268326418,0.08445440956651719,0.1096555070354197,0.8752634083338998,0.17319209656205525,0.03018558401491801,30.69,17.01,completed,,cosine,semantic,semantic_h2_k10_t0_perhop,,,results/flag_md/flag/cosine,results/flag_md/flag/cosine/reddit__gcn__flag__s0i1__626050d71d20.json,"dual-branch: raw text (384d) + LLM discriminative text (384d), attention-fused (models.py:DualGNN)",False
68cdd6032b0c,2026-09-19T12:04:48+00:00,14eedbd784f43524589dcc9c848191495f337851-dirty,reddit,gcn,flag,flag_bundled,faithful - two GCNConv layers plus the Eq. 6 skip,faithful,1,0,cpu,torch 2.14.0+cu130,3.12.14,Linux-5.15.0-119-generic-x86_64-with-glibc2.39,benchmark-v1,google/gemma-2-9b-it,False,3,5,False,0.2,validation_swept,0.6382151964014555,0.5586173099088592,0.6077510214287383,0.5308495717257025,0.1473922902494331,0.14573991031390135,0.14656144306651633,0.8456257222486575,0.16837302522752662,0.033285816826224814,30.75,16.67,completed,,cosine,semantic,semantic_h2_k10_t0_perhop,,,results/flag_md/flag/cosine,results/flag_md/flag/cosine/reddit__gcn__flag__s1i0__68cdd6032b0c.json,"dual-branch: raw text (384d) + LLM discriminative text (384d), attention-fused (models.py:DualGNN)",False
96ac46c7f107,2026-09-19T12:05:41+00:00,14eedbd784f43524589dcc9c848191495f337851-dirty,reddit,gcn,flag,flag_bundled,faithful - two GCNConv layers plus the Eq. 6 skip,faithful,1,1,cpu,torch 2.14.0+cu130,3.12.14,Linux-5.15.0-119-generic-x86_64-with-glibc2.39,benchmark-v1,google/gemma-2-9b-it,False,3,5,False,0.2,validation_swept,0.6358908976305763,0.5610903159340659,0.6160208413601822,0.5343072887575292,0.15030467163168584,0.16591928251121077,0.15772646536412077,0.8388280878254367,0.1724709236657715,0.03346448348403154,29.9,16.64,completed,,cosine,semantic,semantic_h2_k10_t0_perhop,,,results/flag_md/flag/cosine,results/flag_md/flag/cosine/reddit__gcn__flag__s1i1__96ac46c7f107.json,"dual-branch: raw text (384d) + LLM discriminative text (384d), attention-fused (models.py:DualGNN)",False
5961c22961a6,2026-09-19T12:06:32+00:00,14eedbd784f43524589dcc9c848191495f337851-dirty,reddit,gcn,flag,flag_bundled,faithful - two GCNConv layers plus the Eq. 6 skip,faithful,2,0,cpu,torch 2.14.0+cu130,3.12.14,Linux-5.15.0-119-generic-x86_64-with-glibc2.39,benchmark-v1,google/gemma-2-9b-it,False,1,5,False,0.2,validation_swept,0.6321734521387846,0.549708642560915,0.6189139719647949,0.5210164807941132,0.14642857142857144,0.09192825112107623,0.11294765840220386,0.8686697029433758,0.18074580142014723,0.013499926749452726,29.74,16.55,completed,,cosine,semantic,semantic_h2_k10_t0_perhop,,,results/flag_md/flag/cosine,results/flag_md/flag/cosine/reddit__gcn__flag__s2i0__5961c22961a6.json,"dual-branch: raw text (384d) + LLM discriminative text (384d), attention-fused (models.py:DualGNN)",False
bfa5bd6a8a7c,2026-09-19T12:07:23+00:00,14eedbd784f43524589dcc9c848191495f337851-dirty,reddit,gcn,flag,flag_bundled,faithful - two GCNConv layers plus the Eq. 6 skip,faithful,2,1,cpu,torch 2.14.0+cu130,3.12.14,Linux-5.15.0-119-generic-x86_64-with-glibc2.39,benchmark-v1,google/gemma-2-9b-it,False,4,5,False,0.25,validation_swept,0.6454602756210068,0.5534021340522143,0.6151584965221739,0.5279786747240609,0.14655172413793102,0.12705530642750373,0.13610888710968774,0.8533070491468969,0.1782252730861114,0.043836787117018,29.93,16.67,completed,,cosine,semantic,semantic_h2_k10_t0_perhop,,,results/flag_md/flag/cosine,results/flag_md/flag/cosine/reddit__gcn__flag__s2i1__bfa5bd6a8a7c.json,"dual-branch: raw text (384d) + LLM discriminative text (384d), attention-fused (models.py:DualGNN)",False
ec47b3e2ef05,2026-09-19T12:08:15+00:00,14eedbd784f43524589dcc9c848191495f337851-dirty,reddit,gcn,flag,flag_bundled,faithful - two GCNConv layers plus the Eq. 6 skip,faithful,3,0,cpu,torch 2.14.0+cu130,3.12.14,Linux-5.15.0-119-generic-x86_64-with-glibc2.39,benchmark-v1,google/gemma-2-9b-it,False,3,5,False,0.2,validation_swept,0.6325172621264648,0.5512684876464051,0.6170068373941784,0.5316828024717863,0.14850746268656717,0.14872944693572496,0.1486183719193428,0.8450139351505676,0.18070858031437192,0.03176023232223873,29.72,16.57,completed,,cosine,semantic,semantic_h2_k10_t0_perhop,,,results/flag_md/flag/cosine,results/flag_md/flag/cosine/reddit__gcn__flag__s3i0__ec47b3e2ef05.json,"dual-branch: raw text (384d) + LLM discriminative text (384d), attention-fused (models.py:DualGNN)",False
c5f4b076d15a,2026-09-19T12:09:06+00:00,14eedbd784f43524589dcc9c848191495f337851-dirty,reddit,gcn,flag,flag_bundled,faithful - two GCNConv layers plus the Eq. 6 skip,faithful,3,1,cpu,torch 2.14.0+cu130,3.12.14,Linux-5.15.0-119-generic-x86_64-with-glibc2.39,benchmark-v1,google/gemma-2-9b-it,False,5,5,False,0.25,validation_swept,0.6345765406985072,0.5492989146933819,0.6090770931814176,0.5312264455060209,0.14173228346456693,0.18834080717488788,0.16174582798459564,0.8224457888654748,0.16699573253874656,0.04325606165939226,29.75,16.62,completed,,cosine,semantic,semantic_h2_k10_t0_perhop,,,results/flag_md/flag/cosine,results/flag_md/flag/cosine/reddit__gcn__flag__s3i1__c5f4b076d15a.json,"dual-branch: raw text (384d) + LLM discriminative text (384d), attention-fused (models.py:DualGNN)",False
7ec7399292fe,2026-09-19T11:54:40+00:00,14eedbd784f43524589dcc9c848191495f337851-dirty,reddit,geniepath,flag,flag_bundled,closest to faithful - Breadth(GAT)+Depth(LSTM) preserved; matches PyG's example globals exactly. No official author repo exists.,adapted,0,0,cpu,torch 2.14.0+cu130,3.12.14,Linux-5.15.0-119-generic-x86_64-with-glibc2.39,benchmark-v1,google/gemma-2-9b-it,False,2,5,False,0.2,validation_swept,0.6103558433372489,0.5528687238010821,0.6120911923798001,0.5368332442359907,0.15138971023063277,0.19133034379671152,0.1690326840541433,0.8289035415675345,0.17813641188763873,0.028582241622076225,424.88,135.45,completed,,cosine,semantic,semantic_h2_k10_t0_perhop,,,results/flag_md/flag/cosine,results/flag_md/flag/cosine/reddit__geniepath__flag__s0i0__7ec7399292fe.json,"dual-branch: raw text (384d) + LLM discriminative text (384d), attention-fused (models.py:DualGNN)",False
56fe5e01717e,2026-09-19T12:04:21+00:00,14eedbd784f43524589dcc9c848191495f337851-dirty,reddit,geniepath,flag,flag_bundled,closest to faithful - Breadth(GAT)+Depth(LSTM) preserved; matches PyG's example globals exactly. No official author repo exists.,adapted,0,1,cpu,torch 2.14.0+cu130,3.12.14,Linux-5.15.0-119-generic-x86_64-with-glibc2.39,benchmark-v1,google/gemma-2-9b-it,False,2,5,False,0.25,validation_swept,0.6256338996647852,0.5649797154102332,0.6158841963097006,0.5432536179227142,0.16532797858099063,0.18460388639760836,0.17443502824858756,0.8410713071850996,0.18490199056908835,0.049619993893696285,415.63,127.64,completed,,cosine,semantic,semantic_h2_k10_t0_perhop,,,results/flag_md/flag/cosine,results/flag_md/flag/cosine/reddit__geniepath__flag__s0i1__56fe5e01717e.json,"dual-branch: raw text (384d) + LLM discriminative text (384d), attention-fused (models.py:DualGNN)",False
5a07a47ac27b,2026-09-19T12:13:43+00:00,14eedbd784f43524589dcc9c848191495f337851-dirty,reddit,geniepath,flag,flag_bundled,closest to faithful - Breadth(GAT)+Depth(LSTM) preserved; matches PyG's example globals exactly. No official author repo exists.,adapted,1,0,cpu,torch 2.14.0+cu130,3.12.14,Linux-5.15.0-119-generic-x86_64-with-glibc2.39,benchmark-v1,google/gemma-2-9b-it,False,3,5,False,0.35,validation_swept,0.6331762312695184,0.5582537776110972,0.6216220309601358,0.5364014179721583,0.16874400767018216,0.13153961136023917,0.14783704325913483,0.8620759975528516,0.18704158938816212,0.0551588821576773,377.54,126.91,completed,,cosine,semantic,semantic_h2_k10_t0_perhop,,,results/flag_md/flag/cosine,results/flag_md/flag/cosine/reddit__geniepath__flag__s1i0__5a07a47ac27b.json,"dual-branch: raw text (384d) + LLM discriminative text (384d), attention-fused (models.py:DualGNN)",False
32fca095c937,2026-09-19T12:22:26+00:00,14eedbd784f43524589dcc9c848191495f337851-dirty,reddit,geniepath,flag,flag_bundled,closest to faithful - Breadth(GAT)+Depth(LSTM) preserved; matches PyG's example globals exactly. No official author repo exists.,adapted,1,1,cpu,torch 2.14.0+cu130,3.12.14,Linux-5.15.0-119-generic-x86_64-with-glibc2.39,benchmark-v1,google/gemma-2-9b-it,False,3,5,False,0.2,validation_swept,0.6114087614245194,0.5531698026627032,0.6090505745407413,0.5348163479175718,0.14595571622232265,0.2414050822122571,0.18192058575049283,0.8025287200054381,0.171137055600396,0.034783151228213946,364.64,131.47,completed,,cosine,semantic,semantic_h2_k10_t0_perhop,,,results/flag_md/flag/cosine,results/flag_md/flag/cosine/reddit__geniepath__flag__s1i1__32fca095c937.json,"dual-branch: raw text (384d) + LLM discriminative text (384d), attention-fused (models.py:DualGNN)",False
ab5f0155ef19,2026-09-19T12:31:02+00:00,14eedbd784f43524589dcc9c848191495f337851-dirty,reddit,geniepath,flag,flag_bundled,closest to faithful - Breadth(GAT)+Depth(LSTM) preserved; matches PyG's example globals exactly. No official author repo exists.,adapted,2,0,cpu,torch 2.14.0+cu130,3.12.14,Linux-5.15.0-119-generic-x86_64-with-glibc2.39,benchmark-v1,google/gemma-2-9b-it,False,2,5,False,0.2,validation_swept,0.6171138584075868,0.553661610268378,0.6191075105373175,0.5202933450188908,0.16375198728139906,0.07698056801195814,0.10472801220132182,0.8802936578070831,0.18004620111670022,0.01927791964888837,385.41,126.1,completed,,cosine,semantic,semantic_h2_k10_t0_perhop,,,results/flag_md/flag/cosine,results/flag_md/flag/cosine/reddit__geniepath__flag__s2i0__ab5f0155ef19.json,"dual-branch: raw text (384d) + LLM discriminative text (384d), attention-fused (models.py:DualGNN)",False
1ccfa91152fc,2026-09-19T12:39:52+00:00,14eedbd784f43524589dcc9c848191495f337851-dirty,reddit,geniepath,flag,flag_bundled,closest to faithful - Breadth(GAT)+Depth(LSTM) preserved; matches PyG's example globals exactly. No official author repo exists.,adapted,2,1,cpu,torch 2.14.0+cu130,3.12.14,Linux-5.15.0-119-generic-x86_64-with-glibc2.39,benchmark-v1,google/gemma-2-9b-it,False,4,5,False,0.3,validation_swept,0.626625934733404,0.556914573220423,0.6225127107840721,0.5359577058493226,0.15805946791862285,0.15097159940209268,0.154434250764526,0.8496363265583577,0.1970974355775872,0.03882064482961417,375.39,127.7,completed,,cosine,semantic,semantic_h2_k10_t0_perhop,,,results/flag_md/flag/cosine,results/flag_md/flag/cosine/reddit__geniepath__flag__s2i1__1ccfa91152fc.json,"dual-branch: raw text (384d) + LLM discriminative text (384d), attention-fused (models.py:DualGNN)",False
1064596f812b,2026-09-19T12:48:34+00:00,14eedbd784f43524589dcc9c848191495f337851-dirty,reddit,geniepath,flag,flag_bundled,closest to faithful - Breadth(GAT)+Depth(LSTM) preserved; matches PyG's example globals exactly. No official author repo exists.,adapted,3,0,cpu,torch 2.14.0+cu130,3.12.14,Linux-5.15.0-119-generic-x86_64-with-glibc2.39,benchmark-v1,google/gemma-2-9b-it,False,3,5,False,0.35,validation_swept,0.6082285190384781,0.5446015848558221,0.604841990817229,0.5304892536225039,0.1440329218106996,0.15695067264573992,0.15021459227467812,0.8384882061042757,0.16362057184807932,0.08505308374052979,370.97,126.64,completed,,cosine,semantic,semantic_h2_k10_t0_perhop,,,results/flag_md/flag/cosine,results/flag_md/flag/cosine/reddit__geniepath__flag__s3i0__1064596f812b.json,"dual-branch: raw text (384d) + LLM discriminative text (384d), attention-fused (models.py:DualGNN)",False
5747dcdbadee,2026-09-19T12:57:10+00:00,14eedbd784f43524589dcc9c848191495f337851-dirty,reddit,geniepath,flag,flag_bundled,closest to faithful - Breadth(GAT)+Depth(LSTM) preserved; matches PyG's example globals exactly. No official author repo exists.,adapted,3,1,cpu,torch 2.14.0+cu130,3.12.14,Linux-5.15.0-119-generic-x86_64-with-glibc2.39,benchmark-v1,google/gemma-2-9b-it,False,3,5,False,0.35,validation_swept,0.6158174082457096,0.5486310420902427,0.6101344576119229,0.5358600256167757,0.14757281553398058,0.22720478325859492,0.1789287816362566,0.8103459995921419,0.18073289139697296,0.09501197470337999,373.2,127.51,completed,,cosine,semantic,semantic_h2_k10_t0_perhop,,,results/flag_md/flag/cosine,results/flag_md/flag/cosine/reddit__geniepath__flag__s3i1__5747dcdbadee.json,"dual-branch: raw text (384d) + LLM discriminative text (384d), attention-fused (models.py:DualGNN)",False
fb0018259060,2026-09-19T11:59:44+00:00,14eedbd784f43524589dcc9c848191495f337851-dirty,reddit,pmp,flag,flag_bundled,"partial - fraud/benign partition present, but applied to the aggregated mean rather than per-neighbour before aggregation",adapted,0,0,cpu,torch 2.14.0+cu130,3.12.14,Linux-5.15.0-119-generic-x86_64-with-glibc2.39,benchmark-v1,google/gemma-2-9b-it,False,5,5,False,0.2,validation_swept,0.6499942698335387,0.5595411686434651,0.6175307272523435,0.5324806213520933,0.15423302598491198,0.1375186846038864,0.1453970762544449,0.8529671674257359,0.17287303456074682,0.05633920384186078,36.74,18.48,completed,,cosine,semantic,semantic_h2_k10_t0_perhop,,,results/flag_md/flag/cosine,results/flag_md/flag/cosine/reddit__pmp__flag__s0i0__fb0018259060.json,"dual-branch: raw text (384d) + LLM discriminative text (384d), attention-fused (models.py:DualGNN)",False
eaa83f19802a,2026-09-19T12:00:46+00:00,14eedbd784f43524589dcc9c848191495f337851-dirty,reddit,pmp,flag,flag_bundled,"partial - fraud/benign partition present, but applied to the aggregated mean rather than per-neighbour before aggregation",adapted,0,1,cpu,torch 2.14.0+cu130,3.12.14,Linux-5.15.0-119-generic-x86_64-with-glibc2.39,benchmark-v1,google/gemma-2-9b-it,False,2,5,False,0.1,validation_swept,0.6596066240724293,0.5510946091782722,0.6387114366150837,0.5414011763678689,0.1553398058252427,0.28699551569506726,0.2015748031496063,0.7932159608456257,0.20955236646313535,0.038432586275046504,36.26,18.36,completed,,cosine,semantic,semantic_h2_k10_t0_perhop,,,results/flag_md/flag/cosine,results/flag_md/flag/cosine/reddit__pmp__flag__s0i1__eaa83f19802a.json,"dual-branch: raw text (384d) + LLM discriminative text (384d), attention-fused (models.py:DualGNN)",False
f6c3806cc88d,2026-09-19T12:01:46+00:00,14eedbd784f43524589dcc9c848191495f337851-dirty,reddit,pmp,flag,flag_bundled,"partial - fraud/benign partition present, but applied to the aggregated mean rather than per-neighbour before aggregation",adapted,1,0,cpu,torch 2.14.0+cu130,3.12.14,Linux-5.15.0-119-generic-x86_64-with-glibc2.39,benchmark-v1,google/gemma-2-9b-it,False,2,5,False,0.15,validation_swept,0.677058562301235,0.5618481296109937,0.6394112045811693,0.5397764916803011,0.15922718187874751,0.17862481315396114,0.16836914406481154,0.8395078512677588,0.2115854436191344,0.027217850803293434,36.54,18.19,completed,,cosine,semantic,semantic_h2_k10_t0_perhop,,,results/flag_md/flag/cosine,results/flag_md/flag/cosine/reddit__pmp__flag__s1i0__f6c3806cc88d.json,"dual-branch: raw text (384d) + LLM discriminative text (384d), attention-fused (models.py:DualGNN)",False
360fad76d4e6,2026-09-19T12:02:46+00:00,14eedbd784f43524589dcc9c848191495f337851-dirty,reddit,pmp,flag,flag_bundled,"partial - fraud/benign partition present, but applied to the aggregated mean rather than per-neighbour before aggregation",adapted,1,1,cpu,torch 2.14.0+cu130,3.12.14,Linux-5.15.0-119-generic-x86_64-with-glibc2.39,benchmark-v1,google/gemma-2-9b-it,False,1,5,False,0.2,validation_swept,0.6665437068446839,0.5617458426102189,0.6358706446974958,0.5411088648768295,0.17130801687763714,0.1517189835575486,0.16091954022988506,0.8560940792604174,0.19947075611490792,0.017674778493170132,36.59,18.4,completed,,cosine,semantic,semantic_h2_k10_t0_perhop,,,results/flag_md/flag/cosine,results/flag_md/flag/cosine/reddit__pmp__flag__s1i1__360fad76d4e6.json,"dual-branch: raw text (384d) + LLM discriminative text (384d), attention-fused (models.py:DualGNN)",False
f5db6eb4a040,2026-09-19T12:03:46+00:00,14eedbd784f43524589dcc9c848191495f337851-dirty,reddit,pmp,flag,flag_bundled,"partial - fraud/benign partition present, but applied to the aggregated mean rather than per-neighbour before aggregation",adapted,2,0,cpu,torch 2.14.0+cu130,3.12.14,Linux-5.15.0-119-generic-x86_64-with-glibc2.39,benchmark-v1,google/gemma-2-9b-it,False,1,5,False,0.15,validation_swept,0.6543814285304989,0.561005857214388,0.6287818124487721,0.53344785075947,0.14423076923076922,0.21300448430493274,0.171997585998793,0.8134729114268234,0.19825469899694154,0.007185482688832626,36.28,18.44,completed,,cosine,semantic,semantic_h2_k10_t0_perhop,,,results/flag_md/flag/cosine,results/flag_md/flag/cosine/reddit__pmp__flag__s2i0__f5db6eb4a040.json,"dual-branch: raw text (384d) + LLM discriminative text (384d), attention-fused (models.py:DualGNN)",False
f78298d35797,2026-09-19T12:04:46+00:00,14eedbd784f43524589dcc9c848191495f337851-dirty,reddit,pmp,flag,flag_bundled,"partial - fraud/benign partition present, but applied to the aggregated mean rather than per-neighbour before aggregation",adapted,2,1,cpu,torch 2.14.0+cu130,3.12.14,Linux-5.15.0-119-generic-x86_64-with-glibc2.39,benchmark-v1,google/gemma-2-9b-it,False,2,5,False,0.2,validation_swept,0.6503810560696788,0.567279445385767,0.6263548957546367,0.532117420174236,0.16309887869520898,0.11958146487294469,0.13799051315222077,0.8641152878798178,0.18969289458032756,0.021621793394005658,36.32,18.27,completed,,cosine,semantic,semantic_h2_k10_t0_perhop,,,results/flag_md/flag/cosine,results/flag_md/flag/cosine/reddit__pmp__flag__s2i1__f78298d35797.json,"dual-branch: raw text (384d) + LLM discriminative text (384d), attention-fused (models.py:DualGNN)",False
d20d2cfc26fe,2026-09-19T12:05:46+00:00,14eedbd784f43524589dcc9c848191495f337851-dirty,reddit,pmp,flag,flag_bundled,"partial - fraud/benign partition present, but applied to the aggregated mean rather than per-neighbour before aggregation",adapted,3,0,cpu,torch 2.14.0+cu130,3.12.14,Linux-5.15.0-119-generic-x86_64-with-glibc2.39,benchmark-v1,google/gemma-2-9b-it,False,2,5,False,0.25,validation_swept,0.6582278027676705,0.5503816037268312,0.622135805172437,0.5254554713297956,0.14080944350758853,0.12481315396113603,0.13232963549920762,0.8511318061314662,0.18887268895216103,0.04051854188948546,35.85,18.19,completed,,cosine,semantic,semantic_h2_k10_t0_perhop,,,results/flag_md/flag/cosine,results/flag_md/flag/cosine/reddit__pmp__flag__s3i0__d20d2cfc26fe.json,"dual-branch: raw text (384d) + LLM discriminative text (384d), attention-fused (models.py:DualGNN)",False
34af9f20767c,2026-09-19T12:06:45+00:00,14eedbd784f43524589dcc9c848191495f337851-dirty,reddit,pmp,flag,flag_bundled,"partial - fraud/benign partition present, but applied to the aggregated mean rather than per-neighbour before aggregation",adapted,3,1,cpu,torch 2.14.0+cu130,3.12.14,Linux-5.15.0-119-generic-x86_64-with-glibc2.39,benchmark-v1,google/gemma-2-9b-it,False,2,5,False,0.25,validation_swept,0.6599575967681861,0.5520388444112441,0.620493773177264,0.5329500061527501,0.14342828585707146,0.21449925261584454,0.1719077568134172,0.8120454081979471,0.17897858132146552,0.049151141410525435,35.68,18.3,completed,,cosine,semantic,semantic_h2_k10_t0_perhop,,,results/flag_md/flag/cosine,results/flag_md/flag/cosine/reddit__pmp__flag__s3i1__34af9f20767c.json,"dual-branch: raw text (384d) + LLM discriminative text (384d), attention-fused (models.py:DualGNN)",False
1416b24c2376,2026-09-19T22:12:40+00:00,14eedbd784f43524589dcc9c848191495f337851-dirty,instagram,bwgnn,flag,flag_bundled,"beta-wavelet basis NOT applied - the polynomial is evaluated over raw adjacency A, not the normalised Laplacian, so it is not a beta wavelet. Theta coefficients themselves are correct.",approximation,0,0,cpu,torch 2.14.0+cu130,3.12.14,Linux-5.15.0-119-generic-x86_64-with-glibc2.39,benchmark-v1,google/gemma-2-9b-it,False,5,5,False,0.1,validation_swept,0.6123999692212989,0.5657947588743437,0.5470981848876331,0.5353904156493153,0.15675675675675677,0.15051903114186851,0.15357458075904679,0.8491664045297264,0.1268166089965398,0.07064618965447239,19.42,8.81,completed,,md_K2_matched,markov_diffusion,markov_diffusion_h2_k10_t0_perhop_K2_matched_cosine,2.0,matched_cosine,results/flag_md/flag/md_K2_matched,results/flag_md/flag/md_K2_matched/instagram__bwgnn__flag__s0i0__1416b24c2376.json,"dual-branch: raw text (384d) + LLM discriminative text (384d), attention-fused (models.py:DualGNN)",False
e7ac3f4b8bfe,2026-09-19T22:13:14+00:00,14eedbd784f43524589dcc9c848191495f337851-dirty,instagram,bwgnn,flag,flag_bundled,"beta-wavelet basis NOT applied - the polynomial is evaluated over raw adjacency A, not the normalised Laplacian, so it is not a beta wavelet. Theta coefficients themselves are correct.",approximation,0,1,cpu,torch 2.14.0+cu130,3.12.14,Linux-5.15.0-119-generic-x86_64-with-glibc2.39,benchmark-v1,google/gemma-2-9b-it,False,3,5,False,0.2,validation_swept,0.5978377962449984,0.5481961989302379,0.5737066127081811,0.5291604319404416,0.13797313797313798,0.19550173010380623,0.16177523264137436,0.8158225857187795,0.11176470588235299,0.039753493020904515,18.12,8.76,completed,,md_K2_matched,markov_diffusion,markov_diffusion_h2_k10_t0_perhop_K2_matched_cosine,2.0,matched_cosine,results/flag_md/flag/md_K2_matched,results/flag_md/flag/md_K2_matched/instagram__bwgnn__flag__s0i1__e7ac3f4b8bfe.json,"dual-branch: raw text (384d) + LLM discriminative text (384d), attention-fused (models.py:DualGNN)",False
ac9f86409c4e,2026-09-19T22:13:43+00:00,14eedbd784f43524589dcc9c848191495f337851-dirty,instagram,bwgnn,flag,flag_bundled,"beta-wavelet basis NOT applied - the polynomial is evaluated over raw adjacency A, not the normalised Laplacian, so it is not a beta wavelet. Theta coefficients themselves are correct.",approximation,1,0,cpu,torch 2.14.0+cu130,3.12.14,Linux-5.15.0-119-generic-x86_64-with-glibc2.39,benchmark-v1,google/gemma-2-9b-it,False,1,5,False,0.15,validation_swept,0.6111111111111112,0.5656374594343996,0.577185079201638,0.5399005471575201,0.16031746031746033,0.17474048442906576,0.1672185430463576,0.8417741428122051,0.13287197231833908,0.01413796870193186,17.84,8.72,completed,,md_K2_matched,markov_diffusion,markov_diffusion_h2_k10_t0_perhop_K2_matched_cosine,2.0,matched_cosine,results/flag_md/flag/md_K2_matched,results/flag_md/flag/md_K2_matched/instagram__bwgnn__flag__s1i0__ac9f86409c4e.json,"dual-branch: raw text (384d) + LLM discriminative text (384d), attention-fused (models.py:DualGNN)",False
e45478baab40,2026-09-19T22:14:12+00:00,14eedbd784f43524589dcc9c848191495f337851-dirty,instagram,bwgnn,flag,flag_bundled,"beta-wavelet basis NOT applied - the polynomial is evaluated over raw adjacency A, not the normalised Laplacian, so it is not a beta wavelet. Theta coefficients themselves are correct.",approximation,1,1,cpu,torch 2.14.0+cu130,3.12.14,Linux-5.15.0-119-generic-x86_64-with-glibc2.39,benchmark-v1,google/gemma-2-9b-it,False,3,5,False,0.2,validation_swept,0.6058691135734072,0.5609746014520838,0.5762520803151303,0.5329762114400295,0.15833333333333333,0.1314878892733564,0.14366729678638943,0.857502359232463,0.11245674740484435,0.028175003290499826,17.85,8.74,completed,,md_K2_matched,markov_diffusion,markov_diffusion_h2_k10_t0_perhop_K2_matched_cosine,2.0,matched_cosine,results/flag_md/flag/md_K2_matched,results/flag_md/flag/md_K2_matched/instagram__bwgnn__flag__s1i1__e45478baab40.json,"dual-branch: raw text (384d) + LLM discriminative text (384d), attention-fused (models.py:DualGNN)",False
94d7a78481a8,2026-09-19T22:14:41+00:00,14eedbd784f43524589dcc9c848191495f337851-dirty,instagram,bwgnn,flag,flag_bundled,"beta-wavelet basis NOT applied - the polynomial is evaluated over raw adjacency A, not the normalised Laplacian, so it is not a beta wavelet. Theta coefficients themselves are correct.",approximation,2,0,cpu,torch 2.14.0+cu130,3.12.14,Linux-5.15.0-119-generic-x86_64-with-glibc2.39,benchmark-v1,google/gemma-2-9b-it,False,1,5,False,0.15,validation_swept,0.5776585103108649,0.5475783475783476,0.5845769327474527,0.5296052631578947,0.14901960784313725,0.1314878892733564,0.13970588235294118,0.8527838943063857,0.1358131487889273,0.009192671186193147,17.84,8.71,completed,,md_K2_matched,markov_diffusion,markov_diffusion_h2_k10_t0_perhop_K2_matched_cosine,2.0,matched_cosine,results/flag_md/flag/md_K2_matched,results/flag_md/flag/md_K2_matched/instagram__bwgnn__flag__s2i0__94d7a78481a8.json,"dual-branch: raw text (384d) + LLM discriminative text (384d), attention-fused (models.py:DualGNN)",False
91beba8cc3d5,2026-09-19T22:15:10+00:00,14eedbd784f43524589dcc9c848191495f337851-dirty,instagram,bwgnn,flag,flag_bundled,"beta-wavelet basis NOT applied - the polynomial is evaluated over raw adjacency A, not the normalised Laplacian, so it is not a beta wavelet. Theta coefficients themselves are correct.",approximation,2,1,cpu,torch 2.14.0+cu130,3.12.14,Linux-5.15.0-119-generic-x86_64-with-glibc2.39,benchmark-v1,google/gemma-2-9b-it,False,3,5,False,0.2,validation_swept,0.6113034779932287,0.5691594317284925,0.587913069766885,0.5367187855109814,0.16074766355140188,0.14878892733564014,0.1545372866127583,0.8519974834853727,0.1301038062283737,0.025469177985548045,17.82,8.73,completed,,md_K2_matched,markov_diffusion,markov_diffusion_h2_k10_t0_perhop_K2_matched_cosine,2.0,matched_cosine,results/flag_md/flag/md_K2_matched,results/flag_md/flag/md_K2_matched/instagram__bwgnn__flag__s2i1__91beba8cc3d5.json,"dual-branch: raw text (384d) + LLM discriminative text (384d), attention-fused (models.py:DualGNN)",False
72cac81d76fb,2026-09-19T22:15:39+00:00,14eedbd784f43524589dcc9c848191495f337851-dirty,instagram,bwgnn,flag,flag_bundled,"beta-wavelet basis NOT applied - the polynomial is evaluated over raw adjacency A, not the normalised Laplacian, so it is not a beta wavelet. Theta coefficients themselves are correct.",approximation,3,0,cpu,torch 2.14.0+cu130,3.12.14,Linux-5.15.0-119-generic-x86_64-with-glibc2.39,benchmark-v1,google/gemma-2-9b-it,False,1,5,False,0.15,validation_swept,0.6054170514004309,0.5549599045478509,0.5882640294057782,0.5283524073829347,0.15979381443298968,0.10726643598615918,0.12836438923395446,0.8675684177414281,0.13287197231833903,0.006394774683192475,17.75,8.73,completed,,md_K2_matched,markov_diffusion,markov_diffusion_h2_k10_t0_perhop_K2_matched_cosine,2.0,matched_cosine,results/flag_md/flag/md_K2_matched,results/flag_md/flag/md_K2_matched/instagram__bwgnn__flag__s3i0__72cac81d76fb.json,"dual-branch: raw text (384d) + LLM discriminative text (384d), attention-fused (models.py:DualGNN)",False
c97543acdb28,2026-09-19T22:16:08+00:00,14eedbd784f43524589dcc9c848191495f337851-dirty,instagram,bwgnn,flag,flag_bundled,"beta-wavelet basis NOT applied - the polynomial is evaluated over raw adjacency A, not the normalised Laplacian, so it is not a beta wavelet. Theta coefficients themselves are correct.",approximation,3,1,cpu,torch 2.14.0+cu130,3.12.14,Linux-5.15.0-119-generic-x86_64-with-glibc2.39,benchmark-v1,google/gemma-2-9b-it,False,1,5,False,0.1,validation_swept,0.6389273622653124,0.5757394627687514,0.559367105278912,0.5356742307232802,0.15275590551181104,0.16782006920415224,0.15993404781533388,0.8397294746775715,0.1384083044982698,0.05831132371393401,17.8,8.71,completed,,md_K2_matched,markov_diffusion,markov_diffusion_h2_k10_t0_perhop_K2_matched_cosine,2.0,matched_cosine,results/flag_md/flag/md_K2_matched,results/flag_md/flag/md_K2_matched/instagram__bwgnn__flag__s3i1__c97543acdb28.json,"dual-branch: raw text (384d) + LLM discriminative text (384d), attention-fused (models.py:DualGNN)",False
67b8652853dd,2026-09-19T22:12:40+00:00,14eedbd784f43524589dcc9c848191495f337851-dirty,instagram,care_gnn,flag,flag_bundled,"NOT CARE-GNN - no RL neighbour filtering, no label-aware similarity, no multi-relation aggregation. A similarity-gated mean aggregator.",approximation,0,0,cpu,torch 2.14.0+cu130,3.12.14,Linux-5.15.0-119-generic-x86_64-with-glibc2.39,benchmark-v1,google/gemma-2-9b-it,False,5,5,False,0.15,validation_swept,0.6030124653739611,0.5786088911088911,0.6003527555944014,0.5468136387098426,0.1801125703564728,0.16608996539792387,0.17281728172817282,0.8554576910978295,0.18633217993079587,0.03324887479432835,22.17,10.02,completed,,md_K2_matched,markov_diffusion,markov_diffusion_h2_k10_t0_perhop_K2_matched_cosine,2.0,matched_cosine,results/flag_md/flag/md_K2_matched,results/flag_md/flag/md_K2_matched/instagram__care_gnn__flag__s0i0__67b8652853dd.json,"dual-branch: raw text (384d) + LLM discriminative text (384d), attention-fused (models.py:DualGNN)",False
ad89a484b7cc,2026-09-19T22:13:18+00:00,14eedbd784f43524589dcc9c848191495f337851-dirty,instagram,care_gnn,flag,flag_bundled,"NOT CARE-GNN - no RL neighbour filtering, no label-aware similarity, no multi-relation aggregation. A similarity-gated mean aggregator.",approximation,0,1,cpu,torch 2.14.0+cu130,3.12.14,Linux-5.15.0-119-generic-x86_64-with-glibc2.39,benchmark-v1,google/gemma-2-9b-it,False,4,5,False,0.25,validation_swept,0.5990304709141274,0.5680264427518529,0.5961591994827649,0.542934067578959,0.18025751072961374,0.1453287197231834,0.16091954022988506,0.8622208241585404,0.1731833910034602,0.045168517887640355,20.99,10.02,completed,,md_K2_matched,markov_diffusion,markov_diffusion_h2_k10_t0_perhop_K2_matched_cosine,2.0,matched_cosine,results/flag_md/flag/md_K2_matched,results/flag_md/flag/md_K2_matched/instagram__care_gnn__flag__s0i1__ad89a484b7cc.json,"dual-branch: raw text (384d) + LLM discriminative text (384d), attention-fused (models.py:DualGNN)",False
c40ef1bb07e9,2026-09-19T22:13:51+00:00,14eedbd784f43524589dcc9c848191495f337851-dirty,instagram,care_gnn,flag,flag_bundled,"NOT CARE-GNN - no RL neighbour filtering, no label-aware similarity, no multi-relation aggregation. A similarity-gated mean aggregator.",approximation,1,0,cpu,torch 2.14.0+cu130,3.12.14,Linux-5.15.0-119-generic-x86_64-with-glibc2.39,benchmark-v1,google/gemma-2-9b-it,False,2,5,False,0.15,validation_swept,0.6550092336103416,0.5783954202273294,0.6172788879443493,0.5466419281491587,0.16328828828828829,0.2508650519031142,0.19781718963165076,0.8150361748977666,0.18996539792387546,0.013753192434828535,20.91,10.0,completed,,md_K2_matched,markov_diffusion,markov_diffusion_h2_k10_t0_perhop_K2_matched_cosine,2.0,matched_cosine,results/flag_md/flag/md_K2_matched,results/flag_md/flag/md_K2_matched/instagram__care_gnn__flag__s1i0__c40ef1bb07e9.json,"dual-branch: raw text (384d) + LLM discriminative text (384d), attention-fused (models.py:DualGNN)",False
96d730c2ab9e,2026-09-19T22:14:25+00:00,14eedbd784f43524589dcc9c848191495f337851-dirty,instagram,care_gnn,flag,flag_bundled,"NOT CARE-GNN - no RL neighbour filtering, no label-aware similarity, no multi-relation aggregation. A similarity-gated mean aggregator.",approximation,1,1,cpu,torch 2.14.0+cu130,3.12.14,Linux-5.15.0-119-generic-x86_64-with-glibc2.39,benchmark-v1,google/gemma-2-9b-it,False,5,5,False,0.3,validation_swept,0.5632309941520468,0.5715236263995347,0.5807403227930701,0.5413333069807891,0.1774891774891775,0.14186851211072665,0.1576923076923077,0.8622208241585404,0.14463667820069204,0.08044218292818578,20.84,9.97,completed,,md_K2_matched,markov_diffusion,markov_diffusion_h2_k10_t0_perhop_K2_matched_cosine,2.0,matched_cosine,results/flag_md/flag/md_K2_matched,results/flag_md/flag/md_K2_matched/instagram__care_gnn__flag__s1i1__96d730c2ab9e.json,"dual-branch: raw text (384d) + LLM discriminative text (384d), attention-fused (models.py:DualGNN)",False
fd27e3886864,2026-09-19T22:14:58+00:00,14eedbd784f43524589dcc9c848191495f337851-dirty,instagram,care_gnn,flag,flag_bundled,"NOT CARE-GNN - no RL neighbour filtering, no label-aware similarity, no multi-relation aggregation. A similarity-gated mean aggregator.",approximation,2,0,cpu,torch 2.14.0+cu130,3.12.14,Linux-5.15.0-119-generic-x86_64-with-glibc2.39,benchmark-v1,google/gemma-2-9b-it,False,5,5,False,0.1,validation_swept,0.6030317020621729,0.5827327327327327,0.6034682894122436,0.5512671937783246,0.17835365853658536,0.20242214532871972,0.18962722852512157,0.8427178357974205,0.17283737024221457,0.04404404199311655,20.89,10.02,completed,,md_K2_matched,markov_diffusion,markov_diffusion_h2_k10_t0_perhop_K2_matched_cosine,2.0,matched_cosine,results/flag_md/flag/md_K2_matched,results/flag_md/flag/md_K2_matched/instagram__care_gnn__flag__s2i0__fd27e3886864.json,"dual-branch: raw text (384d) + LLM discriminative text (384d), attention-fused (models.py:DualGNN)",False
28c7496719b6,2026-09-19T22:15:31+00:00,14eedbd784f43524589dcc9c848191495f337851-dirty,instagram,care_gnn,flag,flag_bundled,"NOT CARE-GNN - no RL neighbour filtering, no label-aware similarity, no multi-relation aggregation. A similarity-gated mean aggregator.",approximation,2,1,cpu,torch 2.14.0+cu130,3.12.14,Linux-5.15.0-119-generic-x86_64-with-glibc2.39,benchmark-v1,google/gemma-2-9b-it,False,5,5,False,0.1,validation_swept,0.5933941212680824,0.5658680443439889,0.5948786832054215,0.5428243398392651,0.16042780748663102,0.20761245674740483,0.18099547511312217,0.8291915696759987,0.15743944636678198,0.04935582146098645,20.89,10.02,completed,,md_K2_matched,markov_diffusion,markov_diffusion_h2_k10_t0_perhop_K2_matched_cosine,2.0,matched_cosine,results/flag_md/flag/md_K2_matched,results/flag_md/flag/md_K2_matched/instagram__care_gnn__flag__s2i1__28c7496719b6.json,"dual-branch: raw text (384d) + LLM discriminative text (384d), attention-fused (models.py:DualGNN)",False
c54e8a010bed,2026-09-19T22:16:05+00:00,14eedbd784f43524589dcc9c848191495f337851-dirty,instagram,care_gnn,flag,flag_bundled,"NOT CARE-GNN - no RL neighbour filtering, no label-aware similarity, no multi-relation aggregation. A similarity-gated mean aggregator.",approximation,3,0,cpu,torch 2.14.0+cu130,3.12.14,Linux-5.15.0-119-generic-x86_64-with-glibc2.39,benchmark-v1,google/gemma-2-9b-it,False,1,5,False,0.1,validation_swept,0.6723607263773469,0.5978841933487142,0.6207732187114617,0.5330988397810421,0.1484490398818316,0.3477508650519031,0.2080745341614907,0.7593582887700535,0.19896193771626297,0.013418787559503145,20.78,9.99,completed,,md_K2_matched,markov_diffusion,markov_diffusion_h2_k10_t0_perhop_K2_matched_cosine,2.0,matched_cosine,results/flag_md/flag/md_K2_matched,results/flag_md/flag/md_K2_matched/instagram__care_gnn__flag__s3i0__c54e8a010bed.json,"dual-branch: raw text (384d) + LLM discriminative text (384d), attention-fused (models.py:DualGNN)",False
76ba5a8feab7,2026-09-19T22:16:38+00:00,14eedbd784f43524589dcc9c848191495f337851-dirty,instagram,care_gnn,flag,flag_bundled,"NOT CARE-GNN - no RL neighbour filtering, no label-aware similarity, no multi-relation aggregation. A similarity-gated mean aggregator.",approximation,3,1,cpu,torch 2.14.0+cu130,3.12.14,Linux-5.15.0-119-generic-x86_64-with-glibc2.39,benchmark-v1,google/gemma-2-9b-it,False,1,5,False,0.1,validation_swept,0.657202216066482,0.5726076555023923,0.6161415991187845,0.5321041438368612,0.14576802507836992,0.3217993079584775,0.20064724919093851,0.7669078326517773,0.19463667820069203,0.020704272294844093,20.77,9.99,completed,,md_K2_matched,markov_diffusion,markov_diffusion_h2_k10_t0_perhop_K2_matched_cosine,2.0,matched_cosine,results/flag_md/flag/md_K2_matched,results/flag_md/flag/md_K2_matched/instagram__care_gnn__flag__s3i1__76ba5a8feab7.json,"dual-branch: raw text (384d) + LLM discriminative text (384d), attention-fused (models.py:DualGNN)",False
605f5c68d63e,2026-09-19T22:12:40+00:00,14eedbd784f43524589dcc9c848191495f337851-dirty,instagram,dga_gnn,flag,flag_bundled,"NOT DGA-GNN - no decision-tree dynamic grouping, no bidirectional grouped aggregation. GraphSAGE-mean.",approximation,0,0,cpu,torch 2.14.0+cu130,3.12.14,Linux-5.15.0-119-generic-x86_64-with-glibc2.39,benchmark-v1,google/gemma-2-9b-it,False,4,5,False,0.2,validation_swept,0.6002039088950447,0.5559565263268966,0.6078662851258965,0.5517449375269281,0.1894934333958724,0.17474048442906576,0.18181818181818182,0.8570305127398553,0.16989619377162624,0.027322654116819042,16.83,7.05,completed,,md_K2_matched,markov_diffusion,markov_diffusion_h2_k10_t0_perhop_K2_matched_cosine,2.0,matched_cosine,results/flag_md/flag/md_K2_matched,results/flag_md/flag/md_K2_matched/instagram__dga_gnn__flag__s0i0__605f5c68d63e.json,"dual-branch: raw text (384d) + LLM discriminative text (384d), attention-fused (models.py:DualGNN)",False
1b0650e77de5,2026-09-19T22:13:09+00:00,14eedbd784f43524589dcc9c848191495f337851-dirty,instagram,dga_gnn,flag,flag_bundled,"NOT DGA-GNN - no decision-tree dynamic grouping, no bidirectional grouped aggregation. GraphSAGE-mean.",approximation,0,1,cpu,torch 2.14.0+cu130,3.12.14,Linux-5.15.0-119-generic-x86_64-with-glibc2.39,benchmark-v1,google/gemma-2-9b-it,False,1,5,False,0.1,validation_swept,0.6218259464450601,0.5444185034228959,0.6078281210713473,0.5255725087700336,0.13636363636363635,0.28546712802768165,0.18456375838926176,0.7706826045926392,0.18269896193771623,0.03681283230707574,15.98,7.04,completed,,md_K2_matched,markov_diffusion,markov_diffusion_h2_k10_t0_perhop_K2_matched_cosine,2.0,matched_cosine,results/flag_md/flag/md_K2_matched,results/flag_md/flag/md_K2_matched/instagram__dga_gnn__flag__s0i1__1b0650e77de5.json,"dual-branch: raw text (384d) + LLM discriminative text (384d), attention-fused (models.py:DualGNN)",False
5b31fcef772e,2026-09-19T22:13:34+00:00,14eedbd784f43524589dcc9c848191495f337851-dirty,instagram,dga_gnn,flag,flag_bundled,"NOT DGA-GNN - no decision-tree dynamic grouping, no bidirectional grouped aggregation. GraphSAGE-mean.",approximation,1,0,cpu,torch 2.14.0+cu130,3.12.14,Linux-5.15.0-119-generic-x86_64-with-glibc2.39,benchmark-v1,google/gemma-2-9b-it,False,1,5,False,0.15,validation_swept,0.6272699292089873,0.5799669128962758,0.6143562696806791,0.542183229909703,0.1681260945709282,0.16608996539792387,0.1671018276762402,0.8494809688581315,0.18996539792387546,0.010905831297563638,15.9,7.07,completed,,md_K2_matched,markov_diffusion,markov_diffusion_h2_k10_t0_perhop_K2_matched_cosine,2.0,matched_cosine,results/flag_md/flag/md_K2_matched,results/flag_md/flag/md_K2_matched/instagram__dga_gnn__flag__s1i0__5b31fcef772e.json,"dual-branch: raw text (384d) + LLM discriminative text (384d), attention-fused (models.py:DualGNN)",False
23cf32dbb2f9,2026-09-19T22:13:59+00:00,14eedbd784f43524589dcc9c848191495f337851-dirty,instagram,dga_gnn,flag,flag_bundled,"NOT DGA-GNN - no decision-tree dynamic grouping, no bidirectional grouped aggregation. GraphSAGE-mean.",approximation,1,1,cpu,torch 2.14.0+cu130,3.12.14,Linux-5.15.0-119-generic-x86_64-with-glibc2.39,benchmark-v1,google/gemma-2-9b-it,False,2,5,False,0.2,validation_swept,0.6166705140043091,0.5590876899304661,0.6136769495097041,0.5415417135858077,0.1561771561771562,0.23183391003460208,0.18662952646239556,0.8162944322113872,0.17508650519031138,0.03429148709310673,16.06,7.18,completed,,md_K2_matched,markov_diffusion,markov_diffusion_h2_k10_t0_perhop_K2_matched_cosine,2.0,matched_cosine,results/flag_md/flag/md_K2_matched,results/flag_md/flag/md_K2_matched/instagram__dga_gnn__flag__s1i1__23cf32dbb2f9.json,"dual-branch: raw text (384d) + LLM discriminative text (384d), attention-fused (models.py:DualGNN)",False
7d996c0c7a9f,2026-09-19T22:14:25+00:00,14eedbd784f43524589dcc9c848191495f337851-dirty,instagram,dga_gnn,flag,flag_bundled,"NOT DGA-GNN - no decision-tree dynamic grouping, no bidirectional grouped aggregation. GraphSAGE-mean.",approximation,2,0,cpu,torch 2.14.0+cu130,3.12.14,Linux-5.15.0-119-generic-x86_64-with-glibc2.39,benchmark-v1,google/gemma-2-9b-it,False,2,5,False,0.15,validation_swept,0.6145160049245921,0.5616901313488435,0.602682109888531,0.5441967166105097,0.1606280193236715,0.2301038062283737,0.1891891891891892,0.8206983328090595,0.17456747404844297,0.011594169681318179,16.1,7.06,completed,,md_K2_matched,markov_diffusion,markov_diffusion_h2_k10_t0_perhop_K2_matched_cosine,2.0,matched_cosine,results/flag_md/flag/md_K2_matched,results/flag_md/flag/md_K2_matched/instagram__dga_gnn__flag__s2i0__7d996c0c7a9f.json,"dual-branch: raw text (384d) + LLM discriminative text (384d), attention-fused (models.py:DualGNN)",False
bdc20955cb2f,2026-09-19T22:14:50+00:00,14eedbd784f43524589dcc9c848191495f337851-dirty,instagram,dga_gnn,flag,flag_bundled,"NOT DGA-GNN - no decision-tree dynamic grouping, no bidirectional grouped aggregation. GraphSAGE-mean.",approximation,2,1,cpu,torch 2.14.0+cu130,3.12.14,Linux-5.15.0-119-generic-x86_64-with-glibc2.39,benchmark-v1,google/gemma-2-9b-it,False,1,5,False,0.15,validation_swept,0.6219990766389659,0.568928321403569,0.6101550807581327,0.5336700681221299,0.14454277286135694,0.25432525951557095,0.18432601880877744,0.7953759043724442,0.17768166089965393,0.03350714546548903,15.93,7.03,completed,,md_K2_matched,markov_diffusion,markov_diffusion_h2_k10_t0_perhop_K2_matched_cosine,2.0,matched_cosine,results/flag_md/flag/md_K2_matched,results/flag_md/flag/md_K2_matched/instagram__dga_gnn__flag__s2i1__bdc20955cb2f.json,"dual-branch: raw text (384d) + LLM discriminative text (384d), attention-fused (models.py:DualGNN)",False
0e833cb8847a,2026-09-19T22:15:15+00:00,14eedbd784f43524589dcc9c848191495f337851-dirty,instagram,dga_gnn,flag,flag_bundled,"NOT DGA-GNN - no decision-tree dynamic grouping, no bidirectional grouped aggregation. GraphSAGE-mean.",approximation,3,0,cpu,torch 2.14.0+cu130,3.12.14,Linux-5.15.0-119-generic-x86_64-with-glibc2.39,benchmark-v1,google/gemma-2-9b-it,False,3,5,False,0.1,validation_swept,0.6210180055401662,0.5700606083635742,0.6126622346475736,0.5496121330360461,0.1779935275080906,0.1903114186851211,0.18394648829431437,0.8464926077382825,0.18114186851211073,0.04180516782389569,16.02,7.03,completed,,md_K2_matched,markov_diffusion,markov_diffusion_h2_k10_t0_perhop_K2_matched_cosine,2.0,matched_cosine,results/flag_md/flag/md_K2_matched,results/flag_md/flag/md_K2_matched/instagram__dga_gnn__flag__s3i0__0e833cb8847a.json,"dual-branch: raw text (384d) + LLM discriminative text (384d), attention-fused (models.py:DualGNN)",False
172271324039,2026-09-19T22:15:41+00:00,14eedbd784f43524589dcc9c848191495f337851-dirty,instagram,dga_gnn,flag,flag_bundled,"NOT DGA-GNN - no decision-tree dynamic grouping, no bidirectional grouped aggregation. GraphSAGE-mean.",approximation,3,1,cpu,torch 2.14.0+cu130,3.12.14,Linux-5.15.0-119-generic-x86_64-with-glibc2.39,benchmark-v1,google/gemma-2-9b-it,False,5,5,False,0.1,validation_swept,0.5992420744844568,0.5557929000101719,0.5889250906957532,0.5279227791807926,0.1427536231884058,0.3408304498269896,0.20122574055158324,0.7540106951871658,0.1437716262975779,0.028348855815519686,16.04,7.06,completed,,md_K2_matched,markov_diffusion,markov_diffusion_h2_k10_t0_perhop_K2_matched_cosine,2.0,matched_cosine,results/flag_md/flag/md_K2_matched,results/flag_md/flag/md_K2_matched/instagram__dga_gnn__flag__s3i1__172271324039.json,"dual-branch: raw text (384d) + LLM discriminative text (384d), attention-fused (models.py:DualGNN)",False
747dea3bd678,2026-09-19T22:12:40+00:00,14eedbd784f43524589dcc9c848191495f337851-dirty,instagram,gat,flag,flag_bundled,"NOT canonical GAT - conv2 is a SAGEConv, not a GATConv, so the second layer performs no attention",adapted,0,0,cpu,torch 2.14.0+cu130,3.12.14,Linux-5.15.0-119-generic-x86_64-with-glibc2.39,benchmark-v1,google/gemma-2-9b-it,False,3,5,False,0.15,validation_swept,0.6212680824869191,0.5849829917862773,0.6171603548808083,0.5441038574160898,0.15990730011587487,0.23875432525951557,0.19153365718251214,0.816766278703995,0.19048442906574392,0.03147882837607355,24.25,10.07,completed,,md_K2_matched,markov_diffusion,markov_diffusion_h2_k10_t0_perhop_K2_matched_cosine,2.0,matched_cosine,results/flag_md/flag/md_K2_matched,results/flag_md/flag/md_K2_matched/instagram__gat__flag__s0i0__747dea3bd678.json,"dual-branch: raw text (384d) + LLM discriminative text (384d), attention-fused (models.py:DualGNN)",False
9e9d3183319f,2026-09-19T22:13:20+00:00,14eedbd784f43524589dcc9c848191495f337851-dirty,instagram,gat,flag,flag_bundled,"NOT canonical GAT - conv2 is a SAGEConv, not a GATConv, so the second layer performs no attention",adapted,0,1,cpu,torch 2.14.0+cu130,3.12.14,Linux-5.15.0-119-generic-x86_64-with-glibc2.39,benchmark-v1,google/gemma-2-9b-it,False,3,5,False,0.1,validation_swept,0.5970875654047398,0.5600930138509757,0.6085872115994779,0.5444421360190215,0.15986769570011025,0.2508650519031142,0.19528619528619529,0.8120478137779176,0.17923875432525954,0.04524165360992656,23.28,10.06,completed,,md_K2_matched,markov_diffusion,markov_diffusion_h2_k10_t0_perhop_K2_matched_cosine,2.0,matched_cosine,results/flag_md/flag/md_K2_matched,results/flag_md/flag/md_K2_matched/instagram__gat__flag__s0i1__9e9d3183319f.json,"dual-branch: raw text (384d) + LLM discriminative text (384d), attention-fused (models.py:DualGNN)",False
0e3b8990555f,2026-09-19T22:13:56+00:00,14eedbd784f43524589dcc9c848191495f337851-dirty,instagram,gat,flag,flag_bundled,"NOT canonical GAT - conv2 is a SAGEConv, not a GATConv, so the second layer performs no attention",adapted,1,0,cpu,torch 2.14.0+cu130,3.12.14,Linux-5.15.0-119-generic-x86_64-with-glibc2.39,benchmark-v1,google/gemma-2-9b-it,False,2,5,False,0.2,validation_swept,0.6245575561711295,0.5696689002759164,0.6157762718358257,0.5392753623188405,0.15328467153284672,0.2179930795847751,0.18,0.8194400754954388,0.19307958477508652,0.03699820298852693,23.43,10.19,completed,,md_K2_matched,markov_diffusion,markov_diffusion_h2_k10_t0_perhop_K2_matched_cosine,2.0,matched_cosine,results/flag_md/flag/md_K2_matched,results/flag_md/flag/md_K2_matched/instagram__gat__flag__s1i0__0e3b8990555f.json,"dual-branch: raw text (384d) + LLM discriminative text (384d), attention-fused (models.py:DualGNN)",False
ea9ca1acc933,2026-09-19T22:14:32+00:00,14eedbd784f43524589dcc9c848191495f337851-dirty,instagram,gat,flag,flag_bundled,"NOT canonical GAT - conv2 is a SAGEConv, not a GATConv, so the second layer performs no attention",adapted,1,1,cpu,torch 2.14.0+cu130,3.12.14,Linux-5.15.0-119-generic-x86_64-with-glibc2.39,benchmark-v1,google/gemma-2-9b-it,False,5,5,False,0.35,validation_swept,0.5760233918128654,0.5642479742599188,0.5963061685085188,0.5386426476441445,0.15181818181818182,0.2889273356401384,0.19904648390941598,0.7886127713117332,0.17543252595155712,0.08873997210775222,23.47,10.08,completed,,md_K2_matched,markov_diffusion,markov_diffusion_h2_k10_t0_perhop_K2_matched_cosine,2.0,matched_cosine,results/flag_md/flag/md_K2_matched,results/flag_md/flag/md_K2_matched/instagram__gat__flag__s1i1__ea9ca1acc933.json,"dual-branch: raw text (384d) + LLM discriminative text (384d), attention-fused (models.py:DualGNN)",False
cacc8f6d8f02,2026-09-19T22:15:08+00:00,14eedbd784f43524589dcc9c848191495f337851-dirty,instagram,gat,flag,flag_bundled,"NOT canonical GAT - conv2 is a SAGEConv, not a GATConv, so the second layer performs no attention",adapted,2,0,cpu,torch 2.14.0+cu130,3.12.14,Linux-5.15.0-119-generic-x86_64-with-glibc2.39,benchmark-v1,google/gemma-2-9b-it,False,1,5,False,0.25,validation_swept,0.6056863650353955,0.5591724621588452,0.5794810586559069,0.5235137299771166,0.13166144200626959,0.1453287197231834,0.13815789473684212,0.8351682919156967,0.14394463667820073,0.11177942156791691,23.32,10.1,completed,,md_K2_matched,markov_diffusion,markov_diffusion_h2_k10_t0_perhop_K2_matched_cosine,2.0,matched_cosine,results/flag_md/flag/md_K2_matched,results/flag_md/flag/md_K2_matched/instagram__gat__flag__s2i0__cacc8f6d8f02.json,"dual-branch: raw text (384d) + LLM discriminative text (384d), attention-fused (models.py:DualGNN)",False
f977135907da,2026-09-19T22:15:44+00:00,14eedbd784f43524589dcc9c848191495f337851-dirty,instagram,gat,flag,flag_bundled,"NOT canonical GAT - conv2 is a SAGEConv, not a GATConv, so the second layer performs no attention",adapted,2,1,cpu,torch 2.14.0+cu130,3.12.14,Linux-5.15.0-119-generic-x86_64-with-glibc2.39,benchmark-v1,google/gemma-2-9b-it,False,5,5,False,0.15,validation_swept,0.5948176361957526,0.5512665675709154,0.5897899929359083,0.5212792310231227,0.12604042806183116,0.18339100346020762,0.14940098661028894,0.8101604278074866,0.1647058823529412,0.053357901441831196,23.3,10.1,completed,,md_K2_matched,markov_diffusion,markov_diffusion_h2_k10_t0_perhop_K2_matched_cosine,2.0,matched_cosine,results/flag_md/flag/md_K2_matched,results/flag_md/flag/md_K2_matched/instagram__gat__flag__s2i1__f977135907da.json,"dual-branch: raw text (384d) + LLM discriminative text (384d), attention-fused (models.py:DualGNN)",False
8b1af64b8bf1,2026-09-19T22:16:20+00:00,14eedbd784f43524589dcc9c848191495f337851-dirty,instagram,gat,flag,flag_bundled,"NOT canonical GAT - conv2 is a SAGEConv, not a GATConv, so the second layer performs no attention",adapted,3,0,cpu,torch 2.14.0+cu130,3.12.14,Linux-5.15.0-119-generic-x86_64-with-glibc2.39,benchmark-v1,google/gemma-2-9b-it,False,3,5,False,0.1,validation_swept,0.6471221914435212,0.5657947588743437,0.6147584140515558,0.551666576456536,0.18066561014263074,0.1972318339100346,0.18858560794044665,0.8457061969172696,0.1814878892733564,0.05124943476220034,23.34,10.08,completed,,md_K2_matched,markov_diffusion,markov_diffusion_h2_k10_t0_perhop_K2_matched_cosine,2.0,matched_cosine,results/flag_md/flag/md_K2_matched,results/flag_md/flag/md_K2_matched/instagram__gat__flag__s3i0__8b1af64b8bf1.json,"dual-branch: raw text (384d) + LLM discriminative text (384d), attention-fused (models.py:DualGNN)",False
101afb3eead1,2026-09-19T22:16:56+00:00,14eedbd784f43524589dcc9c848191495f337851-dirty,instagram,gat,flag,flag_bundled,"NOT canonical GAT - conv2 is a SAGEConv, not a GATConv, so the second layer performs no attention",adapted,3,1,cpu,torch 2.14.0+cu130,3.12.14,Linux-5.15.0-119-generic-x86_64-with-glibc2.39,benchmark-v1,google/gemma-2-9b-it,False,2,5,False,0.1,validation_swept,0.6121883656509695,0.5435091617727457,0.604481357981825,0.535550479221801,0.14926590538336051,0.3166089965397924,0.20288248337028825,0.7738282478766908,0.166955017301038,0.02566478811003755,23.25,10.06,completed,,md_K2_matched,markov_diffusion,markov_diffusion_h2_k10_t0_perhop_K2_matched_cosine,2.0,matched_cosine,results/flag_md/flag/md_K2_matched,results/flag_md/flag/md_K2_matched/instagram__gat__flag__s3i1__101afb3eead1.json,"dual-branch: raw text (384d) + LLM discriminative text (384d), attention-fused (models.py:DualGNN)",False
7a16eaefab7f,2026-09-19T22:12:40+00:00,14eedbd784f43524589dcc9c848191495f337851-dirty,instagram,gcn,flag,flag_bundled,faithful - two GCNConv layers plus the Eq. 6 skip,faithful,0,0,cpu,torch 2.14.0+cu130,3.12.14,Linux-5.15.0-119-generic-x86_64-with-glibc2.39,benchmark-v1,google/gemma-2-9b-it,False,2,5,False,0.2,validation_swept,0.6447945521698983,0.5823739115189059,0.604132942613235,0.5410808255810882,0.16129032258064516,0.18166089965397925,0.1708706265256306,0.8397294746775715,0.15778546712802766,0.027411784898939712,16.37,7.82,completed,,md_K2_matched,markov_diffusion,markov_diffusion_h2_k10_t0_perhop_K2_matched_cosine,2.0,matched_cosine,results/flag_md/flag/md_K2_matched,results/flag_md/flag/md_K2_matched/instagram__gcn__flag__s0i0__7a16eaefab7f.json,"dual-branch: raw text (384d) + LLM discriminative text (384d), attention-fused (models.py:DualGNN)",False
66352609e386,2026-09-19T22:13:10+00:00,14eedbd784f43524589dcc9c848191495f337851-dirty,instagram,gcn,flag,flag_bundled,faithful - two GCNConv layers plus the Eq. 6 skip,faithful,0,1,cpu,torch 2.14.0+cu130,3.12.14,Linux-5.15.0-119-generic-x86_64-with-glibc2.39,benchmark-v1,google/gemma-2-9b-it,False,3,5,False,0.15,validation_swept,0.6458910433979687,0.5823517222691553,0.6039021623304319,0.5407433963865467,0.16920152091254753,0.15397923875432526,0.161231884057971,0.8543567159484114,0.14861591695501725,0.03328765826161363,15.53,7.77,completed,,md_K2_matched,markov_diffusion,markov_diffusion_h2_k10_t0_perhop_K2_matched_cosine,2.0,matched_cosine,results/flag_md/flag/md_K2_matched,results/flag_md/flag/md_K2_matched/instagram__gcn__flag__s0i1__66352609e386.json,"dual-branch: raw text (384d) + LLM discriminative text (384d), attention-fused (models.py:DualGNN)",False
d94afbd94786,2026-09-19T22:13:35+00:00,14eedbd784f43524589dcc9c848191495f337851-dirty,instagram,gcn,flag,flag_bundled,faithful - two GCNConv layers plus the Eq. 6 skip,faithful,1,0,cpu,torch 2.14.0+cu130,3.12.14,Linux-5.15.0-119-generic-x86_64-with-glibc2.39,benchmark-v1,google/gemma-2-9b-it,False,1,5,False,0.15,validation_swept,0.6719375192366882,0.5908575616347376,0.6192818273248644,0.5449987910050778,0.1600771456123433,0.28719723183391005,0.20557275541795667,0.7982069833280906,0.18806228373702416,0.01276748485924144,15.46,7.73,completed,,md_K2_matched,markov_diffusion,markov_diffusion_h2_k10_t0_perhop_K2_matched_cosine,2.0,matched_cosine,results/flag_md/flag/md_K2_matched,results/flag_md/flag/md_K2_matched/instagram__gcn__flag__s1i0__d94afbd94786.json,"dual-branch: raw text (384d) + LLM discriminative text (384d), attention-fused (models.py:DualGNN)",False
8343585c5a19,2026-09-19T22:14:00+00:00,14eedbd784f43524589dcc9c848191495f337851-dirty,instagram,gcn,flag,flag_bundled,faithful - two GCNConv layers plus the Eq. 6 skip,faithful,1,1,cpu,torch 2.14.0+cu130,3.12.14,Linux-5.15.0-119-generic-x86_64-with-glibc2.39,benchmark-v1,google/gemma-2-9b-it,False,2,5,False,0.2,validation_swept,0.656721298861188,0.5929512638938182,0.609571095892051,0.543727153853012,0.18663594470046083,0.14013840830449828,0.1600790513833992,0.8663101604278075,0.1569204152249135,0.020252186085351488,15.47,7.74,completed,,md_K2_matched,markov_diffusion,markov_diffusion_h2_k10_t0_perhop_K2_matched_cosine,2.0,matched_cosine,results/flag_md/flag/md_K2_matched,results/flag_md/flag/md_K2_matched/instagram__gcn__flag__s1i1__8343585c5a19.json,"dual-branch: raw text (384d) + LLM discriminative text (384d), attention-fused (models.py:DualGNN)",False
494fdd49cd1a,2026-09-19T22:14:26+00:00,14eedbd784f43524589dcc9c848191495f337851-dirty,instagram,gcn,flag,flag_bundled,faithful - two GCNConv layers plus the Eq. 6 skip,faithful,2,0,cpu,torch 2.14.0+cu130,3.12.14,Linux-5.15.0-119-generic-x86_64-with-glibc2.39,benchmark-v1,google/gemma-2-9b-it,False,3,5,False,0.25,validation_swept,0.6174015081563557,0.5760329131652661,0.5950645646005196,0.5419034895043138,0.15695600475624258,0.22837370242214533,0.18604651162790697,0.8183391003460208,0.14307958477508653,0.0525544752567812,15.46,7.74,completed,,md_K2_matched,markov_diffusion,markov_diffusion_h2_k10_t0_perhop_K2_matched_cosine,2.0,matched_cosine,results/flag_md/flag/md_K2_matched,results/flag_md/flag/md_K2_matched/instagram__gcn__flag__s2i0__494fdd49cd1a.json,"dual-branch: raw text (384d) + LLM discriminative text (384d), attention-fused (models.py:DualGNN)",False
e4e4e3b3b153,2026-09-19T22:14:51+00:00,14eedbd784f43524589dcc9c848191495f337851-dirty,instagram,gcn,flag,flag_bundled,faithful - two GCNConv layers plus the Eq. 6 skip,faithful,2,1,cpu,torch 2.14.0+cu130,3.12.14,Linux-5.15.0-119-generic-x86_64-with-glibc2.39,benchmark-v1,google/gemma-2-9b-it,False,5,5,False,0.1,validation_swept,0.6282894736842104,0.5818269661845421,0.5886091521892698,0.5347529034212564,0.14736842105263157,0.19377162629757785,0.16741405082212257,0.8247876690783266,0.12733564013840837,0.05187410088353413,15.46,7.72,completed,,md_K2_matched,markov_diffusion,markov_diffusion_h2_k10_t0_perhop_K2_matched_cosine,2.0,matched_cosine,results/flag_md/flag/md_K2_matched,results/flag_md/flag/md_K2_matched/instagram__gcn__flag__s2i1__e4e4e3b3b153.json,"dual-branch: raw text (384d) + LLM discriminative text (384d), attention-fused (models.py:DualGNN)",False
8ad7f67ac3dd,2026-09-19T22:15:17+00:00,14eedbd784f43524589dcc9c848191495f337851-dirty,instagram,gcn,flag,flag_bundled,faithful - two GCNConv layers plus the Eq. 6 skip,faithful,3,0,cpu,torch 2.14.0+cu130,3.12.14,Linux-5.15.0-119-generic-x86_64-with-glibc2.39,benchmark-v1,google/gemma-2-9b-it,False,1,5,False,0.1,validation_swept,0.6794398276392737,0.5766790843321455,0.6170138348439315,0.5320191261310953,0.14418212478920742,0.2958477508650519,0.19387755102040816,0.776344762503932,0.19238754325259522,0.027654613601043834,15.43,7.74,completed,,md_K2_matched,markov_diffusion,markov_diffusion_h2_k10_t0_perhop_K2_matched_cosine,2.0,matched_cosine,results/flag_md/flag/md_K2_matched,results/flag_md/flag/md_K2_matched/instagram__gcn__flag__s3i0__8ad7f67ac3dd.json,"dual-branch: raw text (384d) + LLM discriminative text (384d), attention-fused (models.py:DualGNN)",False
1919c31c63e7,2026-09-19T22:15:42+00:00,14eedbd784f43524589dcc9c848191495f337851-dirty,instagram,gcn,flag,flag_bundled,faithful - two GCNConv layers plus the Eq. 6 skip,faithful,3,1,cpu,torch 2.14.0+cu130,3.12.14,Linux-5.15.0-119-generic-x86_64-with-glibc2.39,benchmark-v1,google/gemma-2-9b-it,False,3,5,False,0.1,validation_swept,0.6512003693444137,0.5836258561643836,0.6018853042947283,0.5423524342128625,0.17540322580645162,0.15051903114186851,0.16201117318435754,0.8584460522176786,0.147923875432526,0.05411004697091828,15.55,7.78,completed,,md_K2_matched,markov_diffusion,markov_diffusion_h2_k10_t0_perhop_K2_matched_cosine,2.0,matched_cosine,results/flag_md/flag/md_K2_matched,results/flag_md/flag/md_K2_matched/instagram__gcn__flag__s3i1__1919c31c63e7.json,"dual-branch: raw text (384d) + LLM discriminative text (384d), attention-fused (models.py:DualGNN)",False
9c81a2baf0f2,2026-09-19T22:12:40+00:00,14eedbd784f43524589dcc9c848191495f337851-dirty,instagram,geniepath,flag,flag_bundled,closest to faithful - Breadth(GAT)+Depth(LSTM) preserved; matches PyG's example globals exactly. No official author repo exists.,adapted,0,0,cpu,torch 2.14.0+cu130,3.12.14,Linux-5.15.0-119-generic-x86_64-with-glibc2.39,benchmark-v1,google/gemma-2-9b-it,False,4,5,False,0.3,validation_swept,0.5815827947060634,0.5465638376461096,0.5600817459082147,0.5248727578167512,0.13878326996197718,0.12629757785467127,0.1322463768115942,0.8493236866939289,0.09671280276816607,0.07643641469784529,217.25,82.21,completed,,md_K2_matched,markov_diffusion,markov_diffusion_h2_k10_t0_perhop_K2_matched_cosine,2.0,matched_cosine,results/flag_md/flag/md_K2_matched,results/flag_md/flag/md_K2_matched/instagram__geniepath__flag__s0i0__9c81a2baf0f2.json,"dual-branch: raw text (384d) + LLM discriminative text (384d), attention-fused (models.py:DualGNN)",False
c5083d6b8204,2026-09-19T22:17:54+00:00,14eedbd784f43524589dcc9c848191495f337851-dirty,instagram,geniepath,flag,flag_bundled,closest to faithful - Breadth(GAT)+Depth(LSTM) preserved; matches PyG's example globals exactly. No official author repo exists.,adapted,0,1,cpu,torch 2.14.0+cu130,3.12.14,Linux-5.15.0-119-generic-x86_64-with-glibc2.39,benchmark-v1,google/gemma-2-9b-it,False,4,5,False,0.2,validation_swept,0.5754078177900892,0.5372960372960374,0.5548905365117754,0.5258124906536837,0.13854351687388988,0.13494809688581316,0.13672217353198948,0.8450770682604593,0.09602076124567471,0.03357790010260867,211.08,77.36,completed,,md_K2_matched,markov_diffusion,markov_diffusion_h2_k10_t0_perhop_K2_matched_cosine,2.0,matched_cosine,results/flag_md/flag/md_K2_matched,results/flag_md/flag/md_K2_matched/instagram__geniepath__flag__s0i1__c5083d6b8204.json,"dual-branch: raw text (384d) + LLM discriminative text (384d), attention-fused (models.py:DualGNN)",False
b86f2510986a,2026-09-19T22:22:54+00:00,14eedbd784f43524589dcc9c848191495f337851-dirty,instagram,geniepath,flag,flag_bundled,closest to faithful - Breadth(GAT)+Depth(LSTM) preserved; matches PyG's example globals exactly. No official author repo exists.,adapted,1,0,cpu,torch 2.14.0+cu130,3.12.14,Linux-5.15.0-119-generic-x86_64-with-glibc2.39,benchmark-v1,google/gemma-2-9b-it,False,1,5,False,0.05,validation_swept,0.601762080640197,0.5370712272859781,0.5815959459297662,0.5134597196380646,0.29213483146067415,0.04498269896193772,0.07796101949025487,0.9032714690154137,0.12716262975778547,0.06311710905775866,209.83,78.17,completed,,md_K2_matched,markov_diffusion,markov_diffusion_h2_k10_t0_perhop_K2_matched_cosine,2.0,matched_cosine,results/flag_md/flag/md_K2_matched,results/flag_md/flag/md_K2_matched/instagram__geniepath__flag__s1i0__b86f2510986a.json,"dual-branch: raw text (384d) + LLM discriminative text (384d), attention-fused (models.py:DualGNN)",False
37cbf8f719a9,2026-09-19T22:27:53+00:00,14eedbd784f43524589dcc9c848191495f337851-dirty,instagram,geniepath,flag,flag_bundled,closest to faithful - Breadth(GAT)+Depth(LSTM) preserved; matches PyG's example globals exactly. No official author repo exists.,adapted,1,1,cpu,torch 2.14.0+cu130,3.12.14,Linux-5.15.0-119-generic-x86_64-with-glibc2.39,benchmark-v1,google/gemma-2-9b-it,False,2,5,False,0.1,validation_swept,0.5867959372114497,0.5407750144592249,0.566596125525317,0.5262019795908038,0.13355048859934854,0.21280276816608998,0.16410940627084722,0.802925448254168,0.10882352941176465,0.017722155677331014,213.9,79.63,completed,,md_K2_matched,markov_diffusion,markov_diffusion_h2_k10_t0_perhop_K2_matched_cosine,2.0,matched_cosine,results/flag_md/flag/md_K2_matched,results/flag_md/flag/md_K2_matched/instagram__geniepath__flag__s1i1__37cbf8f719a9.json,"dual-branch: raw text (384d) + LLM discriminative text (384d), attention-fused (models.py:DualGNN)",False
99cbb1160f3b,2026-09-19T22:32:58+00:00,14eedbd784f43524589dcc9c848191495f337851-dirty,instagram,geniepath,flag,flag_bundled,closest to faithful - Breadth(GAT)+Depth(LSTM) preserved; matches PyG's example globals exactly. No official author repo exists.,adapted,2,0,cpu,torch 2.14.0+cu130,3.12.14,Linux-5.15.0-119-generic-x86_64-with-glibc2.39,benchmark-v1,google/gemma-2-9b-it,False,1,5,False,0.2,validation_swept,0.6074946137273007,0.5456590370955012,0.5793830294177512,0.5402107765603581,0.1663619744058501,0.157439446366782,0.16177777777777777,0.8516829191569676,0.12024221453287198,0.057300682188455264,214.47,78.53,completed,,md_K2_matched,markov_diffusion,markov_diffusion_h2_k10_t0_perhop_K2_matched_cosine,2.0,matched_cosine,results/flag_md/flag/md_K2_matched,results/flag_md/flag/md_K2_matched/instagram__geniepath__flag__s2i0__99cbb1160f3b.json,"dual-branch: raw text (384d) + LLM discriminative text (384d), attention-fused (models.py:DualGNN)",False
192b467dc918,2026-09-19T22:38:02+00:00,14eedbd784f43524589dcc9c848191495f337851-dirty,instagram,geniepath,flag,flag_bundled,closest to faithful - Breadth(GAT)+Depth(LSTM) preserved; matches PyG's example globals exactly. No official author repo exists.,adapted,2,1,cpu,torch 2.14.0+cu130,3.12.14,Linux-5.15.0-119-generic-x86_64-with-glibc2.39,benchmark-v1,google/gemma-2-9b-it,False,1,5,False,0.2,validation_swept,0.590027700831025,0.5479194398960211,0.5699571065959459,0.5271156732292069,0.13480662983425415,0.21107266435986158,0.16453135536075522,0.8051273985530041,0.11626297577854672,0.07170782008541089,215.08,78.76,completed,,md_K2_matched,markov_diffusion,markov_diffusion_h2_k10_t0_perhop_K2_matched_cosine,2.0,matched_cosine,results/flag_md/flag/md_K2_matched,results/flag_md/flag/md_K2_matched/instagram__geniepath__flag__s2i1__192b467dc918.json,"dual-branch: raw text (384d) + LLM discriminative text (384d), attention-fused (models.py:DualGNN)",False
24d0ee2e705d,2026-09-19T22:43:07+00:00,14eedbd784f43524589dcc9c848191495f337851-dirty,instagram,geniepath,flag,flag_bundled,closest to faithful - Breadth(GAT)+Depth(LSTM) preserved; matches PyG's example globals exactly. No official author repo exists.,adapted,3,0,cpu,torch 2.14.0+cu130,3.12.14,Linux-5.15.0-119-generic-x86_64-with-glibc2.39,benchmark-v1,google/gemma-2-9b-it,False,3,5,False,0.15,validation_swept,0.5812172976300399,0.5282371963454308,0.5529637755773997,0.5284586444299546,0.1390532544378698,0.16262975778546712,0.14992025518341306,0.8323372129600504,0.08339100346020756,0.022268082241382145,212.98,78.9,completed,,md_K2_matched,markov_diffusion,markov_diffusion_h2_k10_t0_perhop_K2_matched_cosine,2.0,matched_cosine,results/flag_md/flag/md_K2_matched,results/flag_md/flag/md_K2_matched/instagram__geniepath__flag__s3i0__24d0ee2e705d.json,"dual-branch: raw text (384d) + LLM discriminative text (384d), attention-fused (models.py:DualGNN)",False
8217fcf8a981,2026-09-19T22:48:10+00:00,14eedbd784f43524589dcc9c848191495f337851-dirty,instagram,geniepath,flag,flag_bundled,closest to faithful - Breadth(GAT)+Depth(LSTM) preserved; matches PyG's example globals exactly. No official author repo exists.,adapted,3,1,cpu,torch 2.14.0+cu130,3.12.14,Linux-5.15.0-119-generic-x86_64-with-glibc2.39,benchmark-v1,google/gemma-2-9b-it,False,1,5,False,0.1,validation_swept,0.6286742074484456,0.5308336914482166,0.5861609655056812,0.5324498455082111,0.14974182444061962,0.15051903114186851,0.15012942191544434,0.8450770682604593,0.13044982698961932,0.02184050401292458,214.07,78.85,completed,,md_K2_matched,markov_diffusion,markov_diffusion_h2_k10_t0_perhop_K2_matched_cosine,2.0,matched_cosine,results/flag_md/flag/md_K2_matched,results/flag_md/flag/md_K2_matched/instagram__geniepath__flag__s3i1__8217fcf8a981.json,"dual-branch: raw text (384d) + LLM discriminative text (384d), attention-fused (models.py:DualGNN)",False
5a8807e648df,2026-09-19T22:12:40+00:00,14eedbd784f43524589dcc9c848191495f337851-dirty,instagram,pmp,flag,flag_bundled,"partial - fraud/benign partition present, but applied to the aggregated mean rather than per-neighbour before aggregation",adapted,0,0,cpu,torch 2.14.0+cu130,3.12.14,Linux-5.15.0-119-generic-x86_64-with-glibc2.39,benchmark-v1,google/gemma-2-9b-it,False,3,5,False,0.1,validation_swept,0.6383887349953832,0.5758547008547008,0.5960912524993714,0.5431663424124513,0.15903614457831325,0.22837370242214533,0.1875,0.8200692041522492,0.1434256055363321,0.03393307628948506,18.81,9.25,completed,,md_K2_matched,markov_diffusion,markov_diffusion_h2_k10_t0_perhop_K2_matched_cosine,2.0,matched_cosine,results/flag_md/flag/md_K2_matched,results/flag_md/flag/md_K2_matched/instagram__pmp__flag__s0i0__5a8807e648df.json,"dual-branch: raw text (384d) + LLM discriminative text (384d), attention-fused (models.py:DualGNN)",False
f6019bfc3606,2026-09-19T22:13:14+00:00,14eedbd784f43524589dcc9c848191495f337851-dirty,instagram,pmp,flag,flag_bundled,"partial - fraud/benign partition present, but applied to the aggregated mean rather than per-neighbour before aggregation",adapted,0,1,cpu,torch 2.14.0+cu130,3.12.14,Linux-5.15.0-119-generic-x86_64-with-glibc2.39,benchmark-v1,google/gemma-2-9b-it,False,2,5,False,0.2,validation_swept,0.6200176977531547,0.5749150152123859,0.6004145663964751,0.5500469407159602,0.1723202170963365,0.21972318339100347,0.19315589353612167,0.8331236237810632,0.1572664359861592,0.03322233044761799,17.73,9.08,completed,,md_K2_matched,markov_diffusion,markov_diffusion_h2_k10_t0_perhop_K2_matched_cosine,2.0,matched_cosine,results/flag_md/flag/md_K2_matched,results/flag_md/flag/md_K2_matched/instagram__pmp__flag__s0i1__f6019bfc3606.json,"dual-branch: raw text (384d) + LLM discriminative text (384d), attention-fused (models.py:DualGNN)",False
9dd987b8466f,2026-09-19T22:13:43+00:00,14eedbd784f43524589dcc9c848191495f337851-dirty,instagram,pmp,flag,flag_bundled,"partial - fraud/benign partition present, but applied to the aggregated mean rather than per-neighbour before aggregation",adapted,1,0,cpu,torch 2.14.0+cu130,3.12.14,Linux-5.15.0-119-generic-x86_64-with-glibc2.39,benchmark-v1,google/gemma-2-9b-it,False,2,5,False,0.15,validation_swept,0.6385041551246537,0.5657510938259601,0.6105304354593455,0.5598476981654552,0.19931271477663232,0.20069204152249134,0.2,0.8540421516200063,0.15605536332179926,0.01668714816743855,17.75,9.1,completed,,md_K2_matched,markov_diffusion,markov_diffusion_h2_k10_t0_perhop_K2_matched_cosine,2.0,matched_cosine,results/flag_md/flag/md_K2_matched,results/flag_md/flag/md_K2_matched/instagram__pmp__flag__s1i0__9dd987b8466f.json,"dual-branch: raw text (384d) + LLM discriminative text (384d), attention-fused (models.py:DualGNN)",False
48859d54fc7e,2026-09-19T22:14:12+00:00,14eedbd784f43524589dcc9c848191495f337851-dirty,instagram,pmp,flag,flag_bundled,"partial - fraud/benign partition present, but applied to the aggregated mean rather than per-neighbour before aggregation",adapted,1,1,cpu,torch 2.14.0+cu130,3.12.14,Linux-5.15.0-119-generic-x86_64-with-glibc2.39,benchmark-v1,google/gemma-2-9b-it,False,1,5,False,0.2,validation_swept,0.6271160357032932,0.5662912180989719,0.6138171837023023,0.5390749601275917,0.2248062015503876,0.10034602076124567,0.13875598086124402,0.8867568417741428,0.17681660899653978,0.02078205447605323,17.72,9.1,completed,,md_K2_matched,markov_diffusion,markov_diffusion_h2_k10_t0_perhop_K2_matched_cosine,2.0,matched_cosine,results/flag_md/flag/md_K2_matched,results/flag_md/flag/md_K2_matched/instagram__pmp__flag__s1i1__48859d54fc7e.json,"dual-branch: raw text (384d) + LLM discriminative text (384d), attention-fused (models.py:DualGNN)",False
749f6504e764,2026-09-19T22:14:41+00:00,14eedbd784f43524589dcc9c848191495f337851-dirty,instagram,pmp,flag,flag_bundled,"partial - fraud/benign partition present, but applied to the aggregated mean rather than per-neighbour before aggregation",adapted,2,0,cpu,torch 2.14.0+cu130,3.12.14,Linux-5.15.0-119-generic-x86_64-with-glibc2.39,benchmark-v1,google/gemma-2-9b-it,False,2,5,False,0.15,validation_swept,0.6352723915050785,0.5696476964769648,0.6093156212210104,0.5543228139381986,0.18421052631578946,0.20588235294117646,0.19444444444444445,0.8449197860962567,0.17404844290657445,0.018926427110920668,17.72,9.08,completed,,md_K2_matched,markov_diffusion,markov_diffusion_h2_k10_t0_perhop_K2_matched_cosine,2.0,matched_cosine,results/flag_md/flag/md_K2_matched,results/flag_md/flag/md_K2_matched/instagram__pmp__flag__s2i0__749f6504e764.json,"dual-branch: raw text (384d) + LLM discriminative text (384d), attention-fused (models.py:DualGNN)",False
7ecc7c8d127a,2026-09-19T22:15:10+00:00,14eedbd784f43524589dcc9c848191495f337851-dirty,instagram,pmp,flag,flag_bundled,"partial - fraud/benign partition present, but applied to the aggregated mean rather than per-neighbour before aggregation",adapted,2,1,cpu,torch 2.14.0+cu130,3.12.14,Linux-5.15.0-119-generic-x86_64-with-glibc2.39,benchmark-v1,google/gemma-2-9b-it,False,3,5,False,0.2,validation_swept,0.5848337950138504,0.5645545585680248,0.5725253229726657,0.5429958997949897,0.1619718309859155,0.19896193771626297,0.17857142857142858,0.833595470273671,0.12404844290657435,0.03955619054176025,17.74,9.04,completed,,md_K2_matched,markov_diffusion,markov_diffusion_h2_k10_t0_perhop_K2_matched_cosine,2.0,matched_cosine,results/flag_md/flag/md_K2_matched,results/flag_md/flag/md_K2_matched/instagram__pmp__flag__s2i1__7ecc7c8d127a.json,"dual-branch: raw text (384d) + LLM discriminative text (384d), attention-fused (models.py:DualGNN)",False
b17a11be11f8,2026-09-19T22:15:40+00:00,14eedbd784f43524589dcc9c848191495f337851-dirty,instagram,pmp,flag,flag_bundled,"partial - fraud/benign partition present, but applied to the aggregated mean rather than per-neighbour before aggregation",adapted,3,0,cpu,torch 2.14.0+cu130,3.12.14,Linux-5.15.0-119-generic-x86_64-with-glibc2.39,benchmark-v1,google/gemma-2-9b-it,False,2,5,False,0.15,validation_swept,0.6418321021852879,0.5913776117866753,0.6064302690341351,0.5529586357237848,0.18312101910828024,0.19896193771626297,0.19071310116086235,0.8464926077382825,0.1503460207612457,0.014204267049299099,17.64,9.08,completed,,md_K2_matched,markov_diffusion,markov_diffusion_h2_k10_t0_perhop_K2_matched_cosine,2.0,matched_cosine,results/flag_md/flag/md_K2_matched,results/flag_md/flag/md_K2_matched/instagram__pmp__flag__s3i0__b17a11be11f8.json,"dual-branch: raw text (384d) + LLM discriminative text (384d), attention-fused (models.py:DualGNN)",False
6397e6b225e6,2026-09-19T22:16:09+00:00,14eedbd784f43524589dcc9c848191495f337851-dirty,instagram,pmp,flag,flag_bundled,"partial - fraud/benign partition present, but applied to the aggregated mean rather than per-neighbour before aggregation",adapted,3,1,cpu,torch 2.14.0+cu130,3.12.14,Linux-5.15.0-119-generic-x86_64-with-glibc2.39,benchmark-v1,google/gemma-2-9b-it,False,1,5,False,0.1,validation_swept,0.6540858725761772,0.5703015227569497,0.6060139066821517,0.5415620622386799,0.16847826086956522,0.16089965397923875,0.16460176991150444,0.8515256369927651,0.18166089965397925,0.036362449845375934,17.58,9.06,completed,,md_K2_matched,markov_diffusion,markov_diffusion_h2_k10_t0_perhop_K2_matched_cosine,2.0,matched_cosine,results/flag_md/flag/md_K2_matched,results/flag_md/flag/md_K2_matched/instagram__pmp__flag__s3i1__6397e6b225e6.json,"dual-branch: raw text (384d) + LLM discriminative text (384d), attention-fused (models.py:DualGNN)",False
0bf2ed950f6c,2026-09-19T17:32:25+00:00,14eedbd784f43524589dcc9c848191495f337851-dirty,reddit,bwgnn,flag,flag_bundled,"beta-wavelet basis NOT applied - the polynomial is evaluated over raw adjacency A, not the normalised Laplacian, so it is not a beta wavelet. Theta coefficients themselves are correct.",approximation,0,0,cpu,torch 2.14.0+cu130,3.12.14,Linux-5.15.0-119-generic-x86_64-with-glibc2.39,benchmark-v1,google/gemma-2-9b-it,False,2,5,False,0.25,validation_swept,0.6405215884021431,0.5675080712513867,0.6353035537661108,0.5440098601471034,0.16457286432160803,0.19581464872944693,0.178839590443686,0.8364489157773095,0.2017300660579619,0.03769263474625375,37.58,18.4,completed,,md_K2_matched,markov_diffusion,markov_diffusion_h2_k10_t0_perhop_K2_matched_cosine,2.0,matched_cosine,results/flag_md/flag/md_K2_matched,results/flag_md/flag/md_K2_matched/reddit__bwgnn__flag__s0i0__0bf2ed950f6c.json,"dual-branch: raw text (384d) + LLM discriminative text (384d), attention-fused (models.py:DualGNN)",False
69adffa4536c,2026-09-19T17:33:28+00:00,14eedbd784f43524589dcc9c848191495f337851-dirty,reddit,bwgnn,flag,flag_bundled,"beta-wavelet basis NOT applied - the polynomial is evaluated over raw adjacency A, not the normalised Laplacian, so it is not a beta wavelet. Theta coefficients themselves are correct.",approximation,0,1,cpu,torch 2.14.0+cu130,3.12.14,Linux-5.15.0-119-generic-x86_64-with-glibc2.39,benchmark-v1,google/gemma-2-9b-it,False,2,5,False,0.15,validation_swept,0.6645094977509096,0.5618201341940731,0.6415794457676752,0.551961123230079,0.1719387755102041,0.25186846038863975,0.20436628259551243,0.8216300727346884,0.19762009590973578,0.02480735057805914,37.27,17.53,completed,,md_K2_matched,markov_diffusion,markov_diffusion_h2_k10_t0_perhop_K2_matched_cosine,2.0,matched_cosine,results/flag_md/flag/md_K2_matched,results/flag_md/flag/md_K2_matched/reddit__bwgnn__flag__s0i1__69adffa4536c.json,"dual-branch: raw text (384d) + LLM discriminative text (384d), attention-fused (models.py:DualGNN)",False
c2f61d1774f3,2026-09-19T17:34:28+00:00,14eedbd784f43524589dcc9c848191495f337851-dirty,reddit,bwgnn,flag,flag_bundled,"beta-wavelet basis NOT applied - the polynomial is evaluated over raw adjacency A, not the normalised Laplacian, so it is not a beta wavelet. Theta coefficients themselves are correct.",approximation,1,0,cpu,torch 2.14.0+cu130,3.12.14,Linux-5.15.0-119-generic-x86_64-with-glibc2.39,benchmark-v1,google/gemma-2-9b-it,False,3,5,False,0.2,validation_swept,0.616121823338968,0.5576536298969759,0.6085750553538201,0.528401821100805,0.1746905089408528,0.09491778774289986,0.12300242130750605,0.8768948405954727,0.16390006546667157,0.025352399694329706,37.58,17.8,completed,,md_K2_matched,markov_diffusion,markov_diffusion_h2_k10_t0_perhop_K2_matched_cosine,2.0,matched_cosine,results/flag_md/flag/md_K2_matched,results/flag_md/flag/md_K2_matched/reddit__bwgnn__flag__s1i0__c2f61d1774f3.json,"dual-branch: raw text (384d) + LLM discriminative text (384d), attention-fused (models.py:DualGNN)",False
07fe0e91c35a,2026-09-19T17:35:28+00:00,14eedbd784f43524589dcc9c848191495f337851-dirty,reddit,bwgnn,flag,flag_bundled,"beta-wavelet basis NOT applied - the polynomial is evaluated over raw adjacency A, not the normalised Laplacian, so it is not a beta wavelet. Theta coefficients themselves are correct.",approximation,1,1,cpu,torch 2.14.0+cu130,3.12.14,Linux-5.15.0-119-generic-x86_64-with-glibc2.39,benchmark-v1,google/gemma-2-9b-it,False,2,5,False,0.15,validation_swept,0.6111902988281809,0.5722559486428023,0.6090476125007922,0.5412096806006543,0.17707362534948742,0.14200298953662183,0.15761094981335547,0.8619400448643872,0.1615223857007465,0.03747407053603677,36.73,18.07,completed,,md_K2_matched,markov_diffusion,markov_diffusion_h2_k10_t0_perhop_K2_matched_cosine,2.0,matched_cosine,results/flag_md/flag/md_K2_matched,results/flag_md/flag/md_K2_matched/reddit__bwgnn__flag__s1i1__07fe0e91c35a.json,"dual-branch: raw text (384d) + LLM discriminative text (384d), attention-fused (models.py:DualGNN)",False
c3298b5ec57d,2026-09-19T17:36:28+00:00,14eedbd784f43524589dcc9c848191495f337851-dirty,reddit,bwgnn,flag,flag_bundled,"beta-wavelet basis NOT applied - the polynomial is evaluated over raw adjacency A, not the normalised Laplacian, so it is not a beta wavelet. Theta coefficients themselves are correct.",approximation,2,0,cpu,torch 2.14.0+cu130,3.12.14,Linux-5.15.0-119-generic-x86_64-with-glibc2.39,benchmark-v1,google/gemma-2-9b-it,False,4,5,False,0.25,validation_swept,0.6575079506059651,0.5709209626399931,0.6444449958682337,0.5512357560958816,0.18281136198106337,0.187593423019432,0.18517152342309112,0.8498402555910544,0.21620404632541057,0.029472028254034166,38.22,19.67,completed,,md_K2_matched,markov_diffusion,markov_diffusion_h2_k10_t0_perhop_K2_matched_cosine,2.0,matched_cosine,results/flag_md/flag/md_K2_matched,results/flag_md/flag/md_K2_matched/reddit__bwgnn__flag__s2i0__c3298b5ec57d.json,"dual-branch: raw text (384d) + LLM discriminative text (384d), attention-fused (models.py:DualGNN)",False
29639ea26f4c,2026-09-19T17:37:31+00:00,14eedbd784f43524589dcc9c848191495f337851-dirty,reddit,bwgnn,flag,flag_bundled,"beta-wavelet basis NOT applied - the polynomial is evaluated over raw adjacency A, not the normalised Laplacian, so it is not a beta wavelet. Theta coefficients themselves are correct.",approximation,2,1,cpu,torch 2.14.0+cu130,3.12.14,Linux-5.15.0-119-generic-x86_64-with-glibc2.39,benchmark-v1,google/gemma-2-9b-it,False,5,5,False,0.2,validation_swept,0.6418681775205569,0.5764559129945529,0.6237872821629196,0.5468037404404745,0.16489925768822905,0.23243647234678624,0.19292803970223324,0.8231255523077969,0.1848886893330905,0.03431807051148679,38.53,17.84,completed,,md_K2_matched,markov_diffusion,markov_diffusion_h2_k10_t0_perhop_K2_matched_cosine,2.0,matched_cosine,results/flag_md/flag/md_K2_matched,results/flag_md/flag/md_K2_matched/reddit__bwgnn__flag__s2i1__29639ea26f4c.json,"dual-branch: raw text (384d) + LLM discriminative text (384d), attention-fused (models.py:DualGNN)",False
6c66aeaea7a4,2026-09-19T17:38:33+00:00,14eedbd784f43524589dcc9c848191495f337851-dirty,reddit,bwgnn,flag,flag_bundled,"beta-wavelet basis NOT applied - the polynomial is evaluated over raw adjacency A, not the normalised Laplacian, so it is not a beta wavelet. Theta coefficients themselves are correct.",approximation,3,0,cpu,torch 2.14.0+cu130,3.12.14,Linux-5.15.0-119-generic-x86_64-with-glibc2.39,benchmark-v1,google/gemma-2-9b-it,False,2,5,False,0.3,validation_swept,0.6680729450190528,0.5945414684437378,0.6481069714460466,0.5590951631970014,0.1834475487612019,0.2600896860986547,0.2151468315301391,0.827408061994426,0.20915489423449551,0.04994487964799059,36.76,17.66,completed,,md_K2_matched,markov_diffusion,markov_diffusion_h2_k10_t0_perhop_K2_matched_cosine,2.0,matched_cosine,results/flag_md/flag/md_K2_matched,results/flag_md/flag/md_K2_matched/reddit__bwgnn__flag__s3i0__6c66aeaea7a4.json,"dual-branch: raw text (384d) + LLM discriminative text (384d), attention-fused (models.py:DualGNN)",False
630395738c45,2026-09-19T17:39:33+00:00,14eedbd784f43524589dcc9c848191495f337851-dirty,reddit,bwgnn,flag,flag_bundled,"beta-wavelet basis NOT applied - the polynomial is evaluated over raw adjacency A, not the normalised Laplacian, so it is not a beta wavelet. Theta coefficients themselves are correct.",approximation,3,1,cpu,torch 2.14.0+cu130,3.12.14,Linux-5.15.0-119-generic-x86_64-with-glibc2.39,benchmark-v1,google/gemma-2-9b-it,False,5,5,False,0.35,validation_swept,0.5896735237658655,0.5700204508582112,0.6016150438991087,0.5358875361344817,0.16912487708947885,0.12855007473841554,0.14607218683651804,0.8632995717490314,0.1559051284312578,0.03996250069028655,37.52,18.37,completed,,md_K2_matched,markov_diffusion,markov_diffusion_h2_k10_t0_perhop_K2_matched_cosine,2.0,matched_cosine,results/flag_md/flag/md_K2_matched,results/flag_md/flag/md_K2_matched/reddit__bwgnn__flag__s3i1__630395738c45.json,"dual-branch: raw text (384d) + LLM discriminative text (384d), attention-fused (models.py:DualGNN)",False
5a1f70c709a8,2026-09-19T17:32:25+00:00,14eedbd784f43524589dcc9c848191495f337851-dirty,reddit,care_gnn,flag,flag_bundled,"NOT CARE-GNN - no RL neighbour filtering, no label-aware similarity, no multi-relation aggregation. A similarity-gated mean aggregator.",approximation,0,0,cpu,torch 2.14.0+cu130,3.12.14,Linux-5.15.0-119-generic-x86_64-with-glibc2.39,benchmark-v1,google/gemma-2-9b-it,False,3,5,False,0.15,validation_swept,0.6666547288198723,0.5428282001501735,0.6333585274391644,0.5359191219805848,0.15223097112860892,0.17339312406576982,0.16212438853948288,0.8369927265311672,0.20172190647621532,0.040910524993882626,33.91,16.95,completed,,md_K2_matched,markov_diffusion,markov_diffusion_h2_k10_t0_perhop_K2_matched_cosine,2.0,matched_cosine,results/flag_md/flag/md_K2_matched,results/flag_md/flag/md_K2_matched/reddit__care_gnn__flag__s0i0__5a1f70c709a8.json,"dual-branch: raw text (384d) + LLM discriminative text (384d), attention-fused (models.py:DualGNN)",False
1c29d4feb449,2026-09-19T17:33:23+00:00,14eedbd784f43524589dcc9c848191495f337851-dirty,reddit,care_gnn,flag,flag_bundled,"NOT CARE-GNN - no RL neighbour filtering, no label-aware similarity, no multi-relation aggregation. A similarity-gated mean aggregator.",approximation,0,1,cpu,torch 2.14.0+cu130,3.12.14,Linux-5.15.0-119-generic-x86_64-with-glibc2.39,benchmark-v1,google/gemma-2-9b-it,False,2,5,False,0.1,validation_swept,0.6573324642580867,0.5479159838015586,0.6180875907627722,0.5264865639714119,0.13469735720375106,0.23617339312406577,0.17155266015200868,0.7925361974033036,0.1852359745452346,0.04103212542693725,33.31,16.53,completed,,md_K2_matched,markov_diffusion,markov_diffusion_h2_k10_t0_perhop_K2_matched_cosine,2.0,matched_cosine,results/flag_md/flag/md_K2_matched,results/flag_md/flag/md_K2_matched/reddit__care_gnn__flag__s0i1__1c29d4feb449.json,"dual-branch: raw text (384d) + LLM discriminative text (384d), attention-fused (models.py:DualGNN)",False
3a86c987e645,2026-09-19T17:34:18+00:00,14eedbd784f43524589dcc9c848191495f337851-dirty,reddit,care_gnn,flag,flag_bundled,"NOT CARE-GNN - no RL neighbour filtering, no label-aware similarity, no multi-relation aggregation. A similarity-gated mean aggregator.",approximation,1,0,cpu,torch 2.14.0+cu130,3.12.14,Linux-5.15.0-119-generic-x86_64-with-glibc2.39,benchmark-v1,google/gemma-2-9b-it,False,2,5,False,0.15,validation_swept,0.6635532762226742,0.5522480527964759,0.6392443802557347,0.5341602159286092,0.14835858585858586,0.1756352765321375,0.16084873374401096,0.833322003942628,0.20969448849314548,0.026018101933320846,33.83,16.61,completed,,md_K2_matched,markov_diffusion,markov_diffusion_h2_k10_t0_perhop_K2_matched_cosine,2.0,matched_cosine,results/flag_md/flag/md_K2_matched,results/flag_md/flag/md_K2_matched/reddit__care_gnn__flag__s1i0__3a86c987e645.json,"dual-branch: raw text (384d) + LLM discriminative text (384d), attention-fused (models.py:DualGNN)",False
ee78a3b1552f,2026-09-19T17:35:13+00:00,14eedbd784f43524589dcc9c848191495f337851-dirty,reddit,care_gnn,flag,flag_bundled,"NOT CARE-GNN - no RL neighbour filtering, no label-aware similarity, no multi-relation aggregation. A similarity-gated mean aggregator.",approximation,1,1,cpu,torch 2.14.0+cu130,3.12.14,Linux-5.15.0-119-generic-x86_64-with-glibc2.39,benchmark-v1,google/gemma-2-9b-it,False,2,5,False,0.15,validation_swept,0.6595851359481992,0.5538289768431168,0.6315028094110604,0.536621141260381,0.15075669383003493,0.19357249626307924,0.1695026178010471,0.8274760383386581,0.2041241767624724,0.026200893412641597,32.63,16.14,completed,,md_K2_matched,markov_diffusion,markov_diffusion_h2_k10_t0_perhop_K2_matched_cosine,2.0,matched_cosine,results/flag_md/flag/md_K2_matched,results/flag_md/flag/md_K2_matched/reddit__care_gnn__flag__s1i1__ee78a3b1552f.json,"dual-branch: raw text (384d) + LLM discriminative text (384d), attention-fused (models.py:DualGNN)",False
424f9b67e28f,2026-09-19T17:36:07+00:00,14eedbd784f43524589dcc9c848191495f337851-dirty,reddit,care_gnn,flag,flag_bundled,"NOT CARE-GNN - no RL neighbour filtering, no label-aware similarity, no multi-relation aggregation. A similarity-gated mean aggregator.",approximation,2,0,cpu,torch 2.14.0+cu130,3.12.14,Linux-5.15.0-119-generic-x86_64-with-glibc2.39,benchmark-v1,google/gemma-2-9b-it,False,1,5,False,0.15,validation_swept,0.6359446179411512,0.5448865665276846,0.6260589711974588,0.5361238332536636,0.1532258064516129,0.17040358744394618,0.1613588110403397,0.838896064169669,0.18221083755647577,0.006995002418192021,32.73,16.61,completed,,md_K2_matched,markov_diffusion,markov_diffusion_h2_k10_t0_perhop_K2_matched_cosine,2.0,matched_cosine,results/flag_md/flag/md_K2_matched,results/flag_md/flag/md_K2_matched/reddit__care_gnn__flag__s2i0__424f9b67e28f.json,"dual-branch: raw text (384d) + LLM discriminative text (384d), attention-fused (models.py:DualGNN)",False
e5102680dbc8,2026-09-19T17:37:02+00:00,14eedbd784f43524589dcc9c848191495f337851-dirty,reddit,care_gnn,flag,flag_bundled,"NOT CARE-GNN - no RL neighbour filtering, no label-aware similarity, no multi-relation aggregation. A similarity-gated mean aggregator.",approximation,2,1,cpu,torch 2.14.0+cu130,3.12.14,Linux-5.15.0-119-generic-x86_64-with-glibc2.39,benchmark-v1,google/gemma-2-9b-it,False,3,5,False,0.1,validation_swept,0.6536311348594677,0.5463810602230906,0.6220083256795338,0.5187681064909802,0.131875,0.3153961136023916,0.1859850154252975,0.7488953844062266,0.19688796905439498,0.043327348587425686,32.5,16.16,completed,,md_K2_matched,markov_diffusion,markov_diffusion_h2_k10_t0_perhop_K2_matched_cosine,2.0,matched_cosine,results/flag_md/flag/md_K2_matched,results/flag_md/flag/md_K2_matched/reddit__care_gnn__flag__s2i1__e5102680dbc8.json,"dual-branch: raw text (384d) + LLM discriminative text (384d), attention-fused (models.py:DualGNN)",False
f82e0b542a14,2026-09-19T17:37:55+00:00,14eedbd784f43524589dcc9c848191495f337851-dirty,reddit,care_gnn,flag,flag_bundled,"NOT CARE-GNN - no RL neighbour filtering, no label-aware similarity, no multi-relation aggregation. A similarity-gated mean aggregator.",approximation,3,0,cpu,torch 2.14.0+cu130,3.12.14,Linux-5.15.0-119-generic-x86_64-with-glibc2.39,benchmark-v1,google/gemma-2-9b-it,False,2,5,False,0.2,validation_swept,0.6613865570294818,0.5448088384376473,0.6315151885025458,0.5327346650763299,0.1433804290947148,0.20478325859491778,0.16866728224068944,0.8163958942288084,0.1964949119419056,0.03421062204277675,32.93,16.32,completed,,md_K2_matched,markov_diffusion,markov_diffusion_h2_k10_t0_perhop_K2_matched_cosine,2.0,matched_cosine,results/flag_md/flag/md_K2_matched,results/flag_md/flag/md_K2_matched/reddit__care_gnn__flag__s3i0__f82e0b542a14.json,"dual-branch: raw text (384d) + LLM discriminative text (384d), attention-fused (models.py:DualGNN)",False
686cc49016db,2026-09-19T17:38:49+00:00,14eedbd784f43524589dcc9c848191495f337851-dirty,reddit,care_gnn,flag,flag_bundled,"NOT CARE-GNN - no RL neighbour filtering, no label-aware similarity, no multi-relation aggregation. A similarity-gated mean aggregator.",approximation,3,1,cpu,torch 2.14.0+cu130,3.12.14,Linux-5.15.0-119-generic-x86_64-with-glibc2.39,benchmark-v1,google/gemma-2-9b-it,False,1,5,False,0.15,validation_swept,0.6322343351574363,0.5448498724930735,0.6273030838636223,0.5283363926326452,0.15534979423868311,0.11285500747384156,0.13073593073593073,0.863503500781728,0.20087152157309585,0.015871252378505285,32.45,16.17,completed,,md_K2_matched,markov_diffusion,markov_diffusion_h2_k10_t0_perhop_K2_matched_cosine,2.0,matched_cosine,results/flag_md/flag/md_K2_matched,results/flag_md/flag/md_K2_matched/reddit__care_gnn__flag__s3i1__686cc49016db.json,"dual-branch: raw text (384d) + LLM discriminative text (384d), attention-fused (models.py:DualGNN)",False
f15414d806e0,2026-09-19T17:32:25+00:00,14eedbd784f43524589dcc9c848191495f337851-dirty,reddit,dga_gnn,flag,flag_bundled,"NOT DGA-GNN - no decision-tree dynamic grouping, no bidirectional grouped aggregation. GraphSAGE-mean.",approximation,0,0,cpu,torch 2.14.0+cu130,3.12.14,Linux-5.15.0-119-generic-x86_64-with-glibc2.39,benchmark-v1,google/gemma-2-9b-it,False,3,5,False,0.15,validation_swept,0.6446687963785347,0.5451295196977874,0.629293295271679,0.5299094599335947,0.13930885529157666,0.19282511210762332,0.16175548589341693,0.818231255523078,0.19858471495730695,0.02818152367007011,28.18,12.43,completed,,md_K2_matched,markov_diffusion,markov_diffusion_h2_k10_t0_perhop_K2_matched_cosine,2.0,matched_cosine,results/flag_md/flag/md_K2_matched,results/flag_md/flag/md_K2_matched/reddit__dga_gnn__flag__s0i0__f15414d806e0.json,"dual-branch: raw text (384d) + LLM discriminative text (384d), attention-fused (models.py:DualGNN)",False
846e86d549a7,2026-09-19T17:33:12+00:00,14eedbd784f43524589dcc9c848191495f337851-dirty,reddit,dga_gnn,flag,flag_bundled,"NOT DGA-GNN - no decision-tree dynamic grouping, no bidirectional grouped aggregation. GraphSAGE-mean.",approximation,0,1,cpu,torch 2.14.0+cu130,3.12.14,Linux-5.15.0-119-generic-x86_64-with-glibc2.39,benchmark-v1,google/gemma-2-9b-it,False,5,5,False,0.2,validation_swept,0.6312458814428559,0.5510241681725071,0.6219080634216346,0.5323459628687852,0.15449915110356535,0.13602391629297458,0.14467408585055644,0.8537149072122902,0.18402813289656095,0.03421673518821004,27.37,12.31,completed,,md_K2_matched,markov_diffusion,markov_diffusion_h2_k10_t0_perhop_K2_matched_cosine,2.0,matched_cosine,results/flag_md/flag/md_K2_matched,results/flag_md/flag/md_K2_matched/reddit__dga_gnn__flag__s0i1__846e86d549a7.json,"dual-branch: raw text (384d) + LLM discriminative text (384d), attention-fused (models.py:DualGNN)",False
ed8562d2a9c6,2026-09-19T17:33:56+00:00,14eedbd784f43524589dcc9c848191495f337851-dirty,reddit,dga_gnn,flag,flag_bundled,"NOT DGA-GNN - no decision-tree dynamic grouping, no bidirectional grouped aggregation. GraphSAGE-mean.",approximation,1,0,cpu,torch 2.14.0+cu130,3.12.14,Linux-5.15.0-119-generic-x86_64-with-glibc2.39,benchmark-v1,google/gemma-2-9b-it,False,4,5,False,0.15,validation_swept,0.6270163023235825,0.5569965692221397,0.6208846506754513,0.5446826175164473,0.1710334788937409,0.1756352765321375,0.1733038348082596,0.8475970362313915,0.17157236369781959,0.04006435263042961,26.81,12.25,completed,,md_K2_matched,markov_diffusion,markov_diffusion_h2_k10_t0_perhop_K2_matched_cosine,2.0,matched_cosine,results/flag_md/flag/md_K2_matched,results/flag_md/flag/md_K2_matched/reddit__dga_gnn__flag__s1i0__ed8562d2a9c6.json,"dual-branch: raw text (384d) + LLM discriminative text (384d), attention-fused (models.py:DualGNN)",False
387c3b5ee94e,2026-09-19T17:34:40+00:00,14eedbd784f43524589dcc9c848191495f337851-dirty,reddit,dga_gnn,flag,flag_bundled,"NOT DGA-GNN - no decision-tree dynamic grouping, no bidirectional grouped aggregation. GraphSAGE-mean.",approximation,1,1,cpu,torch 2.14.0+cu130,3.12.14,Linux-5.15.0-119-generic-x86_64-with-glibc2.39,benchmark-v1,google/gemma-2-9b-it,False,5,5,False,0.25,validation_swept,0.6608332378305589,0.5570385529984148,0.6259720101755574,0.5300519726252934,0.1451731761238025,0.14723467862481315,0.14619666048237476,0.8435864319216912,0.195708350616557,0.05465377373259538,27.07,12.25,completed,,md_K2_matched,markov_diffusion,markov_diffusion_h2_k10_t0_perhop_K2_matched_cosine,2.0,matched_cosine,results/flag_md/flag/md_K2_matched,results/flag_md/flag/md_K2_matched/reddit__dga_gnn__flag__s1i1__387c3b5ee94e.json,"dual-branch: raw text (384d) + LLM discriminative text (384d), attention-fused (models.py:DualGNN)",False
37eb7e875ec3,2026-09-19T17:35:23+00:00,14eedbd784f43524589dcc9c848191495f337851-dirty,reddit,dga_gnn,flag,flag_bundled,"NOT DGA-GNN - no decision-tree dynamic grouping, no bidirectional grouped aggregation. GraphSAGE-mean.",approximation,2,0,cpu,torch 2.14.0+cu130,3.12.14,Linux-5.15.0-119-generic-x86_64-with-glibc2.39,benchmark-v1,google/gemma-2-9b-it,False,3,5,False,0.2,validation_swept,0.6622066871042602,0.5491167917076869,0.6304767978939785,0.536990946115856,0.15,0.21076233183856502,0.1752641392169049,0.8195907824077221,0.19778099615527217,0.03763555566059993,27.46,12.37,completed,,md_K2_matched,markov_diffusion,markov_diffusion_h2_k10_t0_perhop_K2_matched_cosine,2.0,matched_cosine,results/flag_md/flag/md_K2_matched,results/flag_md/flag/md_K2_matched/reddit__dga_gnn__flag__s2i0__37eb7e875ec3.json,"dual-branch: raw text (384d) + LLM discriminative text (384d), attention-fused (models.py:DualGNN)",False
7c96f8df07b1,2026-09-19T17:36:08+00:00,14eedbd784f43524589dcc9c848191495f337851-dirty,reddit,dga_gnn,flag,flag_bundled,"NOT DGA-GNN - no decision-tree dynamic grouping, no bidirectional grouped aggregation. GraphSAGE-mean.",approximation,2,1,cpu,torch 2.14.0+cu130,3.12.14,Linux-5.15.0-119-generic-x86_64-with-glibc2.39,benchmark-v1,google/gemma-2-9b-it,False,4,5,False,0.2,validation_swept,0.6561112225310146,0.5553023162825236,0.6307898799278424,0.534707261093876,0.1470811220621683,0.28998505231689087,0.19517102615694165,0.782475698456937,0.20241563858731038,0.03368875675457099,27.63,12.75,completed,,md_K2_matched,markov_diffusion,markov_diffusion_h2_k10_t0_perhop_K2_matched_cosine,2.0,matched_cosine,results/flag_md/flag/md_K2_matched,results/flag_md/flag/md_K2_matched/reddit__dga_gnn__flag__s2i1__7c96f8df07b1.json,"dual-branch: raw text (384d) + LLM discriminative text (384d), attention-fused (models.py:DualGNN)",False
960a3fedb746,2026-09-19T17:36:53+00:00,14eedbd784f43524589dcc9c848191495f337851-dirty,reddit,dga_gnn,flag,flag_bundled,"NOT DGA-GNN - no decision-tree dynamic grouping, no bidirectional grouped aggregation. GraphSAGE-mean.",approximation,3,0,cpu,torch 2.14.0+cu130,3.12.14,Linux-5.15.0-119-generic-x86_64-with-glibc2.39,benchmark-v1,google/gemma-2-9b-it,False,4,5,False,0.2,validation_swept,0.6480675013609145,0.5576617845324182,0.6178873177409314,0.5316937694168146,0.14269340974212033,0.1860986547085202,0.16153097632176452,0.8242811501597445,0.18277692251202898,0.026699325376089513,27.55,12.28,completed,,md_K2_matched,markov_diffusion,markov_diffusion_h2_k10_t0_perhop_K2_matched_cosine,2.0,matched_cosine,results/flag_md/flag/md_K2_matched,results/flag_md/flag/md_K2_matched/reddit__dga_gnn__flag__s3i0__960a3fedb746.json,"dual-branch: raw text (384d) + LLM discriminative text (384d), attention-fused (models.py:DualGNN)",False
4091eb64eb9b,2026-09-19T17:37:37+00:00,14eedbd784f43524589dcc9c848191495f337851-dirty,reddit,dga_gnn,flag,flag_bundled,"NOT DGA-GNN - no decision-tree dynamic grouping, no bidirectional grouped aggregation. GraphSAGE-mean.",approximation,3,1,cpu,torch 2.14.0+cu130,3.12.14,Linux-5.15.0-119-generic-x86_64-with-glibc2.39,benchmark-v1,google/gemma-2-9b-it,False,3,5,False,0.1,validation_swept,0.6455605535340802,0.5455922545379538,0.6245785659859228,0.5160464999396682,0.13108504398826978,0.33408071748878926,0.18828980623420388,0.7380191693290735,0.1957792160251503,0.03086400444178309,27.19,12.24,completed,,md_K2_matched,markov_diffusion,markov_diffusion_h2_k10_t0_perhop_K2_matched_cosine,2.0,matched_cosine,results/flag_md/flag/md_K2_matched,results/flag_md/flag/md_K2_matched/reddit__dga_gnn__flag__s3i1__4091eb64eb9b.json,"dual-branch: raw text (384d) + LLM discriminative text (384d), attention-fused (models.py:DualGNN)",False
ef8a84a566ea,2026-09-19T17:32:25+00:00,14eedbd784f43524589dcc9c848191495f337851-dirty,reddit,gat,flag,flag_bundled,"NOT canonical GAT - conv2 is a SAGEConv, not a GATConv, so the second layer performs no attention",adapted,0,0,cpu,torch 2.14.0+cu130,3.12.14,Linux-5.15.0-119-generic-x86_64-with-glibc2.39,benchmark-v1,google/gemma-2-9b-it,False,2,5,False,0.15,validation_swept,0.7038864854024008,0.5822748609742638,0.6579755105243514,0.5510920423543386,0.17066939192641797,0.24962630792227206,0.20273141122913504,0.8214261437019917,0.2364413739081389,0.025713963386928485,37.83,17.84,completed,,md_K2_matched,markov_diffusion,markov_diffusion_h2_k10_t0_perhop_K2_matched_cosine,2.0,matched_cosine,results/flag_md/flag/md_K2_matched,results/flag_md/flag/md_K2_matched/reddit__gat__flag__s0i0__ef8a84a566ea.json,"dual-branch: raw text (384d) + LLM discriminative text (384d), attention-fused (models.py:DualGNN)",False
912af4859fa9,2026-09-19T17:33:28+00:00,14eedbd784f43524589dcc9c848191495f337851-dirty,reddit,gat,flag,flag_bundled,"NOT canonical GAT - conv2 is a SAGEConv, not a GATConv, so the second layer performs no attention",adapted,0,1,cpu,torch 2.14.0+cu130,3.12.14,Linux-5.15.0-119-generic-x86_64-with-glibc2.39,benchmark-v1,google/gemma-2-9b-it,False,3,5,False,0.2,validation_swept,0.6911332836718908,0.5702849766332233,0.6529288651016588,0.5526784529822788,0.17768344451182536,0.21898355754857998,0.19618346166722464,0.8367887974984706,0.2267191204820368,0.033668484953304656,36.88,17.43,completed,,md_K2_matched,markov_diffusion,markov_diffusion_h2_k10_t0_perhop_K2_matched_cosine,2.0,matched_cosine,results/flag_md/flag/md_K2_matched,results/flag_md/flag/md_K2_matched/reddit__gat__flag__s0i1__912af4859fa9.json,"dual-branch: raw text (384d) + LLM discriminative text (384d), attention-fused (models.py:DualGNN)",False
04d720a4d0fc,2026-09-19T17:34:27+00:00,14eedbd784f43524589dcc9c848191495f337851-dirty,reddit,gat,flag,flag_bundled,"NOT canonical GAT - conv2 is a SAGEConv, not a GATConv, so the second layer performs no attention",adapted,1,0,cpu,torch 2.14.0+cu130,3.12.14,Linux-5.15.0-119-generic-x86_64-with-glibc2.39,benchmark-v1,google/gemma-2-9b-it,False,2,5,False,0.2,validation_swept,0.6621493854396471,0.561224411679145,0.6367336881298317,0.5391576579649993,0.1533697632058288,0.3146487294469357,0.2062209159931423,0.7796886683434164,0.19274390750298132,0.038862725400594766,37.43,17.56,completed,,md_K2_matched,markov_diffusion,markov_diffusion_h2_k10_t0_perhop_K2_matched_cosine,2.0,matched_cosine,results/flag_md/flag/md_K2_matched,results/flag_md/flag/md_K2_matched/reddit__gat__flag__s1i0__04d720a4d0fc.json,"dual-branch: raw text (384d) + LLM discriminative text (384d), attention-fused (models.py:DualGNN)",False
8b525bde2b23,2026-09-19T17:35:27+00:00,14eedbd784f43524589dcc9c848191495f337851-dirty,reddit,gat,flag,flag_bundled,"NOT canonical GAT - conv2 is a SAGEConv, not a GATConv, so the second layer performs no attention",adapted,1,1,cpu,torch 2.14.0+cu130,3.12.14,Linux-5.15.0-119-generic-x86_64-with-glibc2.39,benchmark-v1,google/gemma-2-9b-it,False,3,5,False,0.25,validation_swept,0.6512513251009943,0.5602791558764801,0.6339582566975357,0.5435149963684277,0.15809935205183584,0.273542600896861,0.20038324664659185,0.8014410984977228,0.19330764518159377,0.05437621288471988,37.25,17.78,completed,,md_K2_matched,markov_diffusion,markov_diffusion_h2_k10_t0_perhop_K2_matched_cosine,2.0,matched_cosine,results/flag_md/flag/md_K2_matched,results/flag_md/flag/md_K2_matched/reddit__gat__flag__s1i1__8b525bde2b23.json,"dual-branch: raw text (384d) + LLM discriminative text (384d), attention-fused (models.py:DualGNN)",False
0d654ea583e6,2026-09-19T17:36:27+00:00,14eedbd784f43524589dcc9c848191495f337851-dirty,reddit,gat,flag,flag_bundled,"NOT canonical GAT - conv2 is a SAGEConv, not a GATConv, so the second layer performs no attention",adapted,2,0,cpu,torch 2.14.0+cu130,3.12.14,Linux-5.15.0-119-generic-x86_64-with-glibc2.39,benchmark-v1,google/gemma-2-9b-it,False,5,5,False,0.35,validation_swept,0.6750458413316908,0.5653303546250743,0.6426086987624374,0.5433820020964819,0.17582417582417584,0.1554559043348281,0.16501388337961126,0.8569097953912038,0.22056109531542767,0.04522475067079569,38.08,18.61,completed,,md_K2_matched,markov_diffusion,markov_diffusion_h2_k10_t0_perhop_K2_matched_cosine,2.0,matched_cosine,results/flag_md/flag/md_K2_matched,results/flag_md/flag/md_K2_matched/reddit__gat__flag__s2i0__0d654ea583e6.json,"dual-branch: raw text (384d) + LLM discriminative text (384d), attention-fused (models.py:DualGNN)",False
4c089c554d26,2026-09-19T17:37:29+00:00,14eedbd784f43524589dcc9c848191495f337851-dirty,reddit,gat,flag,flag_bundled,"NOT canonical GAT - conv2 is a SAGEConv, not a GATConv, so the second layer performs no attention",adapted,2,1,cpu,torch 2.14.0+cu130,3.12.14,Linux-5.15.0-119-generic-x86_64-with-glibc2.39,benchmark-v1,google/gemma-2-9b-it,False,1,5,False,0.39999999999999997,validation_swept,0.6597821104203077,0.5633584161309175,0.6165338610906097,0.5199056959425623,0.1509433962264151,0.08370702541106129,0.1076923076923077,0.8738359051050234,0.17876520267003868,0.09899209492964779,36.68,17.46,completed,,md_K2_matched,markov_diffusion,markov_diffusion_h2_k10_t0_perhop_K2_matched_cosine,2.0,matched_cosine,results/flag_md/flag/md_K2_matched,results/flag_md/flag/md_K2_matched/reddit__gat__flag__s2i1__4c089c554d26.json,"dual-branch: raw text (384d) + LLM discriminative text (384d), attention-fused (models.py:DualGNN)",False
c66212170da0,2026-09-19T17:38:29+00:00,14eedbd784f43524589dcc9c848191495f337851-dirty,reddit,gat,flag,flag_bundled,"NOT canonical GAT - conv2 is a SAGEConv, not a GATConv, so the second layer performs no attention",adapted,3,0,cpu,torch 2.14.0+cu130,3.12.14,Linux-5.15.0-119-generic-x86_64-with-glibc2.39,benchmark-v1,google/gemma-2-9b-it,False,1,5,False,0.2,validation_swept,0.6836482537317708,0.578377775105398,0.6390836756166101,0.5410175516356334,0.166412213740458,0.16292974588938713,0.1646525679758308,0.8496363265583577,0.1978862882923303,0.021454370086616072,36.45,17.45,completed,,md_K2_matched,markov_diffusion,markov_diffusion_h2_k10_t0_perhop_K2_matched_cosine,2.0,matched_cosine,results/flag_md/flag/md_K2_matched,results/flag_md/flag/md_K2_matched/reddit__gat__flag__s3i0__c66212170da0.json,"dual-branch: raw text (384d) + LLM discriminative text (384d), attention-fused (models.py:DualGNN)",False
57fe791245a3,2026-09-19T17:39:27+00:00,14eedbd784f43524589dcc9c848191495f337851-dirty,reddit,gat,flag,flag_bundled,"NOT canonical GAT - conv2 is a SAGEConv, not a GATConv, so the second layer performs no attention",adapted,3,1,cpu,torch 2.14.0+cu130,3.12.14,Linux-5.15.0-119-generic-x86_64-with-glibc2.39,benchmark-v1,google/gemma-2-9b-it,False,2,5,False,0.3,validation_swept,0.6883792224164113,0.5604896931274937,0.646460524334723,0.5434517695849235,0.1582452017234626,0.30194319880418535,0.20765869956309432,0.7904289307321052,0.21335897901053785,0.08310059090893258,36.57,17.34,completed,,md_K2_matched,markov_diffusion,markov_diffusion_h2_k10_t0_perhop_K2_matched_cosine,2.0,matched_cosine,results/flag_md/flag/md_K2_matched,results/flag_md/flag/md_K2_matched/reddit__gat__flag__s3i1__57fe791245a3.json,"dual-branch: raw text (384d) + LLM discriminative text (384d), attention-fused (models.py:DualGNN)",False
e499767f78e9,2026-09-19T17:32:25+00:00,14eedbd784f43524589dcc9c848191495f337851-dirty,reddit,gcn,flag,flag_bundled,faithful - two GCNConv layers plus the Eq. 6 skip,faithful,0,0,cpu,torch 2.14.0+cu130,3.12.14,Linux-5.15.0-119-generic-x86_64-with-glibc2.39,benchmark-v1,google/gemma-2-9b-it,False,3,5,False,0.2,validation_swept,0.6324456350456981,0.5595915770277109,0.6118090720465359,0.526541267680269,0.1505050505050505,0.11136023916292975,0.12800687285223367,0.8620080212086194,0.16973433407809074,0.03495965120436703,31.62,17.68,completed,,md_K2_matched,markov_diffusion,markov_diffusion_h2_k10_t0_perhop_K2_matched_cosine,2.0,matched_cosine,results/flag_md/flag/md_K2_matched,results/flag_md/flag/md_K2_matched/reddit__gcn__flag__s0i0__e499767f78e9.json,"dual-branch: raw text (384d) + LLM discriminative text (384d), attention-fused (models.py:DualGNN)",False
9cfc0d7a6297,2026-09-19T17:33:21+00:00,14eedbd784f43524589dcc9c848191495f337851-dirty,reddit,gcn,flag,flag_bundled,faithful - two GCNConv layers plus the Eq. 6 skip,faithful,0,1,cpu,torch 2.14.0+cu130,3.12.14,Linux-5.15.0-119-generic-x86_64-with-glibc2.39,benchmark-v1,google/gemma-2-9b-it,False,4,5,False,0.2,validation_swept,0.6377675271466636,0.5615616583115327,0.6143312770069581,0.5309581712487083,0.14208955223880598,0.17787742899850523,0.15798207766345834,0.8275440146828904,0.1723840185314161,0.03740412215845503,30.54,16.86,completed,,md_K2_matched,markov_diffusion,markov_diffusion_h2_k10_t0_perhop_K2_matched_cosine,2.0,matched_cosine,results/flag_md/flag/md_K2_matched,results/flag_md/flag/md_K2_matched/reddit__gcn__flag__s0i1__9cfc0d7a6297.json,"dual-branch: raw text (384d) + LLM discriminative text (384d), attention-fused (models.py:DualGNN)",False
e6e57c290f00,2026-09-19T17:34:14+00:00,14eedbd784f43524589dcc9c848191495f337851-dirty,reddit,gcn,flag,flag_bundled,faithful - two GCNConv layers plus the Eq. 6 skip,faithful,1,0,cpu,torch 2.14.0+cu130,3.12.14,Linux-5.15.0-119-generic-x86_64-with-glibc2.39,benchmark-v1,google/gemma-2-9b-it,False,3,5,False,0.2,validation_swept,0.6295017620261869,0.560129447991265,0.6068976465418966,0.528628318931297,0.138871667699938,0.16741405082212257,0.15181294476448662,0.8298552103867854,0.1596326601007742,0.03436721340738213,30.45,17.47,completed,,md_K2_matched,markov_diffusion,markov_diffusion_h2_k10_t0_perhop_K2_matched_cosine,2.0,matched_cosine,results/flag_md/flag/md_K2_matched,results/flag_md/flag/md_K2_matched/reddit__gcn__flag__s1i0__e6e57c290f00.json,"dual-branch: raw text (384d) + LLM discriminative text (384d), attention-fused (models.py:DualGNN)",False
7770ba69cc40,2026-09-19T17:35:07+00:00,14eedbd784f43524589dcc9c848191495f337851-dirty,reddit,gcn,flag,flag_bundled,faithful - two GCNConv layers plus the Eq. 6 skip,faithful,1,1,cpu,torch 2.14.0+cu130,3.12.14,Linux-5.15.0-119-generic-x86_64-with-glibc2.39,benchmark-v1,google/gemma-2-9b-it,False,3,5,False,0.2,validation_swept,0.6310023493682491,0.5697908921326915,0.6158568393558312,0.5260843888510541,0.13661581137309292,0.14723467862481315,0.14172661870503597,0.8378084426619536,0.17527524895945773,0.02831128841903063,31.35,16.94,completed,,md_K2_matched,markov_diffusion,markov_diffusion_h2_k10_t0_perhop_K2_matched_cosine,2.0,matched_cosine,results/flag_md/flag/md_K2_matched,results/flag_md/flag/md_K2_matched/reddit__gcn__flag__s1i1__7770ba69cc40.json,"dual-branch: raw text (384d) + LLM discriminative text (384d), attention-fused (models.py:DualGNN)",False
cda15fe1d332,2026-09-19T17:36:00+00:00,14eedbd784f43524589dcc9c848191495f337851-dirty,reddit,gcn,flag,flag_bundled,faithful - two GCNConv layers plus the Eq. 6 skip,faithful,2,0,cpu,torch 2.14.0+cu130,3.12.14,Linux-5.15.0-119-generic-x86_64-with-glibc2.39,benchmark-v1,google/gemma-2-9b-it,False,5,5,False,0.25,validation_swept,0.6374201358049452,0.5537979884945017,0.6143431810543005,0.528900417394751,0.14244604316546763,0.14798206278026907,0.14516129032258066,0.8414791652504928,0.1789933915212109,0.043889361649339244,30.73,17.38,completed,,md_K2_matched,markov_diffusion,markov_diffusion_h2_k10_t0_perhop_K2_matched_cosine,2.0,matched_cosine,results/flag_md/flag/md_K2_matched,results/flag_md/flag/md_K2_matched/reddit__gcn__flag__s2i0__cda15fe1d332.json,"dual-branch: raw text (384d) + LLM discriminative text (384d), attention-fused (models.py:DualGNN)",False
9485230dfc17,2026-09-19T17:36:53+00:00,14eedbd784f43524589dcc9c848191495f337851-dirty,reddit,gcn,flag,flag_bundled,faithful - two GCNConv layers plus the Eq. 6 skip,faithful,2,1,cpu,torch 2.14.0+cu130,3.12.14,Linux-5.15.0-119-generic-x86_64-with-glibc2.39,benchmark-v1,google/gemma-2-9b-it,False,4,5,False,0.3,validation_swept,0.638820445233934,0.5561703344834368,0.6161664563618303,0.5200700554963731,0.15482954545454544,0.08146487294469357,0.10675808031341821,0.8760111481204541,0.17519309426653012,0.03800155417742445,30.98,16.9,completed,,md_K2_matched,markov_diffusion,markov_diffusion_h2_k10_t0_perhop_K2_matched_cosine,2.0,matched_cosine,results/flag_md/flag/md_K2_matched,results/flag_md/flag/md_K2_matched/reddit__gcn__flag__s2i1__9485230dfc17.json,"dual-branch: raw text (384d) + LLM discriminative text (384d), attention-fused (models.py:DualGNN)",False
e5ec50b91433,2026-09-19T17:37:46+00:00,14eedbd784f43524589dcc9c848191495f337851-dirty,reddit,gcn,flag,flag_bundled,faithful - two GCNConv layers plus the Eq. 6 skip,faithful,3,0,cpu,torch 2.14.0+cu130,3.12.14,Linux-5.15.0-119-generic-x86_64-with-glibc2.39,benchmark-v1,google/gemma-2-9b-it,False,4,5,False,0.25,validation_swept,0.6255228776895968,0.566270461403294,0.6015869045195923,0.5284346787319675,0.14340490797546013,0.1397608370702541,0.14155942467827404,0.8458296512813541,0.1496798146590128,0.04121282155320626,30.6,16.92,completed,,md_K2_matched,markov_diffusion,markov_diffusion_h2_k10_t0_perhop_K2_matched_cosine,2.0,matched_cosine,results/flag_md/flag/md_K2_matched,results/flag_md/flag/md_K2_matched/reddit__gcn__flag__s3i0__e5ec50b91433.json,"dual-branch: raw text (384d) + LLM discriminative text (384d), attention-fused (models.py:DualGNN)",False
f88a581e7912,2026-09-19T17:38:39+00:00,14eedbd784f43524589dcc9c848191495f337851-dirty,reddit,gcn,flag,flag_bundled,faithful - two GCNConv layers plus the Eq. 6 skip,faithful,3,1,cpu,torch 2.14.0+cu130,3.12.14,Linux-5.15.0-119-generic-x86_64-with-glibc2.39,benchmark-v1,google/gemma-2-9b-it,False,4,5,False,0.25,validation_swept,0.6244771223104031,0.5575367007454897,0.6067597440216254,0.5258263630356653,0.13977635782747605,0.13079222720478326,0.13513513513513514,0.8477329889198559,0.16039222774130374,0.03890719483709976,30.54,17.29,completed,,md_K2_matched,markov_diffusion,markov_diffusion_h2_k10_t0_perhop_K2_matched_cosine,2.0,matched_cosine,results/flag_md/flag/md_K2_matched,results/flag_md/flag/md_K2_matched/reddit__gcn__flag__s3i1__f88a581e7912.json,"dual-branch: raw text (384d) + LLM discriminative text (384d), attention-fused (models.py:DualGNN)",False
707730d2b374,2026-09-19T17:32:25+00:00,14eedbd784f43524589dcc9c848191495f337851-dirty,reddit,geniepath,flag,flag_bundled,closest to faithful - Breadth(GAT)+Depth(LSTM) preserved; matches PyG's example globals exactly. No official author repo exists.,adapted,0,0,cpu,torch 2.14.0+cu130,3.12.14,Linux-5.15.0-119-generic-x86_64-with-glibc2.39,benchmark-v1,google/gemma-2-9b-it,False,1,5,False,0.1,validation_swept,0.5998911268372347,0.5531500009111949,0.6152490622908059,0.5403733061686689,0.15595304639463387,0.2085201793721973,0.1784457946913975,0.8253687716674597,0.18551669768984358,0.023412562573940386,400.93,140.01,completed,,md_K2_matched,markov_diffusion,markov_diffusion_h2_k10_t0_perhop_K2_matched_cosine,2.0,matched_cosine,results/flag_md/flag/md_K2_matched,results/flag_md/flag/md_K2_matched/reddit__geniepath__flag__s0i0__707730d2b374.json,"dual-branch: raw text (384d) + LLM discriminative text (384d), attention-fused (models.py:DualGNN)",False
edaa9d7f6891,2026-09-19T17:41:47+00:00,14eedbd784f43524589dcc9c848191495f337851-dirty,reddit,geniepath,flag,flag_bundled,closest to faithful - Breadth(GAT)+Depth(LSTM) preserved; matches PyG's example globals exactly. No official author repo exists.,adapted,0,1,cpu,torch 2.14.0+cu130,3.12.14,Linux-5.15.0-119-generic-x86_64-with-glibc2.39,benchmark-v1,google/gemma-2-9b-it,False,5,5,False,0.3,validation_swept,0.6205698650545798,0.5575367007454897,0.6087684542074773,0.5375176294551661,0.16323165704863973,0.14798206278026907,0.15523324186593493,0.8535109781795935,0.16815109578152976,0.04184799982638288,373.08,128.1,completed,,md_K2_matched,markov_diffusion,markov_diffusion_h2_k10_t0_perhop_K2_matched_cosine,2.0,matched_cosine,results/flag_md/flag/md_K2_matched,results/flag_md/flag/md_K2_matched/reddit__geniepath__flag__s0i1__edaa9d7f6891.json,"dual-branch: raw text (384d) + LLM discriminative text (384d), attention-fused (models.py:DualGNN)",False
b33c39f56776,2026-09-19T17:50:27+00:00,14eedbd784f43524589dcc9c848191495f337851-dirty,reddit,geniepath,flag,flag_bundled,closest to faithful - Breadth(GAT)+Depth(LSTM) preserved; matches PyG's example globals exactly. No official author repo exists.,adapted,1,0,cpu,torch 2.14.0+cu130,3.12.14,Linux-5.15.0-119-generic-x86_64-with-glibc2.39,benchmark-v1,google/gemma-2-9b-it,False,3,5,False,0.2,validation_swept,0.6109181159212675,0.5464956789993458,0.6089031711376145,0.5338471163375245,0.1446733888645331,0.24663677130044842,0.182370820668693,0.7988579974168989,0.17207551927634124,0.034157674787070345,369.46,140.0,completed,,md_K2_matched,markov_diffusion,markov_diffusion_h2_k10_t0_perhop_K2_matched_cosine,2.0,matched_cosine,results/flag_md/flag/md_K2_matched,results/flag_md/flag/md_K2_matched/reddit__geniepath__flag__s1i0__b33c39f56776.json,"dual-branch: raw text (384d) + LLM discriminative text (384d), attention-fused (models.py:DualGNN)",False
1196665132c4,2026-09-19T17:59:16+00:00,14eedbd784f43524589dcc9c848191495f337851-dirty,reddit,geniepath,flag,flag_bundled,closest to faithful - Breadth(GAT)+Depth(LSTM) preserved; matches PyG's example globals exactly. No official author repo exists.,adapted,1,1,cpu,torch 2.14.0+cu130,3.12.14,Linux-5.15.0-119-generic-x86_64-with-glibc2.39,benchmark-v1,google/gemma-2-9b-it,False,5,5,False,0.1,validation_swept,0.6066527232616108,0.5471587920418329,0.6032009368541147,0.5246289562691999,0.13290374546919048,0.24663677130044842,0.17272965192358022,0.7851267758819931,0.16009976821199084,0.045407920847200724,398.2,127.5,completed,,md_K2_matched,markov_diffusion,markov_diffusion_h2_k10_t0_perhop_K2_matched_cosine,2.0,matched_cosine,results/flag_md/flag/md_K2_matched,results/flag_md/flag/md_K2_matched/reddit__geniepath__flag__s1i1__1196665132c4.json,"dual-branch: raw text (384d) + LLM discriminative text (384d), attention-fused (models.py:DualGNN)",False
1f04f2071208,2026-09-19T18:08:22+00:00,14eedbd784f43524589dcc9c848191495f337851-dirty,reddit,geniepath,flag,flag_bundled,closest to faithful - Breadth(GAT)+Depth(LSTM) preserved; matches PyG's example globals exactly. No official author repo exists.,adapted,2,0,cpu,torch 2.14.0+cu130,3.12.14,Linux-5.15.0-119-generic-x86_64-with-glibc2.39,benchmark-v1,google/gemma-2-9b-it,False,5,5,False,0.5499999999999999,validation_swept,0.6264826805718706,0.5530268113698068,0.6058358949390138,0.5316298145441934,0.15117219078415522,0.1397608370702541,0.14524271844660194,0.8503840663449119,0.16049556381424457,0.03155706582351984,365.37,127.57,completed,,md_K2_matched,markov_diffusion,markov_diffusion_h2_k10_t0_perhop_K2_matched_cosine,2.0,matched_cosine,results/flag_md/flag/md_K2_matched,results/flag_md/flag/md_K2_matched/reddit__geniepath__flag__s2i0__1f04f2071208.json,"dual-branch: raw text (384d) + LLM discriminative text (384d), attention-fused (models.py:DualGNN)",False
a67fdf957dff,2026-09-19T18:16:54+00:00,14eedbd784f43524589dcc9c848191495f337851-dirty,reddit,geniepath,flag,flag_bundled,closest to faithful - Breadth(GAT)+Depth(LSTM) preserved; matches PyG's example globals exactly. No official author repo exists.,adapted,2,1,cpu,torch 2.14.0+cu130,3.12.14,Linux-5.15.0-119-generic-x86_64-with-glibc2.39,benchmark-v1,google/gemma-2-9b-it,False,4,5,False,0.35,validation_swept,0.6169598601839383,0.5517023107177974,0.6135536018014568,0.527944844682664,0.15806805708013172,0.10762331838565023,0.12805691418408183,0.8666983889606417,0.17601916808704865,0.04117904133742974,365.34,126.85,completed,,md_K2_matched,markov_diffusion,markov_diffusion_h2_k10_t0_perhop_K2_matched_cosine,2.0,matched_cosine,results/flag_md/flag/md_K2_matched,results/flag_md/flag/md_K2_matched/reddit__geniepath__flag__s2i1__a67fdf957dff.json,"dual-branch: raw text (384d) + LLM discriminative text (384d), attention-fused (models.py:DualGNN)",False
ce74ea5a16bb,2026-09-19T18:25:25+00:00,14eedbd784f43524589dcc9c848191495f337851-dirty,reddit,geniepath,flag,flag_bundled,closest to faithful - Breadth(GAT)+Depth(LSTM) preserved; matches PyG's example globals exactly. No official author repo exists.,adapted,3,0,cpu,torch 2.14.0+cu130,3.12.14,Linux-5.15.0-119-generic-x86_64-with-glibc2.39,benchmark-v1,google/gemma-2-9b-it,False,3,5,False,0.35,validation_swept,0.5734141764318254,0.5510241681725071,0.5924619771873743,0.5363081861154742,0.16065573770491803,0.14648729446935724,0.1532447224394058,0.8527632383930392,0.15102854881167987,0.07606507895049006,362.89,127.99,completed,,md_K2_matched,markov_diffusion,markov_diffusion_h2_k10_t0_perhop_K2_matched_cosine,2.0,matched_cosine,results/flag_md/flag/md_K2_matched,results/flag_md/flag/md_K2_matched/reddit__geniepath__flag__s3i0__ce74ea5a16bb.json,"dual-branch: raw text (384d) + LLM discriminative text (384d), attention-fused (models.py:DualGNN)",False
20adf6937a49,2026-09-19T18:33:55+00:00,14eedbd784f43524589dcc9c848191495f337851-dirty,reddit,geniepath,flag,flag_bundled,closest to faithful - Breadth(GAT)+Depth(LSTM) preserved; matches PyG's example globals exactly. No official author repo exists.,adapted,3,1,cpu,torch 2.14.0+cu130,3.12.14,Linux-5.15.0-119-generic-x86_64-with-glibc2.39,benchmark-v1,google/gemma-2-9b-it,False,3,5,False,0.35,validation_swept,0.6149972781709309,0.5520269028067165,0.6111278028582456,0.5347663174984422,0.14834834834834834,0.18460388639760836,0.1645021645021645,0.8294473523213921,0.1797549152258578,0.0847292075706517,373.61,129.83,completed,,md_K2_matched,markov_diffusion,markov_diffusion_h2_k10_t0_perhop_K2_matched_cosine,2.0,matched_cosine,results/flag_md/flag/md_K2_matched,results/flag_md/flag/md_K2_matched/reddit__geniepath__flag__s3i1__20adf6937a49.json,"dual-branch: raw text (384d) + LLM discriminative text (384d), attention-fused (models.py:DualGNN)",False
077c08c69cb0,2026-09-19T17:32:25+00:00,14eedbd784f43524589dcc9c848191495f337851-dirty,reddit,pmp,flag,flag_bundled,"partial - fraud/benign partition present, but applied to the aggregated mean rather than per-neighbour before aggregation",adapted,0,0,cpu,torch 2.14.0+cu130,3.12.14,Linux-5.15.0-119-generic-x86_64-with-glibc2.39,benchmark-v1,google/gemma-2-9b-it,False,4,5,False,0.15,validation_swept,0.6207202819241899,0.5507263837434615,0.613982119562016,0.529157899556892,0.13845504432249894,0.24514200298953662,0.17696250337199892,0.7926041737475359,0.17201169569857033,0.050779553533966876,37.86,19.21,completed,,md_K2_matched,markov_diffusion,markov_diffusion_h2_k10_t0_perhop_K2_matched_cosine,2.0,matched_cosine,results/flag_md/flag/md_K2_matched,results/flag_md/flag/md_K2_matched/reddit__pmp__flag__s0i0__077c08c69cb0.json,"dual-branch: raw text (384d) + LLM discriminative text (384d), attention-fused (models.py:DualGNN)",False
c1d17851ed48,2026-09-19T17:33:29+00:00,14eedbd784f43524589dcc9c848191495f337851-dirty,reddit,pmp,flag,flag_bundled,"partial - fraud/benign partition present, but applied to the aggregated mean rather than per-neighbour before aggregation",adapted,0,1,cpu,torch 2.14.0+cu130,3.12.14,Linux-5.15.0-119-generic-x86_64-with-glibc2.39,benchmark-v1,google/gemma-2-9b-it,False,4,5,False,0.2,validation_swept,0.6407257255823282,0.5531698026627032,0.6197155390963005,0.5336594598557111,0.14437555358724535,0.2436472346786248,0.18131256952169078,0.7998776425803821,0.17677633256309117,0.05224639359481818,36.66,18.35,completed,,md_K2_matched,markov_diffusion,markov_diffusion_h2_k10_t0_perhop_K2_matched_cosine,2.0,matched_cosine,results/flag_md/flag/md_K2_matched,results/flag_md/flag/md_K2_matched/reddit__pmp__flag__s0i1__c1d17851ed48.json,"dual-branch: raw text (384d) + LLM discriminative text (384d), attention-fused (models.py:DualGNN)",False
90891b301dfa,2026-09-19T17:34:30+00:00,14eedbd784f43524589dcc9c848191495f337851-dirty,reddit,pmp,flag,flag_bundled,"partial - fraud/benign partition present, but applied to the aggregated mean rather than per-neighbour before aggregation",adapted,1,0,cpu,torch 2.14.0+cu130,3.12.14,Linux-5.15.0-119-generic-x86_64-with-glibc2.39,benchmark-v1,google/gemma-2-9b-it,False,3,5,False,0.2,validation_swept,0.6466313783915423,0.5615583464668878,0.6103508262470719,0.5246063739346547,0.13595166163141995,0.13452914798206278,0.135236664162284,0.8435184555774591,0.1701571233651636,0.03554609421818078,37.56,18.82,completed,,md_K2_matched,markov_diffusion,markov_diffusion_h2_k10_t0_perhop_K2_matched_cosine,2.0,matched_cosine,results/flag_md/flag/md_K2_matched,results/flag_md/flag/md_K2_matched/reddit__pmp__flag__s1i0__90891b301dfa.json,"dual-branch: raw text (384d) + LLM discriminative text (384d), attention-fused (models.py:DualGNN)",False
233a5c9d6495,2026-09-19T17:35:31+00:00,14eedbd784f43524589dcc9c848191495f337851-dirty,reddit,pmp,flag,flag_bundled,"partial - fraud/benign partition present, but applied to the aggregated mean rather than per-neighbour before aggregation",adapted,1,1,cpu,torch 2.14.0+cu130,3.12.14,Linux-5.15.0-119-generic-x86_64-with-glibc2.39,benchmark-v1,google/gemma-2-9b-it,False,2,5,False,0.15,validation_swept,0.6490022347649199,0.5502986830001049,0.627301379293463,0.5333127449168645,0.14437367303609341,0.20328849028400597,0.16883923029174425,0.8179593501461492,0.18836215621753982,0.02815541770089388,36.36,18.88,completed,,md_K2_matched,markov_diffusion,markov_diffusion_h2_k10_t0_perhop_K2_matched_cosine,2.0,matched_cosine,results/flag_md/flag/md_K2_matched,results/flag_md/flag/md_K2_matched/reddit__pmp__flag__s1i1__233a5c9d6495.json,"dual-branch: raw text (384d) + LLM discriminative text (384d), attention-fused (models.py:DualGNN)",False
1c803739e803,2026-09-19T17:36:32+00:00,14eedbd784f43524589dcc9c848191495f337851-dirty,reddit,pmp,flag,flag_bundled,"partial - fraud/benign partition present, but applied to the aggregated mean rather than per-neighbour before aggregation",adapted,2,0,cpu,torch 2.14.0+cu130,3.12.14,Linux-5.15.0-119-generic-x86_64-with-glibc2.39,benchmark-v1,google/gemma-2-9b-it,False,4,5,False,0.2,validation_swept,0.6334054379279718,0.5531500009111949,0.6156268621031803,0.5316452840888575,0.1415,0.21150971599402094,0.1695626123427202,0.8115695737883216,0.1793144654741829,0.047117027276204856,37.62,18.53,completed,,md_K2_matched,markov_diffusion,markov_diffusion_h2_k10_t0_perhop_K2_matched_cosine,2.0,matched_cosine,results/flag_md/flag/md_K2_matched,results/flag_md/flag/md_K2_matched/reddit__pmp__flag__s2i0__1c803739e803.json,"dual-branch: raw text (384d) + LLM discriminative text (384d), attention-fused (models.py:DualGNN)",False
1189deefdb15,2026-09-19T17:37:33+00:00,14eedbd784f43524589dcc9c848191495f337851-dirty,reddit,pmp,flag,flag_bundled,"partial - fraud/benign partition present, but applied to the aggregated mean rather than per-neighbour before aggregation",adapted,2,1,cpu,torch 2.14.0+cu130,3.12.14,Linux-5.15.0-119-generic-x86_64-with-glibc2.39,benchmark-v1,google/gemma-2-9b-it,False,2,5,False,0.2,validation_swept,0.6417786436695986,0.5643265830641531,0.6273233710428964,0.5379025254353369,0.15756302521008403,0.1681614349775785,0.16268980477223427,0.8425667867582082,0.1986607220201515,0.02568851028503899,36.62,18.59,completed,,md_K2_matched,markov_diffusion,markov_diffusion_h2_k10_t0_perhop_K2_matched_cosine,2.0,matched_cosine,results/flag_md/flag/md_K2_matched,results/flag_md/flag/md_K2_matched/reddit__pmp__flag__s2i1__1189deefdb15.json,"dual-branch: raw text (384d) + LLM discriminative text (384d), attention-fused (models.py:DualGNN)",False
03d779da83db,2026-09-19T17:38:34+00:00,14eedbd784f43524589dcc9c848191495f337851-dirty,reddit,pmp,flag,flag_bundled,"partial - fraud/benign partition present, but applied to the aggregated mean rather than per-neighbour before aggregation",adapted,3,0,cpu,torch 2.14.0+cu130,3.12.14,Linux-5.15.0-119-generic-x86_64-with-glibc2.39,benchmark-v1,google/gemma-2-9b-it,False,2,5,False,0.2,validation_swept,0.6511438844798442,0.5603614110581596,0.6239966369110194,0.5389435713068097,0.15322144017325393,0.21150971599402094,0.17770800627943484,0.8219699544558494,0.1819109449835171,0.03067173281915653,36.73,18.54,completed,,md_K2_matched,markov_diffusion,markov_diffusion_h2_k10_t0_perhop_K2_matched_cosine,2.0,matched_cosine,results/flag_md/flag/md_K2_matched,results/flag_md/flag/md_K2_matched/reddit__pmp__flag__s3i0__03d779da83db.json,"dual-branch: raw text (384d) + LLM discriminative text (384d), attention-fused (models.py:DualGNN)",False
aab37e61471d,2026-09-19T17:39:34+00:00,14eedbd784f43524589dcc9c848191495f337851-dirty,reddit,pmp,flag,flag_bundled,"partial - fraud/benign partition present, but applied to the aggregated mean rather than per-neighbour before aggregation",adapted,3,1,cpu,torch 2.14.0+cu130,3.12.14,Linux-5.15.0-119-generic-x86_64-with-glibc2.39,benchmark-v1,google/gemma-2-9b-it,False,1,5,False,0.15,validation_swept,0.6481677792739879,0.5732829220353789,0.6325528246292393,0.5300081832419704,0.15286624203821655,0.12556053811659193,0.1378744357816988,0.8571817007681327,0.1954147174487738,0.025204949841647888,37.52,18.74,completed,,md_K2_matched,markov_diffusion,markov_diffusion_h2_k10_t0_perhop_K2_matched_cosine,2.0,matched_cosine,results/flag_md/flag/md_K2_matched,results/flag_md/flag/md_K2_matched/reddit__pmp__flag__s3i1__aab37e61471d.json,"dual-branch: raw text (384d) + LLM discriminative text (384d), attention-fused (models.py:DualGNN)",False
