dataset,model,variant,sampler,seed,initialization,experiment_id,epoch,train_loss,val_auc,val_f1_macro
instagram,bwgnn,baseline,none,0,0,7420840562d0,1,40.5347,0.56315,0.50177
instagram,bwgnn,baseline,none,0,0,7420840562d0,2,5.37144,0.57644,0.47985
instagram,bwgnn,baseline,none,0,0,7420840562d0,3,3.30438,0.51359,0.47452
instagram,bwgnn,baseline,none,0,0,7420840562d0,4,15.57658,0.50255,0.46206
instagram,bwgnn,baseline,none,0,0,7420840562d0,5,3.92916,0.54098,0.48765
instagram,bwgnn,text,none,0,0,aee46fcb4505,1,0.49009,0.66759,0.47625
instagram,bwgnn,text,none,0,0,aee46fcb4505,2,0.29003,0.60648,0.47625
instagram,bwgnn,text,none,0,0,aee46fcb4505,3,0.27711,0.60621,0.47625
instagram,bwgnn,text,none,0,0,aee46fcb4505,4,0.26386,0.59324,0.47625
instagram,bwgnn,text,none,0,0,aee46fcb4505,5,0.24744,0.58945,0.47556
instagram,care_gnn,baseline,none,0,0,caee70894cce,1,1.31539,0.50269,0.47452
instagram,care_gnn,baseline,none,0,0,caee70894cce,2,0.40688,0.5,0.47556
instagram,care_gnn,baseline,none,0,0,caee70894cce,3,0.30614,0.5,0.47625
instagram,care_gnn,baseline,none,0,0,caee70894cce,4,0.30389,0.5,0.47625
instagram,care_gnn,baseline,none,0,0,caee70894cce,5,0.30439,0.5,0.47625
instagram,care_gnn,text,none,0,0,8d8450436e97,1,0.32988,0.65941,0.47625
instagram,care_gnn,text,none,0,0,8d8450436e97,2,0.29648,0.63598,0.47625
instagram,care_gnn,text,none,0,0,8d8450436e97,3,0.28661,0.61519,0.47625
instagram,care_gnn,text,none,0,0,8d8450436e97,4,0.28888,0.61481,0.47625
instagram,care_gnn,text,none,0,0,8d8450436e97,5,0.26801,0.58903,0.47625
instagram,dga_gnn,baseline,none,0,0,855cf4b42bc4,1,1.03525,0.52211,0.47625
instagram,dga_gnn,baseline,none,0,0,855cf4b42bc4,2,0.42628,0.51433,0.47625
instagram,dga_gnn,baseline,none,0,0,855cf4b42bc4,3,0.35503,0.49654,0.47591
instagram,dga_gnn,baseline,none,0,0,855cf4b42bc4,4,0.31354,0.50208,0.47591
instagram,dga_gnn,baseline,none,0,0,855cf4b42bc4,5,0.32143,0.51676,0.47591
instagram,dga_gnn,text,none,0,0,66ae0e9deea2,1,0.35788,0.63577,0.47625
instagram,dga_gnn,text,none,0,0,66ae0e9deea2,2,0.31933,0.62363,0.47625
instagram,dga_gnn,text,none,0,0,66ae0e9deea2,3,0.30531,0.57785,0.47625
instagram,dga_gnn,text,none,0,0,66ae0e9deea2,4,0.30027,0.6029,0.47625
instagram,dga_gnn,text,none,0,0,66ae0e9deea2,5,0.29215,0.57091,0.47625
instagram,gat,baseline,none,0,0,1c7ba17a6373,1,10.6512,0.60667,0.47278
instagram,gat,baseline,none,0,0,1c7ba17a6373,2,3.38025,0.53372,0.47845
instagram,gat,baseline,none,0,0,1c7ba17a6373,3,1.826,0.48408,0.49785
instagram,gat,baseline,none,0,0,1c7ba17a6373,4,2.37436,0.47646,0.46727
instagram,gat,baseline,none,0,0,1c7ba17a6373,5,0.8996,0.54207,0.47521
instagram,gat,text,none,0,0,c01cfcb22001,1,0.36245,0.66544,0.47625
instagram,gat,text,none,0,0,c01cfcb22001,2,0.32317,0.62015,0.47625
instagram,gat,text,none,0,0,c01cfcb22001,3,0.31839,0.6129,0.47625
instagram,gat,text,none,0,0,c01cfcb22001,4,0.32335,0.61631,0.47591
instagram,gat,text,none,0,0,c01cfcb22001,5,0.28703,0.55334,0.47556
instagram,gcn,baseline,none,0,0,1bb91e5c12ce,1,8.53628,0.52051,0.50288
instagram,gcn,baseline,none,0,0,1bb91e5c12ce,2,2.93981,0.53027,0.48664
instagram,gcn,baseline,none,0,0,1bb91e5c12ce,3,3.31299,0.50692,0.5058
instagram,gcn,baseline,none,0,0,1bb91e5c12ce,4,2.92409,0.49939,0.52625
instagram,gcn,baseline,none,0,0,1bb91e5c12ce,5,2.09308,0.5297,0.48869
instagram,gcn,text,none,0,0,8808a73871d0,1,0.33895,0.67559,0.47625
instagram,gcn,text,none,0,0,8808a73871d0,2,0.28071,0.65843,0.47625
instagram,gcn,text,none,0,0,8808a73871d0,3,0.27484,0.6356,0.47625
instagram,gcn,text,none,0,0,8808a73871d0,4,0.26515,0.62208,0.47591
instagram,gcn,text,none,0,0,8808a73871d0,5,0.24247,0.60188,0.47591
instagram,geniepath,baseline,none,0,0,5494816ae3a8,1,5.83285,0.5547,0.53852
instagram,geniepath,baseline,none,0,0,5494816ae3a8,2,5.00136,0.5646,0.52903
instagram,geniepath,baseline,none,0,0,5494816ae3a8,3,2.98518,0.52533,0.53092
instagram,geniepath,baseline,none,0,0,5494816ae3a8,4,1.19529,0.51618,0.50114
instagram,geniepath,baseline,none,0,0,5494816ae3a8,5,1.50121,0.54927,0.48817
instagram,geniepath,text,none,0,0,884c5aec4afc,1,0.34506,0.62498,0.47625
instagram,geniepath,text,none,0,0,884c5aec4afc,2,0.30085,0.59703,0.47625
instagram,geniepath,text,none,0,0,884c5aec4afc,3,0.29129,0.59199,0.47625
instagram,geniepath,text,none,0,0,884c5aec4afc,4,0.2882,0.57535,0.47625
instagram,geniepath,text,none,0,0,884c5aec4afc,5,0.25501,0.56603,0.47625
instagram,pmp,baseline,none,0,0,2f0c7fc9d89e,1,3.07774,0.518,0.48921
instagram,pmp,baseline,none,0,0,2f0c7fc9d89e,2,0.75982,0.49785,0.48714
instagram,pmp,baseline,none,0,0,2f0c7fc9d89e,3,0.45196,0.49977,0.47625
instagram,pmp,baseline,none,0,0,2f0c7fc9d89e,4,0.31029,0.49671,0.47625
instagram,pmp,baseline,none,0,0,2f0c7fc9d89e,5,0.31224,0.52256,0.47452
instagram,pmp,text,none,0,0,de28e6888187,1,0.33662,0.63116,0.47625
instagram,pmp,text,none,0,0,de28e6888187,2,0.3092,0.56819,0.47625
instagram,pmp,text,none,0,0,de28e6888187,3,0.29765,0.56337,0.47625
instagram,pmp,text,none,0,0,de28e6888187,4,0.28158,0.57981,0.47625
instagram,pmp,text,none,0,0,de28e6888187,5,0.26038,0.57947,0.47625
reddit,bwgnn,baseline,none,0,0,41745fdcf83b,1,6.44809,0.61443,0.47622
reddit,bwgnn,baseline,none,0,0,41745fdcf83b,2,4.68595,0.61834,0.51605
reddit,bwgnn,baseline,none,0,0,41745fdcf83b,3,3.63667,0.59872,0.47487
reddit,bwgnn,baseline,none,0,0,41745fdcf83b,4,3.13105,0.61597,0.49059
reddit,bwgnn,baseline,none,0,0,41745fdcf83b,5,2.35395,0.56586,0.47622
reddit,bwgnn,text,none,0,0,90b66bf04fe1,1,0.37981,0.53618,0.47607
reddit,bwgnn,text,none,0,0,90b66bf04fe1,2,0.29065,0.65717,0.48767
reddit,bwgnn,text,none,0,0,90b66bf04fe1,3,0.26547,0.64709,0.51809
reddit,bwgnn,text,none,0,0,90b66bf04fe1,4,0.22855,0.60205,0.50543
reddit,bwgnn,text,none,0,0,90b66bf04fe1,5,0.25112,0.61235,0.50543
reddit,care_gnn,baseline,none,0,0,fa5671244512,1,0.35813,0.51916,0.47622
reddit,care_gnn,baseline,none,0,0,fa5671244512,2,0.30625,0.48844,0.47622
reddit,care_gnn,baseline,none,0,0,fa5671244512,3,0.30886,0.522,0.47622
reddit,care_gnn,baseline,none,0,0,fa5671244512,4,0.30806,0.5,0.47622
reddit,care_gnn,baseline,none,0,0,fa5671244512,5,0.3073,0.5,0.47622
reddit,care_gnn,text,none,0,0,d603366eeca8,1,0.32049,0.62325,0.47622
reddit,care_gnn,text,none,0,0,d603366eeca8,2,0.28993,0.6303,0.47622
reddit,care_gnn,text,none,0,0,d603366eeca8,3,0.26817,0.63879,0.47622
reddit,care_gnn,text,none,0,0,d603366eeca8,4,0.25229,0.63477,0.47607
reddit,care_gnn,text,none,0,0,d603366eeca8,5,0.2227,0.643,0.47532
reddit,dga_gnn,baseline,none,0,0,771782c912bd,1,0.89687,0.50331,0.47622
reddit,dga_gnn,baseline,none,0,0,771782c912bd,2,0.3313,0.5,0.47622
reddit,dga_gnn,baseline,none,0,0,771782c912bd,3,0.31202,0.5,0.47622
reddit,dga_gnn,baseline,none,0,0,771782c912bd,4,0.30829,0.49551,0.47622
reddit,dga_gnn,baseline,none,0,0,771782c912bd,5,0.30796,0.4997,0.47622
reddit,dga_gnn,text,none,0,0,6c2ac25e3902,1,0.33201,0.64082,0.47622
reddit,dga_gnn,text,none,0,0,6c2ac25e3902,2,0.30614,0.65004,0.47622
reddit,dga_gnn,text,none,0,0,6c2ac25e3902,3,0.28962,0.65999,0.47622
reddit,dga_gnn,text,none,0,0,6c2ac25e3902,4,0.28532,0.63706,0.47622
reddit,dga_gnn,text,none,0,0,6c2ac25e3902,5,0.27582,0.61187,0.47622
reddit,gat,baseline,none,0,0,7c69a9cca555,1,3.47115,0.50634,0.47562
reddit,gat,baseline,none,0,0,7c69a9cca555,2,0.3434,0.52888,0.47622
reddit,gat,baseline,none,0,0,7c69a9cca555,3,0.32918,0.5274,0.47592
reddit,gat,baseline,none,0,0,7c69a9cca555,4,0.34034,0.50329,0.47622
reddit,gat,baseline,none,0,0,7c69a9cca555,5,0.3065,0.50786,0.47622
reddit,gat,text,none,0,0,804d5bcf3c05,1,0.3306,0.64001,0.47622
reddit,gat,text,none,0,0,804d5bcf3c05,2,0.31717,0.65376,0.47622
reddit,gat,text,none,0,0,804d5bcf3c05,3,0.30923,0.67204,0.47607
reddit,gat,text,none,0,0,804d5bcf3c05,4,0.29091,0.63555,0.47622
reddit,gat,text,none,0,0,804d5bcf3c05,5,0.28427,0.65691,0.47607
reddit,gcn,baseline,none,0,0,46551ec9c73f,1,6.38362,0.62675,0.47607
reddit,gcn,baseline,none,0,0,46551ec9c73f,2,4.65355,0.58385,0.48192
reddit,gcn,baseline,none,0,0,46551ec9c73f,3,4.64841,0.58463,0.4479
reddit,gcn,baseline,none,0,0,46551ec9c73f,4,2.7856,0.58384,0.48084
reddit,gcn,baseline,none,0,0,46551ec9c73f,5,2.77633,0.59206,0.50397
reddit,gcn,text,none,0,0,5f0a2a9f5e88,1,0.32947,0.58636,0.47622
reddit,gcn,text,none,0,0,5f0a2a9f5e88,2,0.28327,0.60367,0.47622
reddit,gcn,text,none,0,0,5f0a2a9f5e88,3,0.26524,0.61481,0.48745
reddit,gcn,text,none,0,0,5f0a2a9f5e88,4,0.25428,0.6,0.48767
reddit,gcn,text,none,0,0,5f0a2a9f5e88,5,0.24328,0.61146,0.48659
reddit,geniepath,baseline,none,0,0,cd16dc229e02,1,8.421,0.58773,0.50747
reddit,geniepath,baseline,none,0,0,cd16dc229e02,2,3.25791,0.58834,0.49575
reddit,geniepath,baseline,none,0,0,cd16dc229e02,3,4.14437,0.58528,0.48553
reddit,geniepath,baseline,none,0,0,cd16dc229e02,4,2.85988,0.57614,0.53678
reddit,geniepath,baseline,none,0,0,cd16dc229e02,5,2.22896,0.55406,0.51117
reddit,geniepath,text,none,0,0,8d242946572a,1,0.33562,0.63384,0.47622
reddit,geniepath,text,none,0,0,8d242946572a,2,0.28957,0.60317,0.47607
reddit,geniepath,text,none,0,0,8d242946572a,3,0.27175,0.60151,0.47622
reddit,geniepath,text,none,0,0,8d242946572a,4,0.2642,0.59607,0.47622
reddit,geniepath,text,none,0,0,8d242946572a,5,0.25308,0.59549,0.48175
reddit,pmp,baseline,none,0,0,4547e9c1cfba,1,1.72794,0.60066,0.47622
reddit,pmp,baseline,none,0,0,4547e9c1cfba,2,0.33203,0.58476,0.47622
reddit,pmp,baseline,none,0,0,4547e9c1cfba,3,0.30709,0.47245,0.47622
reddit,pmp,baseline,none,0,0,4547e9c1cfba,4,0.30548,0.50371,0.47622
reddit,pmp,baseline,none,0,0,4547e9c1cfba,5,0.3055,0.49673,0.47622
reddit,pmp,text,none,0,0,a028b62fbe90,1,0.34125,0.63033,0.47622
reddit,pmp,text,none,0,0,a028b62fbe90,2,0.29258,0.63339,0.47622
reddit,pmp,text,none,0,0,a028b62fbe90,3,0.26809,0.63764,0.47622
reddit,pmp,text,none,0,0,a028b62fbe90,4,0.26536,0.61722,0.47622
reddit,pmp,text,none,0,0,a028b62fbe90,5,0.24678,0.61186,0.47622
instagram,bwgnn,text,cosine,0,0,4a02dd690213,1,0.41252,0.60811,0.54005
instagram,bwgnn,text,cosine,0,0,4a02dd690213,2,0.2903,0.62369,0.55034
instagram,bwgnn,text,cosine,0,0,4a02dd690213,3,0.284,0.59488,0.54066
instagram,bwgnn,text,cosine,0,0,4a02dd690213,4,0.26536,0.58156,0.53171
instagram,bwgnn,text,cosine,0,0,4a02dd690213,5,0.2548,0.58293,0.5383
instagram,bwgnn,text,cosine,0,1,a1d667f79d2a,1,0.5683,0.61352,0.54173
instagram,bwgnn,text,cosine,0,1,a1d667f79d2a,2,0.28981,0.60192,0.54544
instagram,bwgnn,text,cosine,0,1,a1d667f79d2a,3,0.27727,0.59657,0.53612
instagram,bwgnn,text,cosine,0,1,a1d667f79d2a,4,0.26546,0.5787,0.53528
instagram,bwgnn,text,cosine,0,1,a1d667f79d2a,5,0.24908,0.56931,0.53023
instagram,bwgnn,text,cosine,1,0,403545b6b95f,1,0.47256,0.64791,0.56262
instagram,bwgnn,text,cosine,1,0,403545b6b95f,2,0.28967,0.60805,0.54093
instagram,bwgnn,text,cosine,1,0,403545b6b95f,3,0.27492,0.60699,0.54069
instagram,bwgnn,text,cosine,1,0,403545b6b95f,4,0.25832,0.61598,0.55813
instagram,bwgnn,text,cosine,1,0,403545b6b95f,5,0.24956,0.57254,0.52421
instagram,bwgnn,text,cosine,1,1,4c185b619b69,1,0.52343,0.63414,0.55771
instagram,bwgnn,text,cosine,1,1,4c185b619b69,2,0.28712,0.62009,0.56318
instagram,bwgnn,text,cosine,1,1,4c185b619b69,3,0.27418,0.62117,0.54645
instagram,bwgnn,text,cosine,1,1,4c185b619b69,4,0.25657,0.6279,0.54358
instagram,bwgnn,text,cosine,1,1,4c185b619b69,5,0.24946,0.56373,0.51971
instagram,bwgnn,text,cosine,2,0,dc1968268fe2,1,0.40895,0.61815,0.55988
instagram,bwgnn,text,cosine,2,0,dc1968268fe2,2,0.29063,0.60018,0.5411
instagram,bwgnn,text,cosine,2,0,dc1968268fe2,3,0.28006,0.57702,0.52694
instagram,bwgnn,text,cosine,2,0,dc1968268fe2,4,0.26223,0.56825,0.53182
instagram,bwgnn,text,cosine,2,0,dc1968268fe2,5,0.24888,0.5717,0.5371
instagram,bwgnn,text,cosine,2,1,c76a582bd3e2,1,0.49542,0.60426,0.54533
instagram,bwgnn,text,cosine,2,1,c76a582bd3e2,2,0.28966,0.60017,0.52815
instagram,bwgnn,text,cosine,2,1,c76a582bd3e2,3,0.27563,0.5766,0.52885
instagram,bwgnn,text,cosine,2,1,c76a582bd3e2,4,0.26192,0.55883,0.5201
instagram,bwgnn,text,cosine,2,1,c76a582bd3e2,5,0.24923,0.55586,0.52396
instagram,bwgnn,text,cosine,3,0,94be44b00e6c,1,0.43541,0.65289,0.56149
instagram,bwgnn,text,cosine,3,0,94be44b00e6c,2,0.30222,0.60636,0.55002
instagram,bwgnn,text,cosine,3,0,94be44b00e6c,3,0.27784,0.59915,0.55596
instagram,bwgnn,text,cosine,3,0,94be44b00e6c,4,0.26587,0.57649,0.53139
instagram,bwgnn,text,cosine,3,0,94be44b00e6c,5,0.25827,0.5817,0.52761
instagram,bwgnn,text,cosine,3,1,30244f52632e,1,0.39993,0.63025,0.54942
instagram,bwgnn,text,cosine,3,1,30244f52632e,2,0.29448,0.59778,0.54114
instagram,bwgnn,text,cosine,3,1,30244f52632e,3,0.27362,0.58764,0.52852
instagram,bwgnn,text,cosine,3,1,30244f52632e,4,0.26373,0.57939,0.52125
instagram,bwgnn,text,cosine,3,1,30244f52632e,5,0.2546,0.57585,0.52942
instagram,care_gnn,text,cosine,0,0,c63433fe8682,1,0.32931,0.66284,0.57693
instagram,care_gnn,text,cosine,0,0,c63433fe8682,2,0.29458,0.64466,0.55924
instagram,care_gnn,text,cosine,0,0,c63433fe8682,3,0.28513,0.62538,0.57017
instagram,care_gnn,text,cosine,0,0,c63433fe8682,4,0.28707,0.61957,0.56136
instagram,care_gnn,text,cosine,0,0,c63433fe8682,5,0.26601,0.59495,0.55619
instagram,care_gnn,text,cosine,0,1,928a4c6c4cc7,1,0.3461,0.68354,0.56861
instagram,care_gnn,text,cosine,0,1,928a4c6c4cc7,2,0.30153,0.66041,0.55583
instagram,care_gnn,text,cosine,0,1,928a4c6c4cc7,3,0.29157,0.65045,0.55465
instagram,care_gnn,text,cosine,0,1,928a4c6c4cc7,4,0.28921,0.63371,0.56242
instagram,care_gnn,text,cosine,0,1,928a4c6c4cc7,5,0.26739,0.6037,0.57095
instagram,care_gnn,text,cosine,1,0,bdca435e6e0b,1,0.33527,0.6531,0.59042
instagram,care_gnn,text,cosine,1,0,bdca435e6e0b,2,0.28859,0.6401,0.56447
instagram,care_gnn,text,cosine,1,0,bdca435e6e0b,3,0.28033,0.62331,0.56548
instagram,care_gnn,text,cosine,1,0,bdca435e6e0b,4,0.2663,0.59429,0.56318
instagram,care_gnn,text,cosine,1,0,bdca435e6e0b,5,0.26767,0.57666,0.54411
instagram,care_gnn,text,cosine,1,1,efe731a0dbe2,1,0.35341,0.66013,0.5703
instagram,care_gnn,text,cosine,1,1,efe731a0dbe2,2,0.29225,0.64741,0.58091
instagram,care_gnn,text,cosine,1,1,efe731a0dbe2,3,0.28495,0.63452,0.56241
instagram,care_gnn,text,cosine,1,1,efe731a0dbe2,4,0.27007,0.60588,0.54831
instagram,care_gnn,text,cosine,1,1,efe731a0dbe2,5,0.27035,0.59355,0.55583
instagram,care_gnn,text,cosine,2,0,2ea5c3ad0eeb,1,0.33036,0.66606,0.57608
instagram,care_gnn,text,cosine,2,0,2ea5c3ad0eeb,2,0.29415,0.6451,0.56342
instagram,care_gnn,text,cosine,2,0,2ea5c3ad0eeb,3,0.28405,0.63169,0.5629
instagram,care_gnn,text,cosine,2,0,2ea5c3ad0eeb,4,0.27068,0.60557,0.56046
instagram,care_gnn,text,cosine,2,0,2ea5c3ad0eeb,5,0.25857,0.58714,0.55173
instagram,care_gnn,text,cosine,2,1,640edd646663,1,0.34766,0.65982,0.57841
instagram,care_gnn,text,cosine,2,1,640edd646663,2,0.29882,0.65055,0.57618
instagram,care_gnn,text,cosine,2,1,640edd646663,3,0.29061,0.64793,0.56447
instagram,care_gnn,text,cosine,2,1,640edd646663,4,0.27642,0.61748,0.57137
instagram,care_gnn,text,cosine,2,1,640edd646663,5,0.26243,0.60209,0.55173
instagram,care_gnn,text,cosine,3,0,5966e4c5c2be,1,0.32178,0.65903,0.56408
instagram,care_gnn,text,cosine,3,0,5966e4c5c2be,2,0.2961,0.65209,0.55903
instagram,care_gnn,text,cosine,3,0,5966e4c5c2be,3,0.28029,0.62015,0.55828
instagram,care_gnn,text,cosine,3,0,5966e4c5c2be,4,0.27812,0.60419,0.55829
instagram,care_gnn,text,cosine,3,0,5966e4c5c2be,5,0.2755,0.57589,0.55395
instagram,care_gnn,text,cosine,3,1,f66a1ebcfd62,1,0.33164,0.66238,0.57513
instagram,care_gnn,text,cosine,3,1,f66a1ebcfd62,2,0.29737,0.65684,0.58298
instagram,care_gnn,text,cosine,3,1,f66a1ebcfd62,3,0.28424,0.64449,0.5629
instagram,care_gnn,text,cosine,3,1,f66a1ebcfd62,4,0.27697,0.62765,0.55927
instagram,care_gnn,text,cosine,3,1,f66a1ebcfd62,5,0.27757,0.60417,0.55558
instagram,dga_gnn,text,cosine,0,0,275e5ad7d607,1,0.36323,0.61994,0.53138
instagram,dga_gnn,text,cosine,0,0,275e5ad7d607,2,0.31841,0.58943,0.55706
instagram,dga_gnn,text,cosine,0,0,275e5ad7d607,3,0.3098,0.57641,0.51656
instagram,dga_gnn,text,cosine,0,0,275e5ad7d607,4,0.3115,0.57437,0.55456
instagram,dga_gnn,text,cosine,0,0,275e5ad7d607,5,0.2903,0.55442,0.49794
instagram,dga_gnn,text,cosine,0,1,f81c13b4db38,1,0.36028,0.619,0.5444
instagram,dga_gnn,text,cosine,0,1,f81c13b4db38,2,0.32193,0.61038,0.5728
instagram,dga_gnn,text,cosine,0,1,f81c13b4db38,3,0.31734,0.59049,0.50288
instagram,dga_gnn,text,cosine,0,1,f81c13b4db38,4,0.31112,0.60592,0.53284
instagram,dga_gnn,text,cosine,0,1,f81c13b4db38,5,0.3092,0.57733,0.48974
instagram,dga_gnn,text,cosine,1,0,c8a91b3dda4f,1,0.34284,0.62735,0.53641
instagram,dga_gnn,text,cosine,1,0,c8a91b3dda4f,2,0.30767,0.61498,0.52789
instagram,dga_gnn,text,cosine,1,0,c8a91b3dda4f,3,0.29682,0.62171,0.55496
instagram,dga_gnn,text,cosine,1,0,c8a91b3dda4f,4,0.28514,0.61186,0.56371
instagram,dga_gnn,text,cosine,1,0,c8a91b3dda4f,5,0.3026,0.59614,0.5486
instagram,dga_gnn,text,cosine,1,1,0efe47434fed,1,0.36001,0.62256,0.54171
instagram,dga_gnn,text,cosine,1,1,0efe47434fed,2,0.31634,0.59774,0.57866
instagram,dga_gnn,text,cosine,1,1,0efe47434fed,3,0.30101,0.61615,0.5466
instagram,dga_gnn,text,cosine,1,1,0efe47434fed,4,0.2946,0.60547,0.55564
instagram,dga_gnn,text,cosine,1,1,0efe47434fed,5,0.30125,0.59676,0.53139
instagram,dga_gnn,text,cosine,2,0,13917ea77b29,1,0.34974,0.64433,0.57169
instagram,dga_gnn,text,cosine,2,0,13917ea77b29,2,0.31557,0.62715,0.56377
instagram,dga_gnn,text,cosine,2,0,13917ea77b29,3,0.30515,0.60726,0.52634
instagram,dga_gnn,text,cosine,2,0,13917ea77b29,4,0.29574,0.60624,0.54299
instagram,dga_gnn,text,cosine,2,0,13917ea77b29,5,0.29151,0.58505,0.57866
instagram,dga_gnn,text,cosine,2,1,19b3cd4d1914,1,0.38196,0.61396,0.5814
instagram,dga_gnn,text,cosine,2,1,19b3cd4d1914,2,0.31918,0.59599,0.55177
instagram,dga_gnn,text,cosine,2,1,19b3cd4d1914,3,0.29813,0.58657,0.51297
instagram,dga_gnn,text,cosine,2,1,19b3cd4d1914,4,0.2985,0.5706,0.54718
instagram,dga_gnn,text,cosine,2,1,19b3cd4d1914,5,0.27941,0.56629,0.54125
instagram,dga_gnn,text,cosine,3,0,0466c0e635a6,1,0.35491,0.62669,0.56286
instagram,dga_gnn,text,cosine,3,0,0466c0e635a6,2,0.31723,0.64356,0.5618
instagram,dga_gnn,text,cosine,3,0,0466c0e635a6,3,0.32635,0.63089,0.55997
instagram,dga_gnn,text,cosine,3,0,0466c0e635a6,4,0.29676,0.62798,0.57073
instagram,dga_gnn,text,cosine,3,0,0466c0e635a6,5,0.30693,0.58606,0.50963
instagram,dga_gnn,text,cosine,3,1,0edd57815875,1,0.3517,0.64795,0.55942
instagram,dga_gnn,text,cosine,3,1,0edd57815875,2,0.32569,0.62252,0.5645
instagram,dga_gnn,text,cosine,3,1,0edd57815875,3,0.30673,0.59232,0.5612
instagram,dga_gnn,text,cosine,3,1,0edd57815875,4,0.29848,0.58062,0.55857
instagram,dga_gnn,text,cosine,3,1,0edd57815875,5,0.28835,0.58901,0.54556
instagram,gat,text,cosine,0,0,a7dcdbf9c012,1,0.36129,0.66132,0.59143
instagram,gat,text,cosine,0,0,a7dcdbf9c012,2,0.35859,0.62025,0.54735
instagram,gat,text,cosine,0,0,a7dcdbf9c012,3,0.36876,0.5716,0.55771
instagram,gat,text,cosine,0,0,a7dcdbf9c012,4,0.31386,0.60873,0.56766
instagram,gat,text,cosine,0,0,a7dcdbf9c012,5,0.31358,0.62962,0.55349
instagram,gat,text,cosine,0,1,e353ebed86dd,1,0.36508,0.63298,0.57644
instagram,gat,text,cosine,0,1,e353ebed86dd,2,0.32438,0.6054,0.57137
instagram,gat,text,cosine,0,1,e353ebed86dd,3,0.33635,0.58901,0.56494
instagram,gat,text,cosine,0,1,e353ebed86dd,4,0.31986,0.59259,0.55302
instagram,gat,text,cosine,0,1,e353ebed86dd,5,0.31584,0.60592,0.56173
instagram,gat,text,cosine,1,0,c56a8a2cf851,1,0.3424,0.64152,0.55031
instagram,gat,text,cosine,1,0,c56a8a2cf851,2,0.33181,0.63375,0.56458
instagram,gat,text,cosine,1,0,c56a8a2cf851,3,0.34582,0.65499,0.57286
instagram,gat,text,cosine,1,0,c56a8a2cf851,4,0.30841,0.60846,0.54638
instagram,gat,text,cosine,1,0,c56a8a2cf851,5,0.29816,0.57814,0.55724
instagram,gat,text,cosine,1,1,7167ba116ee8,1,0.33674,0.62619,0.54163
instagram,gat,text,cosine,1,1,7167ba116ee8,2,0.33754,0.63291,0.57885
instagram,gat,text,cosine,1,1,7167ba116ee8,3,0.3197,0.63235,0.55988
instagram,gat,text,cosine,1,1,7167ba116ee8,4,0.30873,0.52401,0.51244
instagram,gat,text,cosine,1,1,7167ba116ee8,5,0.31238,0.59085,0.54949
instagram,gat,text,cosine,2,0,9d665264eeca,1,0.33695,0.64208,0.5806
instagram,gat,text,cosine,2,0,9d665264eeca,2,0.32972,0.64912,0.56205
instagram,gat,text,cosine,2,0,9d665264eeca,3,0.29738,0.58285,0.5656
instagram,gat,text,cosine,2,0,9d665264eeca,4,0.34299,0.58772,0.54165
instagram,gat,text,cosine,2,0,9d665264eeca,5,0.29775,0.57281,0.51644
instagram,gat,text,cosine,2,1,3a0a9aba4a8a,1,0.33861,0.65185,0.60184
instagram,gat,text,cosine,2,1,3a0a9aba4a8a,2,0.32392,0.63929,0.58109
instagram,gat,text,cosine,2,1,3a0a9aba4a8a,3,0.31722,0.62315,0.59235
instagram,gat,text,cosine,2,1,3a0a9aba4a8a,4,0.33187,0.61244,0.5515
instagram,gat,text,cosine,2,1,3a0a9aba4a8a,5,0.29916,0.59807,0.54693
instagram,gat,text,cosine,3,0,8c21380dc6fa,1,0.36153,0.64544,0.57187
instagram,gat,text,cosine,3,0,8c21380dc6fa,2,0.34278,0.63891,0.57073
instagram,gat,text,cosine,3,0,8c21380dc6fa,3,0.3369,0.65487,0.5978
instagram,gat,text,cosine,3,0,8c21380dc6fa,4,0.31329,0.64795,0.59481
instagram,gat,text,cosine,3,0,8c21380dc6fa,5,0.31405,0.61883,0.56286
instagram,gat,text,cosine,3,1,80179051a1a4,1,0.3495,0.60265,0.54911
instagram,gat,text,cosine,3,1,80179051a1a4,2,0.32741,0.64027,0.54533
instagram,gat,text,cosine,3,1,80179051a1a4,3,0.31485,0.60742,0.5645
instagram,gat,text,cosine,3,1,80179051a1a4,4,0.30573,0.61098,0.56458
instagram,gat,text,cosine,3,1,80179051a1a4,5,0.3424,0.58456,0.54236
instagram,gcn,text,cosine,0,0,f48a50620a2c,1,0.32855,0.68469,0.57098
instagram,gcn,text,cosine,0,0,f48a50620a2c,2,0.28965,0.65093,0.57997
instagram,gcn,text,cosine,0,0,f48a50620a2c,3,0.27488,0.64006,0.56548
instagram,gcn,text,cosine,0,0,f48a50620a2c,4,0.2602,0.61713,0.54444
instagram,gcn,text,cosine,0,0,f48a50620a2c,5,0.24347,0.621,0.56097
instagram,gcn,text,cosine,0,1,4cad88178c64,1,0.33644,0.67879,0.57137
instagram,gcn,text,cosine,0,1,4cad88178c64,2,0.28519,0.65359,0.57262
instagram,gcn,text,cosine,0,1,4cad88178c64,3,0.27638,0.62825,0.55488
instagram,gcn,text,cosine,0,1,4cad88178c64,4,0.26465,0.60451,0.54769
instagram,gcn,text,cosine,0,1,4cad88178c64,5,0.23973,0.61123,0.54698
instagram,gcn,text,cosine,1,0,e514930af327,1,0.32446,0.6629,0.57861
instagram,gcn,text,cosine,1,0,e514930af327,2,0.27654,0.64982,0.58401
instagram,gcn,text,cosine,1,0,e514930af327,3,0.27594,0.62523,0.54093
instagram,gcn,text,cosine,1,0,e514930af327,4,0.2464,0.62873,0.54718
instagram,gcn,text,cosine,1,0,e514930af327,5,0.24322,0.59949,0.53618
instagram,gcn,text,cosine,1,1,9934ea5f70e9,1,0.32463,0.65732,0.57618
instagram,gcn,text,cosine,1,1,9934ea5f70e9,2,0.28088,0.63793,0.57632
instagram,gcn,text,cosine,1,1,9934ea5f70e9,3,0.27332,0.62277,0.53542
instagram,gcn,text,cosine,1,1,9934ea5f70e9,4,0.24554,0.63323,0.56166
instagram,gcn,text,cosine,1,1,9934ea5f70e9,5,0.23853,0.6012,0.53927
instagram,gcn,text,cosine,2,0,0e7c1f3cf075,1,0.32703,0.66582,0.56528
instagram,gcn,text,cosine,2,0,0e7c1f3cf075,2,0.29164,0.64481,0.57888
instagram,gcn,text,cosine,2,0,0e7c1f3cf075,3,0.27153,0.63058,0.54885
instagram,gcn,text,cosine,2,0,0e7c1f3cf075,4,0.2525,0.61821,0.54656
instagram,gcn,text,cosine,2,0,0e7c1f3cf075,5,0.24139,0.60874,0.54216
instagram,gcn,text,cosine,2,1,b6c06ea5292e,1,0.33166,0.65959,0.59021
instagram,gcn,text,cosine,2,1,b6c06ea5292e,2,0.29219,0.6376,0.58235
instagram,gcn,text,cosine,2,1,b6c06ea5292e,3,0.27042,0.63418,0.55293
instagram,gcn,text,cosine,2,1,b6c06ea5292e,4,0.25723,0.62923,0.54618
instagram,gcn,text,cosine,2,1,b6c06ea5292e,5,0.2424,0.61367,0.54838
instagram,gcn,text,cosine,3,0,332f8f4aad87,1,0.33551,0.67176,0.5687
instagram,gcn,text,cosine,3,0,332f8f4aad87,2,0.2916,0.65886,0.5629
instagram,gcn,text,cosine,3,0,332f8f4aad87,3,0.26031,0.64733,0.57944
instagram,gcn,text,cosine,3,0,332f8f4aad87,4,0.25532,0.63887,0.55558
instagram,gcn,text,cosine,3,0,332f8f4aad87,5,0.2581,0.60515,0.53638
instagram,gcn,text,cosine,3,1,0b569c72e81a,1,0.33436,0.66584,0.56166
instagram,gcn,text,cosine,3,1,0b569c72e81a,2,0.28978,0.65786,0.55088
instagram,gcn,text,cosine,3,1,0b569c72e81a,3,0.2682,0.64622,0.56035
instagram,gcn,text,cosine,3,1,0b569c72e81a,4,0.25546,0.64154,0.55811
instagram,gcn,text,cosine,3,1,0b569c72e81a,5,0.25389,0.60749,0.5443
instagram,geniepath,text,cosine,0,0,80b1677eb241,1,0.34326,0.62483,0.56409
instagram,geniepath,text,cosine,0,0,80b1677eb241,2,0.29818,0.59438,0.5214
instagram,geniepath,text,cosine,0,0,80b1677eb241,3,0.28957,0.5901,0.53879
instagram,geniepath,text,cosine,0,0,80b1677eb241,4,0.28558,0.57239,0.52911
instagram,geniepath,text,cosine,0,0,80b1677eb241,5,0.2544,0.56429,0.52237
instagram,geniepath,text,cosine,0,1,36257d1b5060,1,0.34201,0.61223,0.55988
instagram,geniepath,text,cosine,0,1,36257d1b5060,2,0.29682,0.5865,0.51641
instagram,geniepath,text,cosine,0,1,36257d1b5060,3,0.28869,0.58356,0.53788
instagram,geniepath,text,cosine,0,1,36257d1b5060,4,0.28501,0.56714,0.52237
instagram,geniepath,text,cosine,0,1,36257d1b5060,5,0.25463,0.5601,0.524
instagram,geniepath,text,cosine,1,0,2705bdcf7bf1,1,0.36751,0.6012,0.53139
instagram,geniepath,text,cosine,1,0,2705bdcf7bf1,2,0.30185,0.59811,0.52138
instagram,geniepath,text,cosine,1,0,2705bdcf7bf1,3,0.31211,0.58179,0.51101
instagram,geniepath,text,cosine,1,0,2705bdcf7bf1,4,0.2696,0.56994,0.51726
instagram,geniepath,text,cosine,1,0,2705bdcf7bf1,5,0.28125,0.55658,0.50642
instagram,geniepath,text,cosine,1,1,4ccd14d4bd65,1,0.36553,0.59034,0.54631
instagram,geniepath,text,cosine,1,1,4ccd14d4bd65,2,0.29923,0.5898,0.51657
instagram,geniepath,text,cosine,1,1,4ccd14d4bd65,3,0.30287,0.57593,0.50933
instagram,geniepath,text,cosine,1,1,4ccd14d4bd65,4,0.26556,0.56697,0.51485
instagram,geniepath,text,cosine,1,1,4ccd14d4bd65,5,0.27923,0.55357,0.51458
instagram,geniepath,text,cosine,2,0,571d84c157f6,1,0.36448,0.59701,0.54992
instagram,geniepath,text,cosine,2,0,571d84c157f6,2,0.31385,0.51795,0.52675
instagram,geniepath,text,cosine,2,0,571d84c157f6,3,0.29207,0.56354,0.51886
instagram,geniepath,text,cosine,2,0,571d84c157f6,4,0.28155,0.56154,0.52603
instagram,geniepath,text,cosine,2,0,571d84c157f6,5,0.25769,0.5569,0.51559
instagram,geniepath,text,cosine,2,1,a19f0f818ee1,1,0.36061,0.59992,0.54879
instagram,geniepath,text,cosine,2,1,a19f0f818ee1,2,0.30164,0.58347,0.53433
instagram,geniepath,text,cosine,2,1,a19f0f818ee1,3,0.28673,0.56687,0.52139
instagram,geniepath,text,cosine,2,1,a19f0f818ee1,4,0.2628,0.558,0.51726
instagram,geniepath,text,cosine,2,1,a19f0f818ee1,5,0.24885,0.55648,0.52748
instagram,geniepath,text,cosine,3,0,4b7c657e45b9,1,0.32726,0.60092,0.54128
instagram,geniepath,text,cosine,3,0,4b7c657e45b9,2,0.30797,0.61577,0.56851
instagram,geniepath,text,cosine,3,0,4b7c657e45b9,3,0.28716,0.58705,0.53146
instagram,geniepath,text,cosine,3,0,4b7c657e45b9,4,0.27004,0.57212,0.51991
instagram,geniepath,text,cosine,3,0,4b7c657e45b9,5,0.26745,0.56369,0.526
instagram,geniepath,text,cosine,3,1,be9167462468,1,0.33858,0.58824,0.53524
instagram,geniepath,text,cosine,3,1,be9167462468,2,0.29998,0.58051,0.50467
instagram,geniepath,text,cosine,3,1,be9167462468,3,0.2739,0.57627,0.52939
instagram,geniepath,text,cosine,3,1,be9167462468,4,0.25979,0.56475,0.50867
instagram,geniepath,text,cosine,3,1,be9167462468,5,0.25996,0.55669,0.5203
instagram,pmp,text,cosine,0,0,b9b5d112866e,1,0.34364,0.65716,0.55771
instagram,pmp,text,cosine,0,0,b9b5d112866e,2,0.31871,0.61473,0.57411
instagram,pmp,text,cosine,0,0,b9b5d112866e,3,0.29329,0.61009,0.5653
instagram,pmp,text,cosine,0,0,b9b5d112866e,4,0.29205,0.60613,0.57127
instagram,pmp,text,cosine,0,0,b9b5d112866e,5,0.25893,0.56548,0.56469
instagram,pmp,text,cosine,0,1,f3186d419a28,1,0.34533,0.65151,0.57035
instagram,pmp,text,cosine,0,1,f3186d419a28,2,0.31551,0.63368,0.57137
instagram,pmp,text,cosine,0,1,f3186d419a28,3,0.28921,0.61527,0.58694
instagram,pmp,text,cosine,0,1,f3186d419a28,4,0.28365,0.61113,0.5462
instagram,pmp,text,cosine,0,1,f3186d419a28,5,0.25804,0.57639,0.55763
instagram,pmp,text,cosine,1,0,9946cef6b9d0,1,0.35459,0.63562,0.55294
instagram,pmp,text,cosine,1,0,9946cef6b9d0,2,0.30347,0.60721,0.56746
instagram,pmp,text,cosine,1,0,9946cef6b9d0,3,0.29707,0.59545,0.55042
instagram,pmp,text,cosine,1,0,9946cef6b9d0,4,0.25975,0.57239,0.55601
instagram,pmp,text,cosine,1,0,9946cef6b9d0,5,0.27465,0.56769,0.53977
instagram,pmp,text,cosine,1,1,cc8783654b49,1,0.34311,0.65237,0.56972
instagram,pmp,text,cosine,1,1,cc8783654b49,2,0.29944,0.62492,0.56342
instagram,pmp,text,cosine,1,1,cc8783654b49,3,0.29501,0.61752,0.5611
instagram,pmp,text,cosine,1,1,cc8783654b49,4,0.26923,0.59745,0.56894
instagram,pmp,text,cosine,1,1,cc8783654b49,5,0.2587,0.571,0.54911
instagram,pmp,text,cosine,2,0,845dccbbb95e,1,0.35947,0.62933,0.55928
instagram,pmp,text,cosine,2,0,845dccbbb95e,2,0.30616,0.60765,0.5653
instagram,pmp,text,cosine,2,0,845dccbbb95e,3,0.29327,0.6003,0.5528
instagram,pmp,text,cosine,2,0,845dccbbb95e,4,0.2742,0.58337,0.55117
instagram,pmp,text,cosine,2,0,845dccbbb95e,5,0.25424,0.5766,0.5636
instagram,pmp,text,cosine,2,1,e17d9d5b6cf5,1,0.34907,0.64839,0.54212
instagram,pmp,text,cosine,2,1,e17d9d5b6cf5,2,0.30758,0.63248,0.56241
instagram,pmp,text,cosine,2,1,e17d9d5b6cf5,3,0.29901,0.61559,0.56855
instagram,pmp,text,cosine,2,1,e17d9d5b6cf5,4,0.27714,0.59212,0.55924
instagram,pmp,text,cosine,2,1,e17d9d5b6cf5,5,0.26078,0.57727,0.54359
instagram,pmp,text,cosine,3,0,2a355106465c,1,0.34141,0.63104,0.57498
instagram,pmp,text,cosine,3,0,2a355106465c,2,0.3132,0.63706,0.55741
instagram,pmp,text,cosine,3,0,2a355106465c,3,0.27373,0.60938,0.55173
instagram,pmp,text,cosine,3,0,2a355106465c,4,0.2849,0.57916,0.55219
instagram,pmp,text,cosine,3,0,2a355106465c,5,0.28271,0.56898,0.53618
instagram,pmp,text,cosine,3,1,0aae549f74d7,1,0.33308,0.63718,0.56046
instagram,pmp,text,cosine,3,1,0aae549f74d7,2,0.30027,0.64766,0.57688
instagram,pmp,text,cosine,3,1,0aae549f74d7,3,0.27875,0.60438,0.56039
instagram,pmp,text,cosine,3,1,0aae549f74d7,4,0.27875,0.58968,0.55917
instagram,pmp,text,cosine,3,1,0aae549f74d7,5,0.28801,0.58558,0.55127
reddit,bwgnn,text,cosine,0,0,fb55720918f3,1,0.34514,0.53139,0.52779
reddit,bwgnn,text,cosine,0,0,fb55720918f3,2,0.30012,0.6422,0.55509
reddit,bwgnn,text,cosine,0,0,fb55720918f3,3,0.28383,0.54957,0.54478
reddit,bwgnn,text,cosine,0,0,fb55720918f3,4,0.25532,0.57332,0.54123
reddit,bwgnn,text,cosine,0,0,fb55720918f3,5,0.21387,0.63801,0.57303
reddit,bwgnn,text,cosine,0,1,3c17d61b81b6,1,0.32695,0.62717,0.53232
reddit,bwgnn,text,cosine,0,1,3c17d61b81b6,2,0.27956,0.62051,0.55646
reddit,bwgnn,text,cosine,0,1,3c17d61b81b6,3,0.26491,0.65627,0.56848
reddit,bwgnn,text,cosine,0,1,3c17d61b81b6,4,0.26383,0.59053,0.52713
reddit,bwgnn,text,cosine,0,1,3c17d61b81b6,5,0.24195,0.62382,0.54228
reddit,bwgnn,text,cosine,1,0,aafe1af2a110,1,0.32553,0.62169,0.54518
reddit,bwgnn,text,cosine,1,0,aafe1af2a110,2,0.28576,0.62479,0.55306
reddit,bwgnn,text,cosine,1,0,aafe1af2a110,3,0.27359,0.57639,0.535
reddit,bwgnn,text,cosine,1,0,aafe1af2a110,4,0.24475,0.59464,0.54913
reddit,bwgnn,text,cosine,1,0,aafe1af2a110,5,0.24078,0.6246,0.54362
reddit,bwgnn,text,cosine,1,1,c14a9ecf84ce,1,0.32015,0.64392,0.54484
reddit,bwgnn,text,cosine,1,1,c14a9ecf84ce,2,0.28034,0.67254,0.57865
reddit,bwgnn,text,cosine,1,1,c14a9ecf84ce,3,0.26411,0.63263,0.56227
reddit,bwgnn,text,cosine,1,1,c14a9ecf84ce,4,0.26071,0.63194,0.55748
reddit,bwgnn,text,cosine,1,1,c14a9ecf84ce,5,0.22999,0.62126,0.55913
reddit,bwgnn,text,cosine,2,0,f94834ad1208,1,0.34516,0.63242,0.55034
reddit,bwgnn,text,cosine,2,0,f94834ad1208,2,0.2935,0.62509,0.5531
reddit,bwgnn,text,cosine,2,0,f94834ad1208,3,0.2615,0.6393,0.54417
reddit,bwgnn,text,cosine,2,0,f94834ad1208,4,0.23963,0.59808,0.53903
reddit,bwgnn,text,cosine,2,0,f94834ad1208,5,0.23349,0.60716,0.53609
reddit,bwgnn,text,cosine,2,1,127e105ddf04,1,0.33882,0.61667,0.52916
reddit,bwgnn,text,cosine,2,1,127e105ddf04,2,0.27765,0.64227,0.56013
reddit,bwgnn,text,cosine,2,1,127e105ddf04,3,0.25832,0.68074,0.57979
reddit,bwgnn,text,cosine,2,1,127e105ddf04,4,0.23544,0.62139,0.56368
reddit,bwgnn,text,cosine,2,1,127e105ddf04,5,0.22945,0.55832,0.53686
reddit,bwgnn,text,cosine,3,0,875f64e1dd0f,1,0.32976,0.50701,0.52211
reddit,bwgnn,text,cosine,3,0,875f64e1dd0f,2,0.28887,0.65215,0.56237
reddit,bwgnn,text,cosine,3,0,875f64e1dd0f,3,0.25903,0.57584,0.54032
reddit,bwgnn,text,cosine,3,0,875f64e1dd0f,4,0.2447,0.61405,0.54365
reddit,bwgnn,text,cosine,3,0,875f64e1dd0f,5,0.23461,0.61759,0.55657
reddit,bwgnn,text,cosine,3,1,9dca3f13acf6,1,0.32947,0.58545,0.51632
reddit,bwgnn,text,cosine,3,1,9dca3f13acf6,2,0.27985,0.64541,0.5451
reddit,bwgnn,text,cosine,3,1,9dca3f13acf6,3,0.26885,0.60926,0.54518
reddit,bwgnn,text,cosine,3,1,9dca3f13acf6,4,0.25187,0.61263,0.54012
reddit,bwgnn,text,cosine,3,1,9dca3f13acf6,5,0.23491,0.61238,0.53647
reddit,care_gnn,text,cosine,0,0,21d3bfcaab22,1,0.32071,0.6128,0.52189
reddit,care_gnn,text,cosine,0,0,21d3bfcaab22,2,0.28943,0.62537,0.51329
reddit,care_gnn,text,cosine,0,0,21d3bfcaab22,3,0.2677,0.62784,0.52384
reddit,care_gnn,text,cosine,0,0,21d3bfcaab22,4,0.24828,0.63326,0.51903
reddit,care_gnn,text,cosine,0,0,21d3bfcaab22,5,0.21725,0.62234,0.52084
reddit,care_gnn,text,cosine,0,1,69d0320bd390,1,0.32754,0.61871,0.51866
reddit,care_gnn,text,cosine,0,1,69d0320bd390,2,0.28949,0.62626,0.51905
reddit,care_gnn,text,cosine,0,1,69d0320bd390,3,0.26741,0.63159,0.52558
reddit,care_gnn,text,cosine,0,1,69d0320bd390,4,0.2497,0.6232,0.50751
reddit,care_gnn,text,cosine,0,1,69d0320bd390,5,0.21868,0.63682,0.52803
reddit,care_gnn,text,cosine,1,0,e75fcc7eeeb2,1,0.32611,0.5878,0.508
reddit,care_gnn,text,cosine,1,0,e75fcc7eeeb2,2,0.28711,0.63041,0.52956
reddit,care_gnn,text,cosine,1,0,e75fcc7eeeb2,3,0.27139,0.62998,0.53191
reddit,care_gnn,text,cosine,1,0,e75fcc7eeeb2,4,0.25621,0.62242,0.5195
reddit,care_gnn,text,cosine,1,0,e75fcc7eeeb2,5,0.23495,0.63916,0.53495
reddit,care_gnn,text,cosine,1,1,9ee1ec68ce0a,1,0.33259,0.57644,0.50859
reddit,care_gnn,text,cosine,1,1,9ee1ec68ce0a,2,0.28573,0.63396,0.53386
reddit,care_gnn,text,cosine,1,1,9ee1ec68ce0a,3,0.26616,0.63452,0.5406
reddit,care_gnn,text,cosine,1,1,9ee1ec68ce0a,4,0.24858,0.62477,0.51383
reddit,care_gnn,text,cosine,1,1,9ee1ec68ce0a,5,0.21827,0.64109,0.52228
reddit,care_gnn,text,cosine,2,0,4e78442928e0,1,0.3254,0.59858,0.5382
reddit,care_gnn,text,cosine,2,0,4e78442928e0,2,0.28562,0.62633,0.52534
reddit,care_gnn,text,cosine,2,0,4e78442928e0,3,0.26523,0.62783,0.52102
reddit,care_gnn,text,cosine,2,0,4e78442928e0,4,0.24215,0.6394,0.53118
reddit,care_gnn,text,cosine,2,0,4e78442928e0,5,0.22393,0.63675,0.51295
reddit,care_gnn,text,cosine,2,1,ed78ce51a1d5,1,0.33324,0.60609,0.53653
reddit,care_gnn,text,cosine,2,1,ed78ce51a1d5,2,0.28468,0.6331,0.5453
reddit,care_gnn,text,cosine,2,1,ed78ce51a1d5,3,0.26295,0.62898,0.51955
reddit,care_gnn,text,cosine,2,1,ed78ce51a1d5,4,0.23826,0.63528,0.5267
reddit,care_gnn,text,cosine,2,1,ed78ce51a1d5,5,0.21798,0.6271,0.51626
reddit,care_gnn,text,cosine,3,0,610f5add4d75,1,0.32474,0.59847,0.52464
reddit,care_gnn,text,cosine,3,0,610f5add4d75,2,0.28687,0.62415,0.53146
reddit,care_gnn,text,cosine,3,0,610f5add4d75,3,0.27421,0.63596,0.51175
reddit,care_gnn,text,cosine,3,0,610f5add4d75,4,0.24985,0.62167,0.49762
reddit,care_gnn,text,cosine,3,0,610f5add4d75,5,0.23113,0.6386,0.52294
reddit,care_gnn,text,cosine,3,1,35f24b14ccf4,1,0.33218,0.59411,0.51093
reddit,care_gnn,text,cosine,3,1,35f24b14ccf4,2,0.28598,0.62325,0.52472
reddit,care_gnn,text,cosine,3,1,35f24b14ccf4,3,0.27103,0.64553,0.52568
reddit,care_gnn,text,cosine,3,1,35f24b14ccf4,4,0.24759,0.61822,0.51664
reddit,care_gnn,text,cosine,3,1,35f24b14ccf4,5,0.22688,0.62125,0.51466
reddit,dga_gnn,text,cosine,0,0,cf4f6e07b6b1,1,0.32675,0.64506,0.54317
reddit,dga_gnn,text,cosine,0,0,cf4f6e07b6b1,2,0.31396,0.65521,0.53111
reddit,dga_gnn,text,cosine,0,0,cf4f6e07b6b1,3,0.29116,0.64938,0.53729
reddit,dga_gnn,text,cosine,0,0,cf4f6e07b6b1,4,0.28299,0.63887,0.5345
reddit,dga_gnn,text,cosine,0,0,cf4f6e07b6b1,5,0.26826,0.63917,0.52896
reddit,dga_gnn,text,cosine,0,1,5bd44e160cce,1,0.34262,0.64337,0.56093
reddit,dga_gnn,text,cosine,0,1,5bd44e160cce,2,0.31277,0.63601,0.48892
reddit,dga_gnn,text,cosine,0,1,5bd44e160cce,3,0.2899,0.66269,0.5519
reddit,dga_gnn,text,cosine,0,1,5bd44e160cce,4,0.28169,0.6305,0.53783
reddit,dga_gnn,text,cosine,0,1,5bd44e160cce,5,0.27621,0.64823,0.53418
reddit,dga_gnn,text,cosine,1,0,855afd88b978,1,0.33585,0.59393,0.49724
reddit,dga_gnn,text,cosine,1,0,855afd88b978,2,0.3091,0.62951,0.53563
reddit,dga_gnn,text,cosine,1,0,855afd88b978,3,0.29444,0.6106,0.52765
reddit,dga_gnn,text,cosine,1,0,855afd88b978,4,0.28244,0.56684,0.50897
reddit,dga_gnn,text,cosine,1,0,855afd88b978,5,0.27649,0.63549,0.54177
reddit,dga_gnn,text,cosine,1,1,835ecbf04452,1,0.3453,0.58492,0.50617
reddit,dga_gnn,text,cosine,1,1,835ecbf04452,2,0.30645,0.64157,0.47622
reddit,dga_gnn,text,cosine,1,1,835ecbf04452,3,0.2913,0.6455,0.52791
reddit,dga_gnn,text,cosine,1,1,835ecbf04452,4,0.30358,0.64822,0.51158
reddit,dga_gnn,text,cosine,1,1,835ecbf04452,5,0.27113,0.64681,0.53816
reddit,dga_gnn,text,cosine,2,0,775071aea801,1,0.33484,0.63628,0.56343
reddit,dga_gnn,text,cosine,2,0,775071aea801,2,0.30751,0.67285,0.54549
reddit,dga_gnn,text,cosine,2,0,775071aea801,3,0.3014,0.63521,0.51673
reddit,dga_gnn,text,cosine,2,0,775071aea801,4,0.29504,0.6675,0.52742
reddit,dga_gnn,text,cosine,2,0,775071aea801,5,0.28049,0.63012,0.50977
reddit,dga_gnn,text,cosine,2,1,563cb9c43b3e,1,0.34346,0.61056,0.51876
reddit,dga_gnn,text,cosine,2,1,563cb9c43b3e,2,0.30324,0.63569,0.54446
reddit,dga_gnn,text,cosine,2,1,563cb9c43b3e,3,0.30496,0.60046,0.51588
reddit,dga_gnn,text,cosine,2,1,563cb9c43b3e,4,0.28833,0.64155,0.52249
reddit,dga_gnn,text,cosine,2,1,563cb9c43b3e,5,0.27737,0.63375,0.53609
reddit,dga_gnn,text,cosine,3,0,feec84f34411,1,0.34562,0.59166,0.50693
reddit,dga_gnn,text,cosine,3,0,feec84f34411,2,0.30781,0.66397,0.55978
reddit,dga_gnn,text,cosine,3,0,feec84f34411,3,0.30177,0.65028,0.50257
reddit,dga_gnn,text,cosine,3,0,feec84f34411,4,0.286,0.63025,0.52145
reddit,dga_gnn,text,cosine,3,0,feec84f34411,5,0.27886,0.62441,0.5228
reddit,dga_gnn,text,cosine,3,1,f44247bc61b6,1,0.35171,0.57718,0.47622
reddit,dga_gnn,text,cosine,3,1,f44247bc61b6,2,0.30574,0.65329,0.54101
reddit,dga_gnn,text,cosine,3,1,f44247bc61b6,3,0.29448,0.65945,0.4983
reddit,dga_gnn,text,cosine,3,1,f44247bc61b6,4,0.28264,0.62039,0.52061
reddit,dga_gnn,text,cosine,3,1,f44247bc61b6,5,0.27784,0.64306,0.52172
reddit,gat,text,cosine,0,0,7e0dac2fea47,1,0.33298,0.65124,0.54544
reddit,gat,text,cosine,0,0,7e0dac2fea47,2,0.32132,0.65749,0.54256
reddit,gat,text,cosine,0,0,7e0dac2fea47,3,0.2944,0.66472,0.55117
reddit,gat,text,cosine,0,0,7e0dac2fea47,4,0.29262,0.65288,0.55083
reddit,gat,text,cosine,0,0,7e0dac2fea47,5,0.2835,0.6559,0.54644
reddit,gat,text,cosine,0,1,951f2b61657e,1,0.33244,0.64391,0.54513
reddit,gat,text,cosine,0,1,951f2b61657e,2,0.31405,0.63558,0.51874
reddit,gat,text,cosine,0,1,951f2b61657e,3,0.29951,0.67464,0.56005
reddit,gat,text,cosine,0,1,951f2b61657e,4,0.28426,0.64589,0.5427
reddit,gat,text,cosine,0,1,951f2b61657e,5,0.27372,0.66805,0.56429
reddit,gat,text,cosine,1,0,9d025547c099,1,0.33822,0.63843,0.54605
reddit,gat,text,cosine,1,0,9d025547c099,2,0.31715,0.68865,0.57712
reddit,gat,text,cosine,1,0,9d025547c099,3,0.31016,0.64465,0.52838
reddit,gat,text,cosine,1,0,9d025547c099,4,0.31062,0.66593,0.54208
reddit,gat,text,cosine,1,0,9d025547c099,5,0.28196,0.67836,0.53957
reddit,gat,text,cosine,1,1,4a51841770cf,1,0.3333,0.66171,0.55328
reddit,gat,text,cosine,1,1,4a51841770cf,2,0.3298,0.70265,0.56313
reddit,gat,text,cosine,1,1,4a51841770cf,3,0.30552,0.63747,0.53914
reddit,gat,text,cosine,1,1,4a51841770cf,4,0.28222,0.66527,0.54633
reddit,gat,text,cosine,1,1,4a51841770cf,5,0.26197,0.68781,0.55389
reddit,gat,text,cosine,2,0,671d8d165e8d,1,0.33829,0.62029,0.53539
reddit,gat,text,cosine,2,0,671d8d165e8d,2,0.31473,0.62207,0.51585
reddit,gat,text,cosine,2,0,671d8d165e8d,3,0.29428,0.64493,0.54664
reddit,gat,text,cosine,2,0,671d8d165e8d,4,0.30326,0.65924,0.54887
reddit,gat,text,cosine,2,0,671d8d165e8d,5,0.27714,0.67747,0.55184
reddit,gat,text,cosine,2,1,900f419c1707,1,0.34236,0.642,0.53746
reddit,gat,text,cosine,2,1,900f419c1707,2,0.31656,0.63011,0.53997
reddit,gat,text,cosine,2,1,900f419c1707,3,0.29916,0.67261,0.56039
reddit,gat,text,cosine,2,1,900f419c1707,4,0.28734,0.65288,0.54434
reddit,gat,text,cosine,2,1,900f419c1707,5,0.26557,0.63139,0.54594
reddit,gat,text,cosine,3,0,1531bd4938bc,1,0.34051,0.68981,0.55602
reddit,gat,text,cosine,3,0,1531bd4938bc,2,0.31499,0.65996,0.54125
reddit,gat,text,cosine,3,0,1531bd4938bc,3,0.28805,0.67805,0.55489
reddit,gat,text,cosine,3,0,1531bd4938bc,4,0.27651,0.67664,0.57105
reddit,gat,text,cosine,3,0,1531bd4938bc,5,0.28987,0.66369,0.54478
reddit,gat,text,cosine,3,1,4048190e0f32,1,0.33984,0.65421,0.5222
reddit,gat,text,cosine,3,1,4048190e0f32,2,0.31896,0.65009,0.52821
reddit,gat,text,cosine,3,1,4048190e0f32,3,0.30281,0.66579,0.54799
reddit,gat,text,cosine,3,1,4048190e0f32,4,0.28772,0.64935,0.53646
reddit,gat,text,cosine,3,1,4048190e0f32,5,0.28962,0.66085,0.54324
reddit,gcn,text,cosine,0,0,a2ab92e55307,1,0.32627,0.58156,0.51879
reddit,gcn,text,cosine,0,0,a2ab92e55307,2,0.28385,0.61405,0.5289
reddit,gcn,text,cosine,0,0,a2ab92e55307,3,0.26426,0.62074,0.5415
reddit,gcn,text,cosine,0,0,a2ab92e55307,4,0.25741,0.60845,0.53932
reddit,gcn,text,cosine,0,0,a2ab92e55307,5,0.23985,0.61199,0.53646
reddit,gcn,text,cosine,0,1,aa29577d3389,1,0.324,0.58909,0.53407
reddit,gcn,text,cosine,0,1,aa29577d3389,2,0.28545,0.59271,0.51054
reddit,gcn,text,cosine,0,1,aa29577d3389,3,0.26691,0.61184,0.53457
reddit,gcn,text,cosine,0,1,aa29577d3389,4,0.25438,0.60742,0.52547
reddit,gcn,text,cosine,0,1,aa29577d3389,5,0.23452,0.61013,0.53807
reddit,gcn,text,cosine,1,0,d17da8879658,1,0.33002,0.56636,0.52533
reddit,gcn,text,cosine,1,0,d17da8879658,2,0.28314,0.60762,0.53689
reddit,gcn,text,cosine,1,0,d17da8879658,3,0.2644,0.60535,0.53247
reddit,gcn,text,cosine,1,0,d17da8879658,4,0.25489,0.6032,0.53023
reddit,gcn,text,cosine,1,0,d17da8879658,5,0.24007,0.62154,0.54081
reddit,gcn,text,cosine,1,1,3c9832a068b9,1,0.3289,0.57216,0.53103
reddit,gcn,text,cosine,1,1,3c9832a068b9,2,0.28311,0.61076,0.53939
reddit,gcn,text,cosine,1,1,3c9832a068b9,3,0.26254,0.59307,0.5353
reddit,gcn,text,cosine,1,1,3c9832a068b9,4,0.25702,0.60418,0.52796
reddit,gcn,text,cosine,1,1,3c9832a068b9,5,0.24209,0.61456,0.53529
reddit,gcn,text,cosine,2,0,30f4de978601,1,0.33482,0.5887,0.53384
reddit,gcn,text,cosine,2,0,30f4de978601,2,0.28079,0.61647,0.53344
reddit,gcn,text,cosine,2,0,30f4de978601,3,0.26639,0.61772,0.53311
reddit,gcn,text,cosine,2,0,30f4de978601,4,0.25798,0.61522,0.54001
reddit,gcn,text,cosine,2,0,30f4de978601,5,0.24757,0.61162,0.52008
reddit,gcn,text,cosine,2,1,c360a228c3c1,1,0.33352,0.57793,0.52544
reddit,gcn,text,cosine,2,1,c360a228c3c1,2,0.28211,0.61338,0.54142
reddit,gcn,text,cosine,2,1,c360a228c3c1,3,0.26684,0.61431,0.52828
reddit,gcn,text,cosine,2,1,c360a228c3c1,4,0.25573,0.61694,0.54535
reddit,gcn,text,cosine,2,1,c360a228c3c1,5,0.24647,0.61546,0.53337
reddit,gcn,text,cosine,3,0,dfc2e536ee32,1,0.32351,0.55541,0.50283
reddit,gcn,text,cosine,3,0,dfc2e536ee32,2,0.28329,0.60792,0.53217
reddit,gcn,text,cosine,3,0,dfc2e536ee32,3,0.26576,0.61444,0.52674
reddit,gcn,text,cosine,3,0,dfc2e536ee32,4,0.25408,0.60622,0.53841
reddit,gcn,text,cosine,3,0,dfc2e536ee32,5,0.23833,0.60618,0.53714
reddit,gcn,text,cosine,3,1,421f78a559fa,1,0.32612,0.55337,0.5084
reddit,gcn,text,cosine,3,1,421f78a559fa,2,0.2832,0.60442,0.54093
reddit,gcn,text,cosine,3,1,421f78a559fa,3,0.26494,0.61348,0.53422
reddit,gcn,text,cosine,3,1,421f78a559fa,4,0.25304,0.60285,0.53361
reddit,gcn,text,cosine,3,1,421f78a559fa,5,0.24382,0.60892,0.53576
reddit,geniepath,text,cosine,0,0,b78695051a16,1,0.33199,0.60426,0.53799
reddit,geniepath,text,cosine,0,0,b78695051a16,2,0.31009,0.61009,0.53217
reddit,geniepath,text,cosine,0,0,b78695051a16,3,0.30055,0.606,0.53382
reddit,geniepath,text,cosine,0,0,b78695051a16,4,0.28348,0.59742,0.54061
reddit,geniepath,text,cosine,0,0,b78695051a16,5,0.30383,0.58412,0.53553
reddit,geniepath,text,cosine,0,1,915821dd4bab,1,0.33053,0.62707,0.5076
reddit,geniepath,text,cosine,0,1,915821dd4bab,2,0.3064,0.6303,0.53806
reddit,geniepath,text,cosine,0,1,915821dd4bab,3,0.29173,0.63554,0.5495
reddit,geniepath,text,cosine,0,1,915821dd4bab,4,0.28189,0.64345,0.53985
reddit,geniepath,text,cosine,0,1,915821dd4bab,5,0.266,0.62124,0.5395
reddit,geniepath,text,cosine,1,0,82f7b6a70159,1,0.33995,0.60828,0.53722
reddit,geniepath,text,cosine,1,0,82f7b6a70159,2,0.30818,0.59969,0.53687
reddit,geniepath,text,cosine,1,0,82f7b6a70159,3,0.27824,0.60114,0.48194
reddit,geniepath,text,cosine,1,0,82f7b6a70159,4,0.30201,0.58852,0.52501
reddit,geniepath,text,cosine,1,0,82f7b6a70159,5,0.27721,0.59028,0.5297
reddit,geniepath,text,cosine,1,1,39460cf41c3c,1,0.34454,0.61071,0.54401
reddit,geniepath,text,cosine,1,1,39460cf41c3c,2,0.29945,0.61152,0.53979
reddit,geniepath,text,cosine,1,1,39460cf41c3c,3,0.27638,0.60592,0.48745
reddit,geniepath,text,cosine,1,1,39460cf41c3c,4,0.29502,0.59887,0.53882
reddit,geniepath,text,cosine,1,1,39460cf41c3c,5,0.26336,0.59862,0.54178
reddit,geniepath,text,cosine,2,0,764629b971c2,1,0.34273,0.60871,0.54485
reddit,geniepath,text,cosine,2,0,764629b971c2,2,0.29607,0.6134,0.55309
reddit,geniepath,text,cosine,2,0,764629b971c2,3,0.28371,0.6013,0.52101
reddit,geniepath,text,cosine,2,0,764629b971c2,4,0.30642,0.60607,0.53671
reddit,geniepath,text,cosine,2,0,764629b971c2,5,0.27582,0.59834,0.53652
reddit,geniepath,text,cosine,2,1,57b1eafc301d,1,0.3552,0.61207,0.54163
reddit,geniepath,text,cosine,2,1,57b1eafc301d,2,0.30185,0.61507,0.55485
reddit,geniepath,text,cosine,2,1,57b1eafc301d,3,0.2854,0.60497,0.52201
reddit,geniepath,text,cosine,2,1,57b1eafc301d,4,0.29974,0.59681,0.53606
reddit,geniepath,text,cosine,2,1,57b1eafc301d,5,0.27627,0.59657,0.52838
reddit,geniepath,text,cosine,3,0,71fc86a169bb,1,0.36847,0.54727,0.51808
reddit,geniepath,text,cosine,3,0,71fc86a169bb,2,0.32025,0.58244,0.5305
reddit,geniepath,text,cosine,3,0,71fc86a169bb,3,0.28443,0.59853,0.54863
reddit,geniepath,text,cosine,3,0,71fc86a169bb,4,0.26498,0.59671,0.54132
reddit,geniepath,text,cosine,3,0,71fc86a169bb,5,0.27111,0.60267,0.5365
reddit,geniepath,text,cosine,3,1,5869f03ed90f,1,0.35594,0.61358,0.5382
reddit,geniepath,text,cosine,3,1,5869f03ed90f,2,0.31088,0.59943,0.54846
reddit,geniepath,text,cosine,3,1,5869f03ed90f,3,0.29479,0.59638,0.52601
reddit,geniepath,text,cosine,3,1,5869f03ed90f,4,0.28795,0.61204,0.5335
reddit,geniepath,text,cosine,3,1,5869f03ed90f,5,0.30565,0.53577,0.50741
reddit,pmp,text,cosine,0,0,1b306ee137b4,1,0.32781,0.60842,0.52387
reddit,pmp,text,cosine,0,0,1b306ee137b4,2,0.30141,0.62862,0.53419
reddit,pmp,text,cosine,0,0,1b306ee137b4,3,0.27065,0.60259,0.52583
reddit,pmp,text,cosine,0,0,1b306ee137b4,4,0.26916,0.62748,0.52706
reddit,pmp,text,cosine,0,0,1b306ee137b4,5,0.24992,0.61579,0.54365
reddit,pmp,text,cosine,0,1,920540b0a10a,1,0.32227,0.62572,0.53424
reddit,pmp,text,cosine,0,1,920540b0a10a,2,0.30282,0.61839,0.51268
reddit,pmp,text,cosine,0,1,920540b0a10a,3,0.28135,0.61705,0.53006
reddit,pmp,text,cosine,0,1,920540b0a10a,4,0.26821,0.61095,0.52925
reddit,pmp,text,cosine,0,1,920540b0a10a,5,0.24175,0.63222,0.54327
reddit,pmp,text,cosine,1,0,ebd10f4a0618,1,0.33341,0.58693,0.52531
reddit,pmp,text,cosine,1,0,ebd10f4a0618,2,0.29706,0.63679,0.53673
reddit,pmp,text,cosine,1,0,ebd10f4a0618,3,0.27905,0.62536,0.54346
reddit,pmp,text,cosine,1,0,ebd10f4a0618,4,0.26923,0.6068,0.53184
reddit,pmp,text,cosine,1,0,ebd10f4a0618,5,0.24642,0.60916,0.51788
reddit,pmp,text,cosine,1,1,b70e6f0ad2bd,1,0.33161,0.58607,0.52036
reddit,pmp,text,cosine,1,1,b70e6f0ad2bd,2,0.29585,0.61992,0.51895
reddit,pmp,text,cosine,1,1,b70e6f0ad2bd,3,0.28186,0.61404,0.53185
reddit,pmp,text,cosine,1,1,b70e6f0ad2bd,4,0.27251,0.59084,0.51904
reddit,pmp,text,cosine,1,1,b70e6f0ad2bd,5,0.24602,0.6164,0.53355
reddit,pmp,text,cosine,2,0,5d4d71164ce4,1,0.34311,0.63172,0.54561
reddit,pmp,text,cosine,2,0,5d4d71164ce4,2,0.2964,0.62922,0.53537
reddit,pmp,text,cosine,2,0,5d4d71164ce4,3,0.2772,0.63237,0.52621
reddit,pmp,text,cosine,2,0,5d4d71164ce4,4,0.2611,0.62911,0.53866
reddit,pmp,text,cosine,2,0,5d4d71164ce4,5,0.25354,0.61701,0.52486
reddit,pmp,text,cosine,2,1,0891f15fd611,1,0.33123,0.57847,0.52201
reddit,pmp,text,cosine,2,1,0891f15fd611,2,0.29229,0.62075,0.53299
reddit,pmp,text,cosine,2,1,0891f15fd611,3,0.28126,0.62824,0.54289
reddit,pmp,text,cosine,2,1,0891f15fd611,4,0.25432,0.63934,0.54696
reddit,pmp,text,cosine,2,1,0891f15fd611,5,0.24439,0.62542,0.5324
reddit,pmp,text,cosine,3,0,bc7d822bca73,1,0.33623,0.59455,0.51342
reddit,pmp,text,cosine,3,0,bc7d822bca73,2,0.28839,0.64551,0.53388
reddit,pmp,text,cosine,3,0,bc7d822bca73,3,0.2785,0.61864,0.53364
reddit,pmp,text,cosine,3,0,bc7d822bca73,4,0.25729,0.62047,0.5251
reddit,pmp,text,cosine,3,0,bc7d822bca73,5,0.24876,0.60475,0.53229
reddit,pmp,text,cosine,3,1,91cf030a1264,1,0.33308,0.59477,0.52377
reddit,pmp,text,cosine,3,1,91cf030a1264,2,0.29816,0.63645,0.53121
reddit,pmp,text,cosine,3,1,91cf030a1264,3,0.27511,0.63484,0.53901
reddit,pmp,text,cosine,3,1,91cf030a1264,4,0.25979,0.61259,0.52237
reddit,pmp,text,cosine,3,1,91cf030a1264,5,0.25162,0.6156,0.54823
instagram,bwgnn,text,md_K1_matched,0,0,758aa6c351bf,1,0.44143,0.61044,0.5411
instagram,bwgnn,text,md_K1_matched,0,0,758aa6c351bf,2,0.29553,0.60117,0.54927
instagram,bwgnn,text,md_K1_matched,0,0,758aa6c351bf,3,0.27816,0.59553,0.53991
instagram,bwgnn,text,md_K1_matched,0,0,758aa6c351bf,4,0.2656,0.57825,0.53259
instagram,bwgnn,text,md_K1_matched,0,0,758aa6c351bf,5,0.24966,0.56617,0.53217
instagram,bwgnn,text,md_K1_matched,0,1,0ad3d81ce8e1,1,0.61237,0.62244,0.53783
instagram,bwgnn,text,md_K1_matched,0,1,0ad3d81ce8e1,2,0.29002,0.60349,0.54635
instagram,bwgnn,text,md_K1_matched,0,1,0ad3d81ce8e1,3,0.2851,0.59686,0.53979
instagram,bwgnn,text,md_K1_matched,0,1,0ad3d81ce8e1,4,0.26545,0.57685,0.54165
instagram,bwgnn,text,md_K1_matched,0,1,0ad3d81ce8e1,5,0.24921,0.55192,0.52839
instagram,bwgnn,text,md_K1_matched,1,0,4d1cc81537a6,1,0.47262,0.65778,0.56972
instagram,bwgnn,text,md_K1_matched,1,0,4d1cc81537a6,2,0.29046,0.6069,0.53991
instagram,bwgnn,text,md_K1_matched,1,0,4d1cc81537a6,3,0.2757,0.59193,0.53083
instagram,bwgnn,text,md_K1_matched,1,0,4d1cc81537a6,4,0.2583,0.57035,0.53449
instagram,bwgnn,text,md_K1_matched,1,0,4d1cc81537a6,5,0.26354,0.56848,0.52414
instagram,bwgnn,text,md_K1_matched,1,1,b4466c7cd952,1,0.50402,0.64989,0.56057
instagram,bwgnn,text,md_K1_matched,1,1,b4466c7cd952,2,0.2895,0.62392,0.56673
instagram,bwgnn,text,md_K1_matched,1,1,b4466c7cd952,3,0.2751,0.60315,0.54942
instagram,bwgnn,text,md_K1_matched,1,1,b4466c7cd952,4,0.2575,0.60617,0.54327
instagram,bwgnn,text,md_K1_matched,1,1,b4466c7cd952,5,0.25314,0.57414,0.53638
instagram,bwgnn,text,md_K1_matched,2,0,0814dc8d1d5d,1,0.40631,0.62288,0.55809
instagram,bwgnn,text,md_K1_matched,2,0,0814dc8d1d5d,2,0.28974,0.62869,0.55558
instagram,bwgnn,text,md_K1_matched,2,0,0814dc8d1d5d,3,0.27375,0.61467,0.5486
instagram,bwgnn,text,md_K1_matched,2,0,0814dc8d1d5d,4,0.26558,0.62488,0.54718
instagram,bwgnn,text,md_K1_matched,2,0,0814dc8d1d5d,5,0.27956,0.5717,0.53703
instagram,bwgnn,text,md_K1_matched,2,1,1bb9a68542a4,1,0.48236,0.60359,0.54026
instagram,bwgnn,text,md_K1_matched,2,1,1bb9a68542a4,2,0.29052,0.60074,0.53542
instagram,bwgnn,text,md_K1_matched,2,1,1bb9a68542a4,3,0.2754,0.57787,0.53356
instagram,bwgnn,text,md_K1_matched,2,1,1bb9a68542a4,4,0.26168,0.56131,0.52237
instagram,bwgnn,text,md_K1_matched,2,1,1bb9a68542a4,5,0.24877,0.56929,0.51966
instagram,bwgnn,text,md_K1_matched,3,0,21fac0aa5d26,1,0.42521,0.59064,0.53955
instagram,bwgnn,text,md_K1_matched,3,0,21fac0aa5d26,2,0.29755,0.64966,0.56148
instagram,bwgnn,text,md_K1_matched,3,0,21fac0aa5d26,3,0.27808,0.58991,0.54765
instagram,bwgnn,text,md_K1_matched,3,0,21fac0aa5d26,4,0.26487,0.63289,0.55811
instagram,bwgnn,text,md_K1_matched,3,0,21fac0aa5d26,5,0.25846,0.5767,0.52659
instagram,bwgnn,text,md_K1_matched,3,1,5ed712c92821,1,0.40672,0.62787,0.55293
instagram,bwgnn,text,md_K1_matched,3,1,5ed712c92821,2,0.29309,0.59963,0.54311
instagram,bwgnn,text,md_K1_matched,3,1,5ed712c92821,3,0.27256,0.59064,0.52391
instagram,bwgnn,text,md_K1_matched,3,1,5ed712c92821,4,0.26478,0.62891,0.54274
instagram,bwgnn,text,md_K1_matched,3,1,5ed712c92821,5,0.26479,0.58097,0.52675
instagram,care_gnn,text,md_K1_matched,0,0,651538293513,1,0.32921,0.65798,0.57286
instagram,care_gnn,text,md_K1_matched,0,0,651538293513,2,0.29429,0.64116,0.55924
instagram,care_gnn,text,md_K1_matched,0,0,651538293513,3,0.28463,0.62048,0.57017
instagram,care_gnn,text,md_K1_matched,0,0,651538293513,4,0.28674,0.61618,0.55619
instagram,care_gnn,text,md_K1_matched,0,0,651538293513,5,0.26501,0.58735,0.55928
instagram,care_gnn,text,md_K1_matched,0,1,bb936ba0f696,1,0.34603,0.68309,0.57181
instagram,care_gnn,text,md_K1_matched,0,1,bb936ba0f696,2,0.29892,0.66201,0.55928
instagram,care_gnn,text,md_K1_matched,0,1,bb936ba0f696,3,0.2914,0.6506,0.55619
instagram,care_gnn,text,md_K1_matched,0,1,bb936ba0f696,4,0.28809,0.63012,0.56035
instagram,care_gnn,text,md_K1_matched,0,1,bb936ba0f696,5,0.26742,0.59613,0.56408
instagram,care_gnn,text,md_K1_matched,1,0,3de3d4302b11,1,0.3352,0.64912,0.59042
instagram,care_gnn,text,md_K1_matched,1,0,3de3d4302b11,2,0.28818,0.63618,0.56625
instagram,care_gnn,text,md_K1_matched,1,0,3de3d4302b11,3,0.27987,0.6204,0.5632
instagram,care_gnn,text,md_K1_matched,1,0,3de3d4302b11,4,0.26665,0.59382,0.55117
instagram,care_gnn,text,md_K1_matched,1,0,3de3d4302b11,5,0.26181,0.58512,0.55988
instagram,care_gnn,text,md_K1_matched,1,1,b5ebe4e6484b,1,0.3534,0.65691,0.56688
instagram,care_gnn,text,md_K1_matched,1,1,b5ebe4e6484b,2,0.29194,0.64476,0.57766
instagram,care_gnn,text,md_K1_matched,1,1,b5ebe4e6484b,3,0.28678,0.62646,0.57145
instagram,care_gnn,text,md_K1_matched,1,1,b5ebe4e6484b,4,0.26995,0.60868,0.55302
instagram,care_gnn,text,md_K1_matched,1,1,b5ebe4e6484b,5,0.26971,0.59361,0.55387
instagram,care_gnn,text,md_K1_matched,2,0,7d8d748cb182,1,0.33018,0.66101,0.58241
instagram,care_gnn,text,md_K1_matched,2,0,7d8d748cb182,2,0.29369,0.64072,0.55643
instagram,care_gnn,text,md_K1_matched,2,0,7d8d748cb182,3,0.28372,0.6254,0.56173
instagram,care_gnn,text,md_K1_matched,2,0,7d8d748cb182,4,0.27042,0.59555,0.54638
instagram,care_gnn,text,md_K1_matched,2,0,7d8d748cb182,5,0.25724,0.58248,0.54964
instagram,care_gnn,text,md_K1_matched,2,1,1b4dc3503069,1,0.34761,0.65888,0.57127
instagram,care_gnn,text,md_K1_matched,2,1,1b4dc3503069,2,0.29959,0.64837,0.57693
instagram,care_gnn,text,md_K1_matched,2,1,1b4dc3503069,3,0.28944,0.64412,0.54782
instagram,care_gnn,text,md_K1_matched,2,1,1b4dc3503069,4,0.27526,0.61573,0.56579
instagram,care_gnn,text,md_K1_matched,2,1,1b4dc3503069,5,0.26277,0.60355,0.55042
instagram,care_gnn,text,md_K1_matched,3,0,869a6a10f17b,1,0.32159,0.6562,0.5673
instagram,care_gnn,text,md_K1_matched,3,0,869a6a10f17b,2,0.29561,0.64699,0.55801
instagram,care_gnn,text,md_K1_matched,3,0,869a6a10f17b,3,0.27982,0.61577,0.57498
instagram,care_gnn,text,md_K1_matched,3,0,869a6a10f17b,4,0.27419,0.60444,0.55606
instagram,care_gnn,text,md_K1_matched,3,0,869a6a10f17b,5,0.27249,0.58468,0.54989
instagram,care_gnn,text,md_K1_matched,3,1,1ed1a0e60db3,1,0.33139,0.65907,0.56688
instagram,care_gnn,text,md_K1_matched,3,1,1ed1a0e60db3,2,0.29706,0.65461,0.57716
instagram,care_gnn,text,md_K1_matched,3,1,1ed1a0e60db3,3,0.28407,0.63579,0.57095
instagram,care_gnn,text,md_K1_matched,3,1,1ed1a0e60db3,4,0.27633,0.60967,0.56136
instagram,care_gnn,text,md_K1_matched,3,1,1ed1a0e60db3,5,0.27313,0.60464,0.55316
instagram,dga_gnn,text,md_K1_matched,0,0,3f247261bcb9,1,0.35702,0.64391,0.55449
instagram,dga_gnn,text,md_K1_matched,0,0,3f247261bcb9,2,0.32623,0.61459,0.55097
instagram,dga_gnn,text,md_K1_matched,0,0,3f247261bcb9,3,0.30152,0.60278,0.55706
instagram,dga_gnn,text,md_K1_matched,0,0,3f247261bcb9,4,0.32934,0.60676,0.53281
instagram,dga_gnn,text,md_K1_matched,0,0,3f247261bcb9,5,0.28681,0.59122,0.53344
instagram,dga_gnn,text,md_K1_matched,0,1,94685a710209,1,0.34807,0.64678,0.55489
instagram,dga_gnn,text,md_K1_matched,0,1,94685a710209,2,0.32361,0.62538,0.55838
instagram,dga_gnn,text,md_K1_matched,0,1,94685a710209,3,0.32009,0.60545,0.52297
instagram,dga_gnn,text,md_K1_matched,0,1,94685a710209,4,0.31445,0.63293,0.54202
instagram,dga_gnn,text,md_K1_matched,0,1,94685a710209,5,0.30354,0.6104,0.55952
instagram,dga_gnn,text,md_K1_matched,1,0,371c5648aea8,1,0.34037,0.62869,0.54237
instagram,dga_gnn,text,md_K1_matched,1,0,371c5648aea8,2,0.30266,0.61796,0.51707
instagram,dga_gnn,text,md_K1_matched,1,0,371c5648aea8,3,0.3128,0.60798,0.53735
instagram,dga_gnn,text,md_K1_matched,1,0,371c5648aea8,4,0.29598,0.58568,0.55619
instagram,dga_gnn,text,md_K1_matched,1,0,371c5648aea8,5,0.29368,0.54913,0.53638
instagram,dga_gnn,text,md_K1_matched,1,1,ef92d297995d,1,0.34928,0.63268,0.54212
instagram,dga_gnn,text,md_K1_matched,1,1,ef92d297995d,2,0.31416,0.6109,0.54727
instagram,dga_gnn,text,md_K1_matched,1,1,ef92d297995d,3,0.31162,0.60295,0.54226
instagram,dga_gnn,text,md_K1_matched,1,1,ef92d297995d,4,0.29022,0.60946,0.56591
instagram,dga_gnn,text,md_K1_matched,1,1,ef92d297995d,5,0.29238,0.61959,0.56408
instagram,dga_gnn,text,md_K1_matched,2,0,e402c1658867,1,0.35565,0.62944,0.5703
instagram,dga_gnn,text,md_K1_matched,2,0,e402c1658867,2,0.31676,0.61057,0.52852
instagram,dga_gnn,text,md_K1_matched,2,0,e402c1658867,3,0.30759,0.61442,0.57411
instagram,dga_gnn,text,md_K1_matched,2,0,e402c1658867,4,0.30645,0.62106,0.55697
instagram,dga_gnn,text,md_K1_matched,2,0,e402c1658867,5,0.28314,0.59672,0.55401
instagram,dga_gnn,text,md_K1_matched,2,1,3ef2c402f16d,1,0.3753,0.63144,0.54727
instagram,dga_gnn,text,md_K1_matched,2,1,3ef2c402f16d,2,0.31445,0.62088,0.55293
instagram,dga_gnn,text,md_K1_matched,2,1,3ef2c402f16d,3,0.30814,0.62011,0.56166
instagram,dga_gnn,text,md_K1_matched,2,1,3ef2c402f16d,4,0.30253,0.6059,0.56136
instagram,dga_gnn,text,md_K1_matched,2,1,3ef2c402f16d,5,0.28651,0.59924,0.55771
instagram,dga_gnn,text,md_K1_matched,3,0,fda3a153f5d7,1,0.35303,0.65405,0.59212
instagram,dga_gnn,text,md_K1_matched,3,0,fda3a153f5d7,2,0.32036,0.63729,0.56371
instagram,dga_gnn,text,md_K1_matched,3,0,fda3a153f5d7,3,0.30605,0.62281,0.5426
instagram,dga_gnn,text,md_K1_matched,3,0,fda3a153f5d7,4,0.3094,0.60769,0.54843
instagram,dga_gnn,text,md_K1_matched,3,0,fda3a153f5d7,5,0.29464,0.60594,0.55011
instagram,dga_gnn,text,md_K1_matched,3,1,9137eccffaf6,1,0.36632,0.63283,0.55286
instagram,dga_gnn,text,md_K1_matched,3,1,9137eccffaf6,2,0.31873,0.61979,0.55293
instagram,dga_gnn,text,md_K1_matched,3,1,9137eccffaf6,3,0.3002,0.58818,0.5154
instagram,dga_gnn,text,md_K1_matched,3,1,9137eccffaf6,4,0.3082,0.6019,0.54656
instagram,dga_gnn,text,md_K1_matched,3,1,9137eccffaf6,5,0.28672,0.62229,0.54886
instagram,gat,text,md_K1_matched,0,0,2be281e1f484,1,0.36642,0.6592,0.57382
instagram,gat,text,md_K1_matched,0,0,2be281e1f484,2,0.34297,0.61302,0.54727
instagram,gat,text,md_K1_matched,0,0,2be281e1f484,3,0.34812,0.62121,0.54981
instagram,gat,text,md_K1_matched,0,0,2be281e1f484,4,0.32356,0.57897,0.5335
instagram,gat,text,md_K1_matched,0,0,2be281e1f484,5,0.30959,0.58807,0.56458
instagram,gat,text,md_K1_matched,0,1,c8ba938ec11e,1,0.36663,0.66163,0.55583
instagram,gat,text,md_K1_matched,0,1,c8ba938ec11e,2,0.33548,0.61909,0.55496
instagram,gat,text,md_K1_matched,0,1,c8ba938ec11e,3,0.35107,0.61267,0.59731
instagram,gat,text,md_K1_matched,0,1,c8ba938ec11e,4,0.31416,0.5872,0.56348
instagram,gat,text,md_K1_matched,0,1,c8ba938ec11e,5,0.29965,0.58293,0.56166
instagram,gat,text,md_K1_matched,1,0,b844e03100eb,1,0.34712,0.65049,0.55141
instagram,gat,text,md_K1_matched,1,0,b844e03100eb,2,0.323,0.62823,0.56851
instagram,gat,text,md_K1_matched,1,0,b844e03100eb,3,0.32614,0.60078,0.57954
instagram,gat,text,md_K1_matched,1,0,b844e03100eb,4,0.31119,0.54628,0.54865
instagram,gat,text,md_K1_matched,1,0,b844e03100eb,5,0.33977,0.54903,0.54927
instagram,gat,text,md_K1_matched,1,1,8d6650412fb4,1,0.34564,0.64462,0.5507
instagram,gat,text,md_K1_matched,1,1,8d6650412fb4,2,0.316,0.47495,0.49922
instagram,gat,text,md_K1_matched,1,1,8d6650412fb4,3,0.34138,0.45187,0.52077
instagram,gat,text,md_K1_matched,1,1,8d6650412fb4,4,0.31019,0.53476,0.54072
instagram,gat,text,md_K1_matched,1,1,8d6650412fb4,5,0.31416,0.56689,0.54359
instagram,gat,text,md_K1_matched,2,0,962d0b7f8a4b,1,0.33876,0.6599,0.58963
instagram,gat,text,md_K1_matched,2,0,962d0b7f8a4b,2,0.331,0.64349,0.57059
instagram,gat,text,md_K1_matched,2,0,962d0b7f8a4b,3,0.30685,0.62444,0.57619
instagram,gat,text,md_K1_matched,2,0,962d0b7f8a4b,4,0.31382,0.64143,0.55909
instagram,gat,text,md_K1_matched,2,0,962d0b7f8a4b,5,0.29387,0.61082,0.57031
instagram,gat,text,md_K1_matched,2,1,87cab865b81f,1,0.33645,0.64693,0.58269
instagram,gat,text,md_K1_matched,2,1,87cab865b81f,2,0.33587,0.65105,0.5536
instagram,gat,text,md_K1_matched,2,1,87cab865b81f,3,0.31593,0.64354,0.58201
instagram,gat,text,md_K1_matched,2,1,87cab865b81f,4,0.31928,0.63627,0.57774
instagram,gat,text,md_K1_matched,2,1,87cab865b81f,5,0.30532,0.62431,0.5824
instagram,gat,text,md_K1_matched,3,0,abb8f4675b71,1,0.35163,0.64849,0.58269
instagram,gat,text,md_K1_matched,3,0,abb8f4675b71,2,0.33171,0.64647,0.57619
instagram,gat,text,md_K1_matched,3,0,abb8f4675b71,3,0.33222,0.63075,0.557
instagram,gat,text,md_K1_matched,3,0,abb8f4675b71,4,0.32413,0.64724,0.56748
instagram,gat,text,md_K1_matched,3,0,abb8f4675b71,5,0.31559,0.63787,0.58646
instagram,gat,text,md_K1_matched,3,1,162d66ec82dd,1,0.35731,0.63077,0.5783
instagram,gat,text,md_K1_matched,3,1,162d66ec82dd,2,0.32041,0.64341,0.56324
instagram,gat,text,md_K1_matched,3,1,162d66ec82dd,3,0.32721,0.62685,0.55612
instagram,gat,text,md_K1_matched,3,1,162d66ec82dd,4,0.2932,0.63573,0.56463
instagram,gat,text,md_K1_matched,3,1,162d66ec82dd,5,0.30741,0.58876,0.54094
instagram,gcn,text,md_K1_matched,0,0,c91adc76fd20,1,0.33823,0.67823,0.56897
instagram,gcn,text,md_K1_matched,0,0,c91adc76fd20,2,0.28307,0.65166,0.57803
instagram,gcn,text,md_K1_matched,0,0,c91adc76fd20,3,0.27169,0.62721,0.56169
instagram,gcn,text,md_K1_matched,0,0,c91adc76fd20,4,0.26264,0.60888,0.54324
instagram,gcn,text,md_K1_matched,0,0,c91adc76fd20,5,0.23961,0.60749,0.56057
instagram,gcn,text,md_K1_matched,0,1,5e33fa26e322,1,0.33396,0.67325,0.5814
instagram,gcn,text,md_K1_matched,0,1,5e33fa26e322,2,0.28259,0.64689,0.58622
instagram,gcn,text,md_K1_matched,0,1,5e33fa26e322,3,0.26962,0.62758,0.54311
instagram,gcn,text,md_K1_matched,0,1,5e33fa26e322,4,0.26622,0.60803,0.54544
instagram,gcn,text,md_K1_matched,0,1,5e33fa26e322,5,0.23915,0.60703,0.5443
instagram,gcn,text,md_K1_matched,1,0,6b15f29323d9,1,0.32525,0.6738,0.58785
instagram,gcn,text,md_K1_matched,1,0,6b15f29323d9,2,0.27548,0.64957,0.60045
instagram,gcn,text,md_K1_matched,1,0,6b15f29323d9,3,0.27656,0.63666,0.54178
instagram,gcn,text,md_K1_matched,1,0,6b15f29323d9,4,0.2496,0.61802,0.56057
instagram,gcn,text,md_K1_matched,1,0,6b15f29323d9,5,0.24595,0.59476,0.53082
instagram,gcn,text,md_K1_matched,1,1,f673271007bf,1,0.32657,0.65878,0.58533
instagram,gcn,text,md_K1_matched,1,1,f673271007bf,2,0.275,0.64404,0.58269
instagram,gcn,text,md_K1_matched,1,1,f673271007bf,3,0.27527,0.62348,0.55205
instagram,gcn,text,md_K1_matched,1,1,f673271007bf,4,0.24808,0.60849,0.55382
instagram,gcn,text,md_K1_matched,1,1,f673271007bf,5,0.24466,0.59295,0.53449
instagram,gcn,text,md_K1_matched,2,0,731de5600c6a,1,0.33283,0.6648,0.56548
instagram,gcn,text,md_K1_matched,2,0,731de5600c6a,2,0.28581,0.64235,0.57885
instagram,gcn,text,md_K1_matched,2,0,731de5600c6a,3,0.27544,0.63291,0.55294
instagram,gcn,text,md_K1_matched,2,0,731de5600c6a,4,0.25284,0.61677,0.55876
instagram,gcn,text,md_K1_matched,2,0,731de5600c6a,5,0.23631,0.61298,0.55652
instagram,gcn,text,md_K1_matched,2,1,3503119415d1,1,0.32625,0.65251,0.58273
instagram,gcn,text,md_K1_matched,2,1,3503119415d1,2,0.2882,0.63573,0.56916
instagram,gcn,text,md_K1_matched,2,1,3503119415d1,3,0.26723,0.6265,0.54758
instagram,gcn,text,md_K1_matched,2,1,3503119415d1,4,0.25108,0.60551,0.559
instagram,gcn,text,md_K1_matched,2,1,3503119415d1,5,0.2375,0.60701,0.54949
instagram,gcn,text,md_K1_matched,3,0,8c98614eb49d,1,0.33564,0.67667,0.5718
instagram,gcn,text,md_K1_matched,3,0,8c98614eb49d,2,0.29077,0.65859,0.56528
instagram,gcn,text,md_K1_matched,3,0,8c98614eb49d,3,0.26987,0.637,0.55277
instagram,gcn,text,md_K1_matched,3,0,8c98614eb49d,4,0.25531,0.62702,0.54324
instagram,gcn,text,md_K1_matched,3,0,8c98614eb49d,5,0.25609,0.60426,0.54125
instagram,gcn,text,md_K1_matched,3,1,7c2df1b4ce9a,1,0.33584,0.66288,0.57952
instagram,gcn,text,md_K1_matched,3,1,7c2df1b4ce9a,2,0.28769,0.65051,0.57059
instagram,gcn,text,md_K1_matched,3,1,7c2df1b4ce9a,3,0.26779,0.63333,0.55141
instagram,gcn,text,md_K1_matched,3,1,7c2df1b4ce9a,4,0.25927,0.61763,0.54216
instagram,gcn,text,md_K1_matched,3,1,7c2df1b4ce9a,5,0.2443,0.60773,0.5411
instagram,geniepath,text,md_K1_matched,0,0,c750348fecaa,1,0.3439,0.62466,0.55063
instagram,geniepath,text,md_K1_matched,0,0,c750348fecaa,2,0.2989,0.59491,0.52221
instagram,geniepath,text,md_K1_matched,0,0,c750348fecaa,3,0.28952,0.59005,0.53733
instagram,geniepath,text,md_K1_matched,0,0,c750348fecaa,4,0.2865,0.57302,0.52999
instagram,geniepath,text,md_K1_matched,0,0,c750348fecaa,5,0.25452,0.5644,0.52237
instagram,geniepath,text,md_K1_matched,0,1,ba71a30d4891,1,0.34237,0.61211,0.55034
instagram,geniepath,text,md_K1_matched,0,1,ba71a30d4891,2,0.29929,0.58749,0.52537
instagram,geniepath,text,md_K1_matched,0,1,ba71a30d4891,3,0.29135,0.58614,0.53993
instagram,geniepath,text,md_K1_matched,0,1,ba71a30d4891,4,0.2872,0.56894,0.52384
instagram,geniepath,text,md_K1_matched,0,1,ba71a30d4891,5,0.25493,0.56127,0.52326
instagram,geniepath,text,md_K1_matched,1,0,5562bf118dd4,1,0.36771,0.60117,0.52417
instagram,geniepath,text,md_K1_matched,1,0,5562bf118dd4,2,0.3024,0.59832,0.54066
instagram,geniepath,text,md_K1_matched,1,0,5562bf118dd4,3,0.31393,0.58224,0.50945
instagram,geniepath,text,md_K1_matched,1,0,5562bf118dd4,4,0.26964,0.57031,0.51726
instagram,geniepath,text,md_K1_matched,1,0,5562bf118dd4,5,0.28119,0.55673,0.51297
instagram,geniepath,text,md_K1_matched,1,1,572faaa9d6cc,1,0.36562,0.5902,0.54631
instagram,geniepath,text,md_K1_matched,1,1,572faaa9d6cc,2,0.29885,0.58949,0.52468
instagram,geniepath,text,md_K1_matched,1,1,572faaa9d6cc,3,0.30351,0.57581,0.5071
instagram,geniepath,text,md_K1_matched,1,1,572faaa9d6cc,4,0.26687,0.56669,0.51328
instagram,geniepath,text,md_K1_matched,1,1,572faaa9d6cc,5,0.27986,0.55232,0.51886
instagram,geniepath,text,md_K1_matched,2,0,fce034abce4e,1,0.38374,0.57277,0.50759
instagram,geniepath,text,md_K1_matched,2,0,fce034abce4e,2,0.31108,0.60609,0.54967
instagram,geniepath,text,md_K1_matched,2,0,fce034abce4e,3,0.28816,0.57314,0.52308
instagram,geniepath,text,md_K1_matched,2,0,fce034abce4e,4,0.26355,0.56006,0.51139
instagram,geniepath,text,md_K1_matched,2,0,fce034abce4e,5,0.2495,0.55819,0.52417
instagram,geniepath,text,md_K1_matched,2,1,e6ea069eb371,1,0.35933,0.60026,0.53231
instagram,geniepath,text,md_K1_matched,2,1,e6ea069eb371,2,0.30587,0.5862,0.53082
instagram,geniepath,text,md_K1_matched,2,1,e6ea069eb371,3,0.28857,0.56263,0.52489
instagram,geniepath,text,md_K1_matched,2,1,e6ea069eb371,4,0.261,0.55831,0.51662
instagram,geniepath,text,md_K1_matched,2,1,e6ea069eb371,5,0.24879,0.56673,0.52883
instagram,geniepath,text,md_K1_matched,3,0,b477ba5055c2,1,0.32737,0.60211,0.54274
instagram,geniepath,text,md_K1_matched,3,0,b477ba5055c2,2,0.30536,0.59624,0.48765
instagram,geniepath,text,md_K1_matched,3,0,b477ba5055c2,3,0.29093,0.60774,0.5612
instagram,geniepath,text,md_K1_matched,3,0,b477ba5055c2,4,0.29354,0.57568,0.5187
instagram,geniepath,text,md_K1_matched,3,0,b477ba5055c2,5,0.26798,0.55794,0.51398
instagram,geniepath,text,md_K1_matched,3,1,5bc711dcc8e4,1,0.32998,0.58683,0.53266
instagram,geniepath,text,md_K1_matched,3,1,5bc711dcc8e4,2,0.30144,0.58499,0.54069
instagram,geniepath,text,md_K1_matched,3,1,5bc711dcc8e4,3,0.27644,0.57606,0.52309
instagram,geniepath,text,md_K1_matched,3,1,5bc711dcc8e4,4,0.26695,0.56612,0.51271
instagram,geniepath,text,md_K1_matched,3,1,5bc711dcc8e4,5,0.26639,0.55638,0.51869
instagram,pmp,text,md_K1_matched,0,0,46bf2b51b242,1,0.35615,0.63941,0.54769
instagram,pmp,text,md_K1_matched,0,0,46bf2b51b242,2,0.31423,0.63271,0.57814
instagram,pmp,text,md_K1_matched,0,0,46bf2b51b242,3,0.30026,0.5983,0.55809
instagram,pmp,text,md_K1_matched,0,0,46bf2b51b242,4,0.29324,0.58251,0.57513
instagram,pmp,text,md_K1_matched,0,0,46bf2b51b242,5,0.25563,0.5771,0.54927
instagram,pmp,text,md_K1_matched,0,1,54bbbc08e95b,1,0.35071,0.65214,0.57119
instagram,pmp,text,md_K1_matched,0,1,54bbbc08e95b,2,0.30298,0.61496,0.56803
instagram,pmp,text,md_K1_matched,0,1,54bbbc08e95b,3,0.28893,0.59543,0.56785
instagram,pmp,text,md_K1_matched,0,1,54bbbc08e95b,4,0.29537,0.60363,0.5653
instagram,pmp,text,md_K1_matched,0,1,54bbbc08e95b,5,0.24847,0.58666,0.557
instagram,pmp,text,md_K1_matched,1,0,090a8bf2a8bd,1,0.35203,0.63858,0.55942
instagram,pmp,text,md_K1_matched,1,0,090a8bf2a8bd,2,0.29885,0.61521,0.56245
instagram,pmp,text,md_K1_matched,1,0,090a8bf2a8bd,3,0.29495,0.58331,0.54822
instagram,pmp,text,md_K1_matched,1,0,090a8bf2a8bd,4,0.26559,0.56727,0.54601
instagram,pmp,text,md_K1_matched,1,0,090a8bf2a8bd,5,0.27572,0.51887,0.53703
instagram,pmp,text,md_K1_matched,1,1,91e13ab4ecea,1,0.34525,0.63614,0.55621
instagram,pmp,text,md_K1_matched,1,1,91e13ab4ecea,2,0.28735,0.62211,0.55997
instagram,pmp,text,md_K1_matched,1,1,91e13ab4ecea,3,0.29343,0.5906,0.54915
instagram,pmp,text,md_K1_matched,1,1,91e13ab4ecea,4,0.26788,0.56883,0.56057
instagram,pmp,text,md_K1_matched,1,1,91e13ab4ecea,5,0.27381,0.55879,0.56463
instagram,pmp,text,md_K1_matched,2,0,d7827308ecb2,1,0.35269,0.62046,0.55741
instagram,pmp,text,md_K1_matched,2,0,d7827308ecb2,2,0.30242,0.61594,0.55997
instagram,pmp,text,md_K1_matched,2,0,d7827308ecb2,3,0.28819,0.60363,0.55518
instagram,pmp,text,md_K1_matched,2,0,d7827308ecb2,4,0.27491,0.58151,0.57878
instagram,pmp,text,md_K1_matched,2,0,d7827308ecb2,5,0.2544,0.56654,0.54163
instagram,pmp,text,md_K1_matched,2,1,97a333a59d66,1,0.34036,0.65414,0.57271
instagram,pmp,text,md_K1_matched,2,1,97a333a59d66,2,0.30197,0.6246,0.57644
instagram,pmp,text,md_K1_matched,2,1,97a333a59d66,3,0.29099,0.59282,0.56627
instagram,pmp,text,md_K1_matched,2,1,97a333a59d66,4,0.27183,0.57141,0.54274
instagram,pmp,text,md_K1_matched,2,1,97a333a59d66,5,0.25487,0.57239,0.54161
instagram,pmp,text,md_K1_matched,3,0,0c426bf96035,1,0.36118,0.6255,0.55456
instagram,pmp,text,md_K1_matched,3,0,0c426bf96035,2,0.30375,0.55683,0.53776
instagram,pmp,text,md_K1_matched,3,0,0c426bf96035,3,0.28684,0.58597,0.54078
instagram,pmp,text,md_K1_matched,3,0,0c426bf96035,4,0.26889,0.58033,0.55318
instagram,pmp,text,md_K1_matched,3,0,0c426bf96035,5,0.26465,0.5922,0.53403
instagram,pmp,text,md_K1_matched,3,1,eefd707d495f,1,0.34773,0.65257,0.57161
instagram,pmp,text,md_K1_matched,3,1,eefd707d495f,2,0.30734,0.61761,0.55173
instagram,pmp,text,md_K1_matched,3,1,eefd707d495f,3,0.28517,0.59262,0.55518
instagram,pmp,text,md_K1_matched,3,1,eefd707d495f,4,0.27627,0.58922,0.53505
instagram,pmp,text,md_K1_matched,3,1,eefd707d495f,5,0.26745,0.56625,0.53356
reddit,bwgnn,text,md_K1_matched,0,0,4076964d0c0b,1,0.33533,0.62163,0.55141
reddit,bwgnn,text,md_K1_matched,0,0,4076964d0c0b,2,0.28595,0.64518,0.55315
reddit,bwgnn,text,md_K1_matched,0,0,4076964d0c0b,3,0.2699,0.58525,0.53501
reddit,bwgnn,text,md_K1_matched,0,0,4076964d0c0b,4,0.25817,0.60513,0.55322
reddit,bwgnn,text,md_K1_matched,0,0,4076964d0c0b,5,0.22939,0.61479,0.54389
reddit,bwgnn,text,md_K1_matched,0,1,9fb8df0395bf,1,0.32488,0.64114,0.56156
reddit,bwgnn,text,md_K1_matched,0,1,9fb8df0395bf,2,0.283,0.64797,0.55302
reddit,bwgnn,text,md_K1_matched,0,1,9fb8df0395bf,3,0.27346,0.61781,0.53627
reddit,bwgnn,text,md_K1_matched,0,1,9fb8df0395bf,4,0.24212,0.61604,0.56329
reddit,bwgnn,text,md_K1_matched,0,1,9fb8df0395bf,5,0.18657,0.60424,0.55309
reddit,bwgnn,text,md_K1_matched,1,0,4959b8770dad,1,0.32083,0.63944,0.53346
reddit,bwgnn,text,md_K1_matched,1,0,4959b8770dad,2,0.28061,0.62417,0.54489
reddit,bwgnn,text,md_K1_matched,1,0,4959b8770dad,3,0.2788,0.61741,0.55825
reddit,bwgnn,text,md_K1_matched,1,0,4959b8770dad,4,0.23772,0.6301,0.54334
reddit,bwgnn,text,md_K1_matched,1,0,4959b8770dad,5,0.19939,0.60136,0.55966
reddit,bwgnn,text,md_K1_matched,1,1,3ef71ac52018,1,0.33825,0.59537,0.52255
reddit,bwgnn,text,md_K1_matched,1,1,3ef71ac52018,2,0.29258,0.62327,0.54063
reddit,bwgnn,text,md_K1_matched,1,1,3ef71ac52018,3,0.26317,0.55038,0.52715
reddit,bwgnn,text,md_K1_matched,1,1,3ef71ac52018,4,0.25848,0.6439,0.55357
reddit,bwgnn,text,md_K1_matched,1,1,3ef71ac52018,5,0.2199,0.62077,0.54953
reddit,bwgnn,text,md_K1_matched,2,0,65f75ba6f945,1,0.33693,0.62743,0.54846
reddit,bwgnn,text,md_K1_matched,2,0,65f75ba6f945,2,0.28062,0.58612,0.54875
reddit,bwgnn,text,md_K1_matched,2,0,65f75ba6f945,3,0.26769,0.58638,0.55352
reddit,bwgnn,text,md_K1_matched,2,0,65f75ba6f945,4,0.25598,0.63995,0.56291
reddit,bwgnn,text,md_K1_matched,2,0,65f75ba6f945,5,0.21258,0.62477,0.54481
reddit,bwgnn,text,md_K1_matched,2,1,05c9f5e23045,1,0.32945,0.62657,0.56283
reddit,bwgnn,text,md_K1_matched,2,1,05c9f5e23045,2,0.28161,0.56118,0.55346
reddit,bwgnn,text,md_K1_matched,2,1,05c9f5e23045,3,0.25899,0.59723,0.52438
reddit,bwgnn,text,md_K1_matched,2,1,05c9f5e23045,4,0.23,0.57096,0.54888
reddit,bwgnn,text,md_K1_matched,2,1,05c9f5e23045,5,0.19852,0.60437,0.54886
reddit,bwgnn,text,md_K1_matched,3,0,9f6ca69596c8,1,0.32223,0.64286,0.53631
reddit,bwgnn,text,md_K1_matched,3,0,9f6ca69596c8,2,0.28232,0.64304,0.56292
reddit,bwgnn,text,md_K1_matched,3,0,9f6ca69596c8,3,0.2657,0.64203,0.55046
reddit,bwgnn,text,md_K1_matched,3,0,9f6ca69596c8,4,0.25482,0.60619,0.55306
reddit,bwgnn,text,md_K1_matched,3,0,9f6ca69596c8,5,0.24633,0.63133,0.54387
reddit,bwgnn,text,md_K1_matched,3,1,a5aa9a6ee02a,1,0.32062,0.62925,0.53608
reddit,bwgnn,text,md_K1_matched,3,1,a5aa9a6ee02a,2,0.28508,0.63651,0.55518
reddit,bwgnn,text,md_K1_matched,3,1,a5aa9a6ee02a,3,0.2725,0.59567,0.54925
reddit,bwgnn,text,md_K1_matched,3,1,a5aa9a6ee02a,4,0.26314,0.68155,0.5838
reddit,bwgnn,text,md_K1_matched,3,1,a5aa9a6ee02a,5,0.23284,0.63707,0.55272
reddit,care_gnn,text,md_K1_matched,0,0,9e3679dddfa4,1,0.32036,0.62225,0.524
reddit,care_gnn,text,md_K1_matched,0,0,9e3679dddfa4,2,0.28876,0.62269,0.50862
reddit,care_gnn,text,md_K1_matched,0,0,9e3679dddfa4,3,0.26624,0.63013,0.52266
reddit,care_gnn,text,md_K1_matched,0,0,9e3679dddfa4,4,0.24289,0.61652,0.51312
reddit,care_gnn,text,md_K1_matched,0,0,9e3679dddfa4,5,0.21451,0.61763,0.51392
reddit,care_gnn,text,md_K1_matched,0,1,7dc7d0800d73,1,0.32706,0.61698,0.52507
reddit,care_gnn,text,md_K1_matched,0,1,7dc7d0800d73,2,0.29014,0.62231,0.51947
reddit,care_gnn,text,md_K1_matched,0,1,7dc7d0800d73,3,0.26974,0.62609,0.51472
reddit,care_gnn,text,md_K1_matched,0,1,7dc7d0800d73,4,0.25352,0.6157,0.51381
reddit,care_gnn,text,md_K1_matched,0,1,7dc7d0800d73,5,0.22885,0.62632,0.5171
reddit,care_gnn,text,md_K1_matched,1,0,d0a9825a5cfe,1,0.32554,0.59504,0.50969
reddit,care_gnn,text,md_K1_matched,1,0,d0a9825a5cfe,2,0.28626,0.62634,0.52582
reddit,care_gnn,text,md_K1_matched,1,0,d0a9825a5cfe,3,0.26611,0.62688,0.52821
reddit,care_gnn,text,md_K1_matched,1,0,d0a9825a5cfe,4,0.24919,0.6209,0.50684
reddit,care_gnn,text,md_K1_matched,1,0,d0a9825a5cfe,5,0.21954,0.62495,0.51685
reddit,care_gnn,text,md_K1_matched,1,1,6b3caf456856,1,0.3315,0.5851,0.5084
reddit,care_gnn,text,md_K1_matched,1,1,6b3caf456856,2,0.28594,0.63214,0.52511
reddit,care_gnn,text,md_K1_matched,1,1,6b3caf456856,3,0.26375,0.63377,0.53727
reddit,care_gnn,text,md_K1_matched,1,1,6b3caf456856,4,0.24478,0.62126,0.51616
reddit,care_gnn,text,md_K1_matched,1,1,6b3caf456856,5,0.21253,0.62293,0.5145
reddit,care_gnn,text,md_K1_matched,2,0,214eef8de59f,1,0.325,0.60894,0.51635
reddit,care_gnn,text,md_K1_matched,2,0,214eef8de59f,2,0.28396,0.62293,0.5386
reddit,care_gnn,text,md_K1_matched,2,0,214eef8de59f,3,0.2644,0.62443,0.52414
reddit,care_gnn,text,md_K1_matched,2,0,214eef8de59f,4,0.24245,0.63701,0.52619
reddit,care_gnn,text,md_K1_matched,2,0,214eef8de59f,5,0.22276,0.63173,0.5162
reddit,care_gnn,text,md_K1_matched,2,1,db8f0a1dc027,1,0.33262,0.61097,0.53145
reddit,care_gnn,text,md_K1_matched,2,1,db8f0a1dc027,2,0.28437,0.63703,0.54133
reddit,care_gnn,text,md_K1_matched,2,1,db8f0a1dc027,3,0.26283,0.63334,0.52243
reddit,care_gnn,text,md_K1_matched,2,1,db8f0a1dc027,4,0.23755,0.64131,0.531
reddit,care_gnn,text,md_K1_matched,2,1,db8f0a1dc027,5,0.21929,0.63271,0.52205
reddit,care_gnn,text,md_K1_matched,3,0,b340040cbdb5,1,0.32437,0.60409,0.52389
reddit,care_gnn,text,md_K1_matched,3,0,b340040cbdb5,2,0.2862,0.62896,0.52021
reddit,care_gnn,text,md_K1_matched,3,0,b340040cbdb5,3,0.2686,0.63699,0.51548
reddit,care_gnn,text,md_K1_matched,3,0,b340040cbdb5,4,0.24236,0.61738,0.50684
reddit,care_gnn,text,md_K1_matched,3,0,b340040cbdb5,5,0.22036,0.60799,0.52079
reddit,care_gnn,text,md_K1_matched,3,1,39fd7ef1bd4b,1,0.33153,0.60669,0.50327
reddit,care_gnn,text,md_K1_matched,3,1,39fd7ef1bd4b,2,0.28297,0.62949,0.53057
reddit,care_gnn,text,md_K1_matched,3,1,39fd7ef1bd4b,3,0.26441,0.63802,0.5349
reddit,care_gnn,text,md_K1_matched,3,1,39fd7ef1bd4b,4,0.2362,0.62128,0.50726
reddit,care_gnn,text,md_K1_matched,3,1,39fd7ef1bd4b,5,0.21584,0.64069,0.52603
reddit,dga_gnn,text,md_K1_matched,0,0,bb66e3835a42,1,0.33518,0.61522,0.50507
reddit,dga_gnn,text,md_K1_matched,0,0,bb66e3835a42,2,0.30656,0.60733,0.52928
reddit,dga_gnn,text,md_K1_matched,0,0,bb66e3835a42,3,0.29066,0.64143,0.54687
reddit,dga_gnn,text,md_K1_matched,0,0,bb66e3835a42,4,0.283,0.62772,0.54362
reddit,dga_gnn,text,md_K1_matched,0,0,bb66e3835a42,5,0.26863,0.6274,0.53933
reddit,dga_gnn,text,md_K1_matched,0,1,852273478ea0,1,0.34256,0.634,0.53845
reddit,dga_gnn,text,md_K1_matched,0,1,852273478ea0,2,0.30536,0.62744,0.50481
reddit,dga_gnn,text,md_K1_matched,0,1,852273478ea0,3,0.29246,0.653,0.54111
reddit,dga_gnn,text,md_K1_matched,0,1,852273478ea0,4,0.29117,0.64034,0.53138
reddit,dga_gnn,text,md_K1_matched,0,1,852273478ea0,5,0.27508,0.61734,0.52568
reddit,dga_gnn,text,md_K1_matched,1,0,193ba63347ca,1,0.33068,0.60604,0.49447
reddit,dga_gnn,text,md_K1_matched,1,0,193ba63347ca,2,0.30886,0.65363,0.54844
reddit,dga_gnn,text,md_K1_matched,1,0,193ba63347ca,3,0.29313,0.62666,0.53027
reddit,dga_gnn,text,md_K1_matched,1,0,193ba63347ca,4,0.28497,0.63502,0.54587
reddit,dga_gnn,text,md_K1_matched,1,0,193ba63347ca,5,0.27248,0.64618,0.54878
reddit,dga_gnn,text,md_K1_matched,1,1,cf0e5c394a4e,1,0.34036,0.61056,0.51971
reddit,dga_gnn,text,md_K1_matched,1,1,cf0e5c394a4e,2,0.30988,0.63351,0.52428
reddit,dga_gnn,text,md_K1_matched,1,1,cf0e5c394a4e,3,0.30195,0.56381,0.50305
reddit,dga_gnn,text,md_K1_matched,1,1,cf0e5c394a4e,4,0.29386,0.59188,0.52777
reddit,dga_gnn,text,md_K1_matched,1,1,cf0e5c394a4e,5,0.28386,0.62582,0.51832
reddit,dga_gnn,text,md_K1_matched,2,0,609e3634f221,1,0.34058,0.64047,0.53563
reddit,dga_gnn,text,md_K1_matched,2,0,609e3634f221,2,0.30806,0.62484,0.53494
reddit,dga_gnn,text,md_K1_matched,2,0,609e3634f221,3,0.30267,0.64776,0.51021
reddit,dga_gnn,text,md_K1_matched,2,0,609e3634f221,4,0.28485,0.64683,0.51588
reddit,dga_gnn,text,md_K1_matched,2,0,609e3634f221,5,0.27728,0.65109,0.53092
reddit,dga_gnn,text,md_K1_matched,2,1,a9d131982cd3,1,0.34197,0.64574,0.53098
reddit,dga_gnn,text,md_K1_matched,2,1,a9d131982cd3,2,0.308,0.64801,0.54297
reddit,dga_gnn,text,md_K1_matched,2,1,a9d131982cd3,3,0.29663,0.65888,0.52063
reddit,dga_gnn,text,md_K1_matched,2,1,a9d131982cd3,4,0.28094,0.63943,0.52969
reddit,dga_gnn,text,md_K1_matched,2,1,a9d131982cd3,5,0.27164,0.6557,0.53649
reddit,dga_gnn,text,md_K1_matched,3,0,6e4981649079,1,0.33575,0.56649,0.51083
reddit,dga_gnn,text,md_K1_matched,3,0,6e4981649079,2,0.31396,0.63648,0.53444
reddit,dga_gnn,text,md_K1_matched,3,0,6e4981649079,3,0.29573,0.65091,0.51855
reddit,dga_gnn,text,md_K1_matched,3,0,6e4981649079,4,0.28977,0.64071,0.54583
reddit,dga_gnn,text,md_K1_matched,3,0,6e4981649079,5,0.27916,0.63607,0.53448
reddit,dga_gnn,text,md_K1_matched,3,1,935d4bd998da,1,0.34719,0.60355,0.49886
reddit,dga_gnn,text,md_K1_matched,3,1,935d4bd998da,2,0.31485,0.61434,0.50938
reddit,dga_gnn,text,md_K1_matched,3,1,935d4bd998da,3,0.30312,0.62538,0.48964
reddit,dga_gnn,text,md_K1_matched,3,1,935d4bd998da,4,0.29323,0.63822,0.49673
reddit,dga_gnn,text,md_K1_matched,3,1,935d4bd998da,5,0.2833,0.62925,0.51623
reddit,gat,text,md_K1_matched,0,0,44ea264ac99f,1,0.33265,0.66566,0.53265
reddit,gat,text,md_K1_matched,0,0,44ea264ac99f,2,0.32942,0.6722,0.53419
reddit,gat,text,md_K1_matched,0,0,44ea264ac99f,3,0.30124,0.67662,0.5568
reddit,gat,text,md_K1_matched,0,0,44ea264ac99f,4,0.31244,0.65682,0.53702
reddit,gat,text,md_K1_matched,0,0,44ea264ac99f,5,0.28038,0.6878,0.57755
reddit,gat,text,md_K1_matched,0,1,a21b682429c6,1,0.32882,0.67102,0.54814
reddit,gat,text,md_K1_matched,0,1,a21b682429c6,2,0.32699,0.64426,0.53411
reddit,gat,text,md_K1_matched,0,1,a21b682429c6,3,0.30607,0.67587,0.56766
reddit,gat,text,md_K1_matched,0,1,a21b682429c6,4,0.29356,0.6413,0.53079
reddit,gat,text,md_K1_matched,0,1,a21b682429c6,5,0.27113,0.66026,0.56149
reddit,gat,text,md_K1_matched,1,0,858070174d7b,1,0.34083,0.65976,0.5462
reddit,gat,text,md_K1_matched,1,0,858070174d7b,2,0.31961,0.6802,0.56023
reddit,gat,text,md_K1_matched,1,0,858070174d7b,3,0.29318,0.65211,0.54757
reddit,gat,text,md_K1_matched,1,0,858070174d7b,4,0.30446,0.65518,0.55154
reddit,gat,text,md_K1_matched,1,0,858070174d7b,5,0.27369,0.67069,0.56386
reddit,gat,text,md_K1_matched,1,1,dd83b3a371e2,1,0.32967,0.64996,0.53635
reddit,gat,text,md_K1_matched,1,1,dd83b3a371e2,2,0.31973,0.68881,0.55068
reddit,gat,text,md_K1_matched,1,1,dd83b3a371e2,3,0.29476,0.65101,0.53097
reddit,gat,text,md_K1_matched,1,1,dd83b3a371e2,4,0.29951,0.66402,0.56484
reddit,gat,text,md_K1_matched,1,1,dd83b3a371e2,5,0.27161,0.66544,0.55769
reddit,gat,text,md_K1_matched,2,0,12e29185c591,1,0.33571,0.63342,0.5566
reddit,gat,text,md_K1_matched,2,0,12e29185c591,2,0.31798,0.64386,0.54061
reddit,gat,text,md_K1_matched,2,0,12e29185c591,3,0.29744,0.62075,0.51189
reddit,gat,text,md_K1_matched,2,0,12e29185c591,4,0.29811,0.66204,0.5457
reddit,gat,text,md_K1_matched,2,0,12e29185c591,5,0.28294,0.66862,0.54622
reddit,gat,text,md_K1_matched,2,1,e4b6d93087a4,1,0.33866,0.65633,0.53995
reddit,gat,text,md_K1_matched,2,1,e4b6d93087a4,2,0.30477,0.6495,0.53864
reddit,gat,text,md_K1_matched,2,1,e4b6d93087a4,3,0.3065,0.65703,0.54755
reddit,gat,text,md_K1_matched,2,1,e4b6d93087a4,4,0.30076,0.65206,0.54541
reddit,gat,text,md_K1_matched,2,1,e4b6d93087a4,5,0.28009,0.65485,0.55063
reddit,gat,text,md_K1_matched,3,0,151720e70418,1,0.33654,0.66138,0.55503
reddit,gat,text,md_K1_matched,3,0,151720e70418,2,0.31997,0.65459,0.54104
reddit,gat,text,md_K1_matched,3,0,151720e70418,3,0.31506,0.67017,0.55174
reddit,gat,text,md_K1_matched,3,0,151720e70418,4,0.28649,0.64181,0.53646
reddit,gat,text,md_K1_matched,3,0,151720e70418,5,0.27681,0.65279,0.52955
reddit,gat,text,md_K1_matched,3,1,c3871ed935dd,1,0.33593,0.6522,0.53543
reddit,gat,text,md_K1_matched,3,1,c3871ed935dd,2,0.32375,0.66896,0.54079
reddit,gat,text,md_K1_matched,3,1,c3871ed935dd,3,0.3045,0.66645,0.55631
reddit,gat,text,md_K1_matched,3,1,c3871ed935dd,4,0.2818,0.65697,0.5388
reddit,gat,text,md_K1_matched,3,1,c3871ed935dd,5,0.27149,0.67295,0.55042
reddit,gcn,text,md_K1_matched,0,0,d0f5cda13edd,1,0.32655,0.58326,0.5291
reddit,gcn,text,md_K1_matched,0,0,d0f5cda13edd,2,0.28335,0.59587,0.51739
reddit,gcn,text,md_K1_matched,0,0,d0f5cda13edd,3,0.26848,0.60592,0.51987
reddit,gcn,text,md_K1_matched,0,0,d0f5cda13edd,4,0.25599,0.59951,0.53625
reddit,gcn,text,md_K1_matched,0,0,d0f5cda13edd,5,0.24343,0.61388,0.54387
reddit,gcn,text,md_K1_matched,0,1,6d0af6426a10,1,0.32812,0.58519,0.53327
reddit,gcn,text,md_K1_matched,0,1,6d0af6426a10,2,0.28377,0.60587,0.52458
reddit,gcn,text,md_K1_matched,0,1,6d0af6426a10,3,0.26632,0.60981,0.53006
reddit,gcn,text,md_K1_matched,0,1,6d0af6426a10,4,0.25523,0.60939,0.53044
reddit,gcn,text,md_K1_matched,0,1,6d0af6426a10,5,0.24287,0.61124,0.53627
reddit,gcn,text,md_K1_matched,1,0,eb58682b89f6,1,0.33293,0.56823,0.53512
reddit,gcn,text,md_K1_matched,1,0,eb58682b89f6,2,0.28004,0.61391,0.53193
reddit,gcn,text,md_K1_matched,1,0,eb58682b89f6,3,0.26583,0.59625,0.5365
reddit,gcn,text,md_K1_matched,1,0,eb58682b89f6,4,0.25773,0.60222,0.54306
reddit,gcn,text,md_K1_matched,1,0,eb58682b89f6,5,0.24633,0.61331,0.53852
reddit,gcn,text,md_K1_matched,1,1,bfa043ee2bbf,1,0.33164,0.58168,0.53608
reddit,gcn,text,md_K1_matched,1,1,bfa043ee2bbf,2,0.27966,0.61276,0.53615
reddit,gcn,text,md_K1_matched,1,1,bfa043ee2bbf,3,0.26826,0.5838,0.52832
reddit,gcn,text,md_K1_matched,1,1,bfa043ee2bbf,4,0.25881,0.60253,0.53538
reddit,gcn,text,md_K1_matched,1,1,bfa043ee2bbf,5,0.24504,0.61165,0.53779
reddit,gcn,text,md_K1_matched,2,0,ec3524ff2005,1,0.3349,0.58806,0.53647
reddit,gcn,text,md_K1_matched,2,0,ec3524ff2005,2,0.28209,0.60884,0.52469
reddit,gcn,text,md_K1_matched,2,0,ec3524ff2005,3,0.26435,0.60823,0.51894
reddit,gcn,text,md_K1_matched,2,0,ec3524ff2005,4,0.25829,0.62076,0.54982
reddit,gcn,text,md_K1_matched,2,0,ec3524ff2005,5,0.2461,0.61741,0.53647
reddit,gcn,text,md_K1_matched,2,1,98d9a7df7efa,1,0.33343,0.59038,0.53615
reddit,gcn,text,md_K1_matched,2,1,98d9a7df7efa,2,0.28033,0.61675,0.54351
reddit,gcn,text,md_K1_matched,2,1,98d9a7df7efa,3,0.26697,0.6126,0.53501
reddit,gcn,text,md_K1_matched,2,1,98d9a7df7efa,4,0.25491,0.61272,0.54465
reddit,gcn,text,md_K1_matched,2,1,98d9a7df7efa,5,0.24802,0.61353,0.53231
reddit,gcn,text,md_K1_matched,3,0,07d993d56307,1,0.33146,0.57525,0.52852
reddit,gcn,text,md_K1_matched,3,0,07d993d56307,2,0.27795,0.60645,0.52985
reddit,gcn,text,md_K1_matched,3,0,07d993d56307,3,0.26839,0.60828,0.52923
reddit,gcn,text,md_K1_matched,3,0,07d993d56307,4,0.24935,0.60971,0.53486
reddit,gcn,text,md_K1_matched,3,0,07d993d56307,5,0.24535,0.61031,0.54079
reddit,gcn,text,md_K1_matched,3,1,a6e7c1f6c30a,1,0.32851,0.56049,0.51675
reddit,gcn,text,md_K1_matched,3,1,a6e7c1f6c30a,2,0.27918,0.60404,0.52486
reddit,gcn,text,md_K1_matched,3,1,a6e7c1f6c30a,3,0.26837,0.60953,0.54043
reddit,gcn,text,md_K1_matched,3,1,a6e7c1f6c30a,4,0.25243,0.61335,0.54476
reddit,gcn,text,md_K1_matched,3,1,a6e7c1f6c30a,5,0.2425,0.61315,0.54899
reddit,geniepath,text,md_K1_matched,0,0,1f6b4a863a73,1,0.33104,0.6006,0.53293
reddit,geniepath,text,md_K1_matched,0,0,1f6b4a863a73,2,0.33464,0.5562,0.52692
reddit,geniepath,text,md_K1_matched,0,0,1f6b4a863a73,3,0.29811,0.56435,0.5268
reddit,geniepath,text,md_K1_matched,0,0,1f6b4a863a73,4,0.28363,0.60076,0.53408
reddit,geniepath,text,md_K1_matched,0,0,1f6b4a863a73,5,0.26449,0.62728,0.55081
reddit,geniepath,text,md_K1_matched,0,1,602916571369,1,0.34211,0.5969,0.50805
reddit,geniepath,text,md_K1_matched,0,1,602916571369,2,0.29509,0.59783,0.53444
reddit,geniepath,text,md_K1_matched,0,1,602916571369,3,0.27315,0.58896,0.52562
reddit,geniepath,text,md_K1_matched,0,1,602916571369,4,0.26646,0.61172,0.5447
reddit,geniepath,text,md_K1_matched,0,1,602916571369,5,0.26344,0.59136,0.53352
reddit,geniepath,text,md_K1_matched,1,0,6388808fb4a4,1,0.33942,0.60674,0.54121
reddit,geniepath,text,md_K1_matched,1,0,6388808fb4a4,2,0.3096,0.58131,0.52497
reddit,geniepath,text,md_K1_matched,1,0,6388808fb4a4,3,0.2901,0.60444,0.47622
reddit,geniepath,text,md_K1_matched,1,0,6388808fb4a4,4,0.30757,0.61197,0.52562
reddit,geniepath,text,md_K1_matched,1,0,6388808fb4a4,5,0.2737,0.5929,0.53438
reddit,geniepath,text,md_K1_matched,1,1,6e6faf002e87,1,0.34591,0.60385,0.54237
reddit,geniepath,text,md_K1_matched,1,1,6e6faf002e87,2,0.31329,0.60409,0.54667
reddit,geniepath,text,md_K1_matched,1,1,6e6faf002e87,3,0.29502,0.61831,0.49253
reddit,geniepath,text,md_K1_matched,1,1,6e6faf002e87,4,0.30609,0.62251,0.55256
reddit,geniepath,text,md_K1_matched,1,1,6e6faf002e87,5,0.27154,0.60438,0.53857
reddit,geniepath,text,md_K1_matched,2,0,47ac490f1ec8,1,0.34154,0.60935,0.54297
reddit,geniepath,text,md_K1_matched,2,0,47ac490f1ec8,2,0.29396,0.61315,0.55439
reddit,geniepath,text,md_K1_matched,2,0,47ac490f1ec8,3,0.28554,0.59899,0.53076
reddit,geniepath,text,md_K1_matched,2,0,47ac490f1ec8,4,0.2925,0.60025,0.53752
reddit,geniepath,text,md_K1_matched,2,0,47ac490f1ec8,5,0.28034,0.60923,0.54455
reddit,geniepath,text,md_K1_matched,2,1,dbc5efd71253,1,0.35494,0.61268,0.53884
reddit,geniepath,text,md_K1_matched,2,1,dbc5efd71253,2,0.3086,0.60448,0.54716
reddit,geniepath,text,md_K1_matched,2,1,dbc5efd71253,3,0.29466,0.60719,0.53774
reddit,geniepath,text,md_K1_matched,2,1,dbc5efd71253,4,0.28935,0.63279,0.53543
reddit,geniepath,text,md_K1_matched,2,1,dbc5efd71253,5,0.28697,0.63617,0.55245
reddit,geniepath,text,md_K1_matched,3,0,e4a18c5eb78b,1,0.35256,0.60001,0.52542
reddit,geniepath,text,md_K1_matched,3,0,e4a18c5eb78b,2,0.30169,0.59918,0.52673
reddit,geniepath,text,md_K1_matched,3,0,e4a18c5eb78b,3,0.282,0.59671,0.53558
reddit,geniepath,text,md_K1_matched,3,0,e4a18c5eb78b,4,0.26726,0.59691,0.53615
reddit,geniepath,text,md_K1_matched,3,0,e4a18c5eb78b,5,0.27199,0.59484,0.53501
reddit,geniepath,text,md_K1_matched,3,1,a2bbcdcc6807,1,0.3633,0.61883,0.52711
reddit,geniepath,text,md_K1_matched,3,1,a2bbcdcc6807,2,0.30798,0.60785,0.53082
reddit,geniepath,text,md_K1_matched,3,1,a2bbcdcc6807,3,0.2826,0.6122,0.54776
reddit,geniepath,text,md_K1_matched,3,1,a2bbcdcc6807,4,0.27948,0.61061,0.54223
reddit,geniepath,text,md_K1_matched,3,1,a2bbcdcc6807,5,0.2854,0.55007,0.52857
reddit,pmp,text,md_K1_matched,0,0,d6eedf7d1a34,1,0.33402,0.64574,0.53265
reddit,pmp,text,md_K1_matched,0,0,d6eedf7d1a34,2,0.29714,0.61895,0.53977
reddit,pmp,text,md_K1_matched,0,0,d6eedf7d1a34,3,0.27675,0.63821,0.54184
reddit,pmp,text,md_K1_matched,0,0,d6eedf7d1a34,4,0.26992,0.6048,0.51453
reddit,pmp,text,md_K1_matched,0,0,d6eedf7d1a34,5,0.2465,0.61886,0.54485
reddit,pmp,text,md_K1_matched,0,1,fdc14abafa00,1,0.32848,0.63582,0.52475
reddit,pmp,text,md_K1_matched,0,1,fdc14abafa00,2,0.29806,0.61762,0.51921
reddit,pmp,text,md_K1_matched,0,1,fdc14abafa00,3,0.27555,0.61574,0.52001
reddit,pmp,text,md_K1_matched,0,1,fdc14abafa00,4,0.27045,0.60586,0.52152
reddit,pmp,text,md_K1_matched,0,1,fdc14abafa00,5,0.24248,0.60559,0.5286
reddit,pmp,text,md_K1_matched,1,0,eb7003b9443e,1,0.33971,0.60778,0.51739
reddit,pmp,text,md_K1_matched,1,0,eb7003b9443e,2,0.29314,0.62365,0.52436
reddit,pmp,text,md_K1_matched,1,0,eb7003b9443e,3,0.27315,0.62469,0.53539
reddit,pmp,text,md_K1_matched,1,0,eb7003b9443e,4,0.25358,0.60541,0.52253
reddit,pmp,text,md_K1_matched,1,0,eb7003b9443e,5,0.22428,0.62537,0.53728
reddit,pmp,text,md_K1_matched,1,1,f26446f7172a,1,0.33118,0.59255,0.50607
reddit,pmp,text,md_K1_matched,1,1,f26446f7172a,2,0.29057,0.6386,0.53697
reddit,pmp,text,md_K1_matched,1,1,f26446f7172a,3,0.28544,0.63025,0.5373
reddit,pmp,text,md_K1_matched,1,1,f26446f7172a,4,0.26285,0.60861,0.51433
reddit,pmp,text,md_K1_matched,1,1,f26446f7172a,5,0.23868,0.62256,0.52308
reddit,pmp,text,md_K1_matched,2,0,b20e3d318279,1,0.34354,0.62096,0.5326
reddit,pmp,text,md_K1_matched,2,0,b20e3d318279,2,0.29713,0.62913,0.5306
reddit,pmp,text,md_K1_matched,2,0,b20e3d318279,3,0.28089,0.62809,0.51515
reddit,pmp,text,md_K1_matched,2,0,b20e3d318279,4,0.26357,0.64391,0.54346
reddit,pmp,text,md_K1_matched,2,0,b20e3d318279,5,0.25523,0.62219,0.5283
reddit,pmp,text,md_K1_matched,2,1,0a0e09f493df,1,0.33214,0.60977,0.5355
reddit,pmp,text,md_K1_matched,2,1,0a0e09f493df,2,0.28978,0.62655,0.52702
reddit,pmp,text,md_K1_matched,2,1,0a0e09f493df,3,0.27953,0.60324,0.52685
reddit,pmp,text,md_K1_matched,2,1,0a0e09f493df,4,0.27756,0.63243,0.53779
reddit,pmp,text,md_K1_matched,2,1,0a0e09f493df,5,0.24703,0.61691,0.52527
reddit,pmp,text,md_K1_matched,3,0,b763ecfea6d8,1,0.33925,0.60386,0.53396
reddit,pmp,text,md_K1_matched,3,0,b763ecfea6d8,2,0.29384,0.62658,0.53917
reddit,pmp,text,md_K1_matched,3,0,b763ecfea6d8,3,0.2774,0.61222,0.53161
reddit,pmp,text,md_K1_matched,3,0,b763ecfea6d8,4,0.25176,0.60652,0.52565
reddit,pmp,text,md_K1_matched,3,0,b763ecfea6d8,5,0.2439,0.60555,0.53845
reddit,pmp,text,md_K1_matched,3,1,882afe01d2b1,1,0.32813,0.61807,0.53736
reddit,pmp,text,md_K1_matched,3,1,882afe01d2b1,2,0.29477,0.62721,0.53691
reddit,pmp,text,md_K1_matched,3,1,882afe01d2b1,3,0.27082,0.62332,0.53163
reddit,pmp,text,md_K1_matched,3,1,882afe01d2b1,4,0.26224,0.60266,0.52482
reddit,pmp,text,md_K1_matched,3,1,882afe01d2b1,5,0.23772,0.61759,0.51764
instagram,bwgnn,text,md_K2_matched,0,0,9dab26ff3541,1,0.46211,0.62075,0.54324
instagram,bwgnn,text,md_K2_matched,0,0,9dab26ff3541,2,0.29135,0.60178,0.54718
instagram,bwgnn,text,md_K2_matched,0,0,9dab26ff3541,3,0.27814,0.59595,0.53081
instagram,bwgnn,text,md_K2_matched,0,0,9dab26ff3541,4,0.26581,0.57824,0.53259
instagram,bwgnn,text,md_K2_matched,0,0,9dab26ff3541,5,0.2498,0.56635,0.5331
instagram,bwgnn,text,md_K2_matched,0,1,577343a90273,1,0.64218,0.61961,0.5371
instagram,bwgnn,text,md_K2_matched,0,1,577343a90273,2,0.28951,0.62129,0.55668
instagram,bwgnn,text,md_K2_matched,0,1,577343a90273,3,0.27855,0.60798,0.55018
instagram,bwgnn,text,md_K2_matched,0,1,577343a90273,4,0.26401,0.61109,0.55932
instagram,bwgnn,text,md_K2_matched,0,1,577343a90273,5,0.24789,0.58887,0.53356
instagram,bwgnn,text,md_K2_matched,1,0,7ec8e363fe64,1,0.48029,0.65736,0.5673
instagram,bwgnn,text,md_K2_matched,1,0,7ec8e363fe64,2,0.29244,0.60596,0.54093
instagram,bwgnn,text,md_K2_matched,1,0,7ec8e363fe64,3,0.27583,0.59241,0.52996
instagram,bwgnn,text,md_K2_matched,1,0,7ec8e363fe64,4,0.2581,0.58666,0.53217
instagram,bwgnn,text,md_K2_matched,1,0,7ec8e363fe64,5,0.26436,0.56325,0.5321
instagram,bwgnn,text,md_K2_matched,1,1,42a50d86cdc4,1,0.5139,0.64837,0.55942
instagram,bwgnn,text,md_K2_matched,1,1,42a50d86cdc4,2,0.29052,0.60486,0.5492
instagram,bwgnn,text,md_K2_matched,1,1,42a50d86cdc4,3,0.27478,0.60986,0.55144
instagram,bwgnn,text,md_K2_matched,1,1,42a50d86cdc4,4,0.25714,0.62444,0.55717
instagram,bwgnn,text,md_K2_matched,1,1,42a50d86cdc4,5,0.25123,0.56819,0.52138
instagram,bwgnn,text,md_K2_matched,2,0,2e3c84a872e6,1,0.41123,0.62192,0.5612
instagram,bwgnn,text,md_K2_matched,2,0,2e3c84a872e6,2,0.29959,0.60009,0.53536
instagram,bwgnn,text,md_K2_matched,2,0,2e3c84a872e6,3,0.27451,0.57847,0.53597
instagram,bwgnn,text,md_K2_matched,2,0,2e3c84a872e6,4,0.26096,0.56904,0.53182
instagram,bwgnn,text,md_K2_matched,2,0,2e3c84a872e6,5,0.24887,0.57223,0.53235
instagram,bwgnn,text,md_K2_matched,2,1,5007abf6d69c,1,0.49767,0.60671,0.54125
instagram,bwgnn,text,md_K2_matched,2,1,5007abf6d69c,2,0.28989,0.60045,0.53082
instagram,bwgnn,text,md_K2_matched,2,1,5007abf6d69c,3,0.27551,0.57612,0.52852
instagram,bwgnn,text,md_K2_matched,2,1,5007abf6d69c,4,0.26323,0.5624,0.52216
instagram,bwgnn,text,md_K2_matched,2,1,5007abf6d69c,5,0.25032,0.56885,0.52737
instagram,bwgnn,text,md_K2_matched,3,0,a87952f0a3e2,1,0.45388,0.59757,0.55496
instagram,bwgnn,text,md_K2_matched,3,0,a87952f0a3e2,2,0.29574,0.60317,0.55002
instagram,bwgnn,text,md_K2_matched,3,0,a87952f0a3e2,3,0.27691,0.59432,0.55173
instagram,bwgnn,text,md_K2_matched,3,0,a87952f0a3e2,4,0.26644,0.60224,0.54066
instagram,bwgnn,text,md_K2_matched,3,0,a87952f0a3e2,5,0.37359,0.64226,0.5437
instagram,bwgnn,text,md_K2_matched,3,1,e31e3594aef1,1,0.38499,0.60034,0.5373
instagram,bwgnn,text,md_K2_matched,3,1,e31e3594aef1,2,0.29583,0.6225,0.53596
instagram,bwgnn,text,md_K2_matched,3,1,e31e3594aef1,3,0.27173,0.59228,0.53217
instagram,bwgnn,text,md_K2_matched,3,1,e31e3594aef1,4,0.26267,0.58129,0.52489
instagram,bwgnn,text,md_K2_matched,3,1,e31e3594aef1,5,0.25426,0.57433,0.52852
instagram,care_gnn,text,md_K2_matched,0,0,ec0140dd1ccc,1,0.32905,0.66003,0.56975
instagram,care_gnn,text,md_K2_matched,0,0,ec0140dd1ccc,2,0.29459,0.64072,0.55068
instagram,care_gnn,text,md_K2_matched,0,0,ec0140dd1ccc,3,0.2849,0.61992,0.56148
instagram,care_gnn,text,md_K2_matched,0,0,ec0140dd1ccc,4,0.28775,0.61408,0.56348
instagram,care_gnn,text,md_K2_matched,0,0,ec0140dd1ccc,5,0.26445,0.58149,0.56144
instagram,care_gnn,text,md_K2_matched,0,1,fa02e4168ac7,1,0.34621,0.67634,0.5751
instagram,care_gnn,text,md_K2_matched,0,1,fa02e4168ac7,2,0.30177,0.65626,0.55425
instagram,care_gnn,text,md_K2_matched,0,1,fa02e4168ac7,3,0.2935,0.64214,0.56575
instagram,care_gnn,text,md_K2_matched,0,1,fa02e4168ac7,4,0.28955,0.63387,0.55498
instagram,care_gnn,text,md_K2_matched,0,1,fa02e4168ac7,5,0.26779,0.60362,0.56663
instagram,care_gnn,text,md_K2_matched,1,0,798d15690a68,1,0.33548,0.64912,0.592
instagram,care_gnn,text,md_K2_matched,1,0,798d15690a68,2,0.28856,0.63662,0.55758
instagram,care_gnn,text,md_K2_matched,1,0,798d15690a68,3,0.28051,0.61954,0.55596
instagram,care_gnn,text,md_K2_matched,1,0,798d15690a68,4,0.26634,0.59112,0.54992
instagram,care_gnn,text,md_K2_matched,1,0,798d15690a68,5,0.26733,0.58655,0.55173
instagram,care_gnn,text,md_K2_matched,1,1,584a03f2a0d0,1,0.35328,0.65118,0.57581
instagram,care_gnn,text,md_K2_matched,1,1,584a03f2a0d0,2,0.29155,0.64487,0.57373
instagram,care_gnn,text,md_K2_matched,1,1,584a03f2a0d0,3,0.28612,0.63291,0.56252
instagram,care_gnn,text,md_K2_matched,1,1,584a03f2a0d0,4,0.27018,0.60998,0.55697
instagram,care_gnn,text,md_K2_matched,1,1,584a03f2a0d0,5,0.26996,0.59249,0.56208
instagram,care_gnn,text,md_K2_matched,2,0,fa1c6bad4595,1,0.33044,0.6619,0.58134
instagram,care_gnn,text,md_K2_matched,2,0,fa1c6bad4595,2,0.29402,0.64204,0.56559
instagram,care_gnn,text,md_K2_matched,2,0,fa1c6bad4595,3,0.28424,0.62673,0.56057
instagram,care_gnn,text,md_K2_matched,2,0,fa1c6bad4595,4,0.27034,0.59953,0.54819
instagram,care_gnn,text,md_K2_matched,2,0,fa1c6bad4595,5,0.25772,0.58438,0.55382
instagram,care_gnn,text,md_K2_matched,2,1,0cdfb3c6fc3f,1,0.34786,0.65251,0.56376
instagram,care_gnn,text,md_K2_matched,2,1,0cdfb3c6fc3f,2,0.30049,0.64989,0.57585
instagram,care_gnn,text,md_K2_matched,2,1,0cdfb3c6fc3f,3,0.28983,0.64637,0.54966
instagram,care_gnn,text,md_K2_matched,2,1,0cdfb3c6fc3f,4,0.27489,0.61723,0.55813
instagram,care_gnn,text,md_K2_matched,2,1,0cdfb3c6fc3f,5,0.26304,0.60703,0.55558
instagram,care_gnn,text,md_K2_matched,3,0,09c7588db0aa,1,0.32182,0.65636,0.55829
instagram,care_gnn,text,md_K2_matched,3,0,09c7588db0aa,2,0.29572,0.64587,0.56272
instagram,care_gnn,text,md_K2_matched,3,0,09c7588db0aa,3,0.27962,0.61451,0.58109
instagram,care_gnn,text,md_K2_matched,3,0,09c7588db0aa,4,0.27279,0.60394,0.55811
instagram,care_gnn,text,md_K2_matched,3,0,09c7588db0aa,5,0.27512,0.57927,0.55638
instagram,care_gnn,text,md_K2_matched,3,1,2d6d2f7307c4,1,0.33141,0.65788,0.56918
instagram,care_gnn,text,md_K2_matched,3,1,2d6d2f7307c4,2,0.29769,0.65143,0.57603
instagram,care_gnn,text,md_K2_matched,3,1,2d6d2f7307c4,3,0.28356,0.63033,0.56494
instagram,care_gnn,text,md_K2_matched,3,1,2d6d2f7307c4,4,0.27619,0.61711,0.55724
instagram,care_gnn,text,md_K2_matched,3,1,2d6d2f7307c4,5,0.276,0.59844,0.56463
instagram,dga_gnn,text,md_K2_matched,0,0,2803559db824,1,0.35155,0.65159,0.55167
instagram,dga_gnn,text,md_K2_matched,0,0,2803559db824,2,0.31882,0.62796,0.58393
instagram,dga_gnn,text,md_K2_matched,0,0,2803559db824,3,0.30423,0.62381,0.58521
instagram,dga_gnn,text,md_K2_matched,0,0,2803559db824,4,0.30584,0.60203,0.55988
instagram,dga_gnn,text,md_K2_matched,0,0,2803559db824,5,0.2866,0.57633,0.51071
instagram,dga_gnn,text,md_K2_matched,0,1,8a5690c6156e,1,0.36564,0.62987,0.53715
instagram,dga_gnn,text,md_K2_matched,0,1,8a5690c6156e,2,0.31797,0.61519,0.5464
instagram,dga_gnn,text,md_K2_matched,0,1,8a5690c6156e,3,0.30172,0.58657,0.50064
instagram,dga_gnn,text,md_K2_matched,0,1,8a5690c6156e,4,0.31855,0.61571,0.51243
instagram,dga_gnn,text,md_K2_matched,0,1,8a5690c6156e,5,0.28893,0.58707,0.54893
instagram,dga_gnn,text,md_K2_matched,1,0,b03965987824,1,0.35265,0.62265,0.55721
instagram,dga_gnn,text,md_K2_matched,1,0,b03965987824,2,0.29604,0.60861,0.53955
instagram,dga_gnn,text,md_K2_matched,1,0,b03965987824,3,0.30908,0.62033,0.51708
instagram,dga_gnn,text,md_K2_matched,1,0,b03965987824,4,0.29639,0.59072,0.54184
instagram,dga_gnn,text,md_K2_matched,1,0,b03965987824,5,0.31919,0.47663,0.47625
instagram,dga_gnn,text,md_K2_matched,1,1,f7493b53f832,1,0.36566,0.62327,0.54146
instagram,dga_gnn,text,md_K2_matched,1,1,f7493b53f832,2,0.31452,0.6144,0.56148
instagram,dga_gnn,text,md_K2_matched,1,1,f7493b53f832,3,0.29468,0.60882,0.54865
instagram,dga_gnn,text,md_K2_matched,1,1,f7493b53f832,4,0.29833,0.59161,0.54743
instagram,dga_gnn,text,md_K2_matched,1,1,f7493b53f832,5,0.28907,0.59378,0.56469
instagram,dga_gnn,text,md_K2_matched,2,0,7839c447b4b5,1,0.352,0.62825,0.56851
instagram,dga_gnn,text,md_K2_matched,2,0,7839c447b4b5,2,0.31501,0.58612,0.55277
instagram,dga_gnn,text,md_K2_matched,2,0,7839c447b4b5,3,0.30182,0.54303,0.54324
instagram,dga_gnn,text,md_K2_matched,2,0,7839c447b4b5,4,0.2821,0.60107,0.53971
instagram,dga_gnn,text,md_K2_matched,2,0,7839c447b4b5,5,0.29564,0.56777,0.54735
instagram,dga_gnn,text,md_K2_matched,2,1,533a1a468df9,1,0.38864,0.63856,0.55513
instagram,dga_gnn,text,md_K2_matched,2,1,533a1a468df9,2,0.31973,0.61338,0.56241
instagram,dga_gnn,text,md_K2_matched,2,1,533a1a468df9,3,0.30176,0.60786,0.54331
instagram,dga_gnn,text,md_K2_matched,2,1,533a1a468df9,4,0.29031,0.59043,0.54656
instagram,dga_gnn,text,md_K2_matched,2,1,533a1a468df9,5,0.29338,0.59622,0.57939
instagram,dga_gnn,text,md_K2_matched,3,0,f7415c31f180,1,0.35674,0.6164,0.54544
instagram,dga_gnn,text,md_K2_matched,3,0,f7415c31f180,2,0.3086,0.63021,0.57659
instagram,dga_gnn,text,md_K2_matched,3,0,f7415c31f180,3,0.30956,0.61638,0.53124
instagram,dga_gnn,text,md_K2_matched,3,0,f7415c31f180,4,0.29596,0.59232,0.57543
instagram,dga_gnn,text,md_K2_matched,3,0,f7415c31f180,5,0.29166,0.57193,0.52636
instagram,dga_gnn,text,md_K2_matched,3,1,5f081ca7ffd8,1,0.35713,0.62983,0.56469
instagram,dga_gnn,text,md_K2_matched,3,1,5f081ca7ffd8,2,0.31579,0.61994,0.56156
instagram,dga_gnn,text,md_K2_matched,3,1,5f081ca7ffd8,3,0.30117,0.60451,0.5512
instagram,dga_gnn,text,md_K2_matched,3,1,5f081ca7ffd8,4,0.29749,0.60442,0.55222
instagram,dga_gnn,text,md_K2_matched,3,1,5f081ca7ffd8,5,0.2968,0.59393,0.55652
instagram,gat,text,md_K2_matched,0,0,3a1b2255accc,1,0.36147,0.67867,0.58012
instagram,gat,text,md_K2_matched,0,0,3a1b2255accc,2,0.33962,0.61856,0.53415
instagram,gat,text,md_K2_matched,0,0,3a1b2255accc,3,0.33568,0.53466,0.53088
instagram,gat,text,md_K2_matched,0,0,3a1b2255accc,4,0.33832,0.57904,0.52752
instagram,gat,text,md_K2_matched,0,0,3a1b2255accc,5,0.29347,0.61071,0.56027
instagram,gat,text,md_K2_matched,0,1,7a6a30d483dd,1,0.37185,0.65447,0.5536
instagram,gat,text,md_K2_matched,0,1,7a6a30d483dd,2,0.3332,0.64801,0.58753
instagram,gat,text,md_K2_matched,0,1,7a6a30d483dd,3,0.32852,0.6528,0.55619
instagram,gat,text,md_K2_matched,0,1,7a6a30d483dd,4,0.33259,0.64687,0.5678
instagram,gat,text,md_K2_matched,0,1,7a6a30d483dd,5,0.31457,0.60728,0.56972
instagram,gat,text,md_K2_matched,1,0,75de921a4c7a,1,0.34277,0.63064,0.5571
instagram,gat,text,md_K2_matched,1,0,75de921a4c7a,2,0.32662,0.56231,0.52326
instagram,gat,text,md_K2_matched,1,0,75de921a4c7a,3,0.3495,0.6412,0.56536
instagram,gat,text,md_K2_matched,1,0,75de921a4c7a,4,0.30907,0.61552,0.55024
instagram,gat,text,md_K2_matched,1,0,75de921a4c7a,5,0.3058,0.58581,0.56627
instagram,gat,text,md_K2_matched,1,1,30c37d2eba5d,1,0.35154,0.65818,0.5426
instagram,gat,text,md_K2_matched,1,1,30c37d2eba5d,2,0.31874,0.64229,0.58483
instagram,gat,text,md_K2_matched,1,1,30c37d2eba5d,3,0.31355,0.60249,0.5791
instagram,gat,text,md_K2_matched,1,1,30c37d2eba5d,4,0.31133,0.54149,0.56166
instagram,gat,text,md_K2_matched,1,1,30c37d2eba5d,5,0.29642,0.5453,0.56773
instagram,gat,text,md_K2_matched,2,0,ce4406841a57,1,0.32768,0.64152,0.57644
instagram,gat,text,md_K2_matched,2,0,ce4406841a57,2,0.33345,0.6291,0.55903
instagram,gat,text,md_K2_matched,2,0,ce4406841a57,3,0.32779,0.59084,0.5722
instagram,gat,text,md_K2_matched,2,0,ce4406841a57,4,0.3223,0.60215,0.55811
instagram,gat,text,md_K2_matched,2,0,ce4406841a57,5,0.31165,0.58116,0.57513
instagram,gat,text,md_K2_matched,2,1,f1e72cbb6a41,1,0.33563,0.63897,0.592
instagram,gat,text,md_K2_matched,2,1,f1e72cbb6a41,2,0.33158,0.64104,0.54992
instagram,gat,text,md_K2_matched,2,1,f1e72cbb6a41,3,0.32061,0.61019,0.53852
instagram,gat,text,md_K2_matched,2,1,f1e72cbb6a41,4,0.30807,0.61488,0.5426
instagram,gat,text,md_K2_matched,2,1,f1e72cbb6a41,5,0.27556,0.61561,0.56377
instagram,gat,text,md_K2_matched,3,0,a0666bd25e8d,1,0.35339,0.6437,0.57618
instagram,gat,text,md_K2_matched,3,0,a0666bd25e8d,2,0.33664,0.64074,0.54842
instagram,gat,text,md_K2_matched,3,0,a0666bd25e8d,3,0.32256,0.62356,0.55293
instagram,gat,text,md_K2_matched,3,0,a0666bd25e8d,4,0.31965,0.59738,0.57187
instagram,gat,text,md_K2_matched,3,0,a0666bd25e8d,5,0.3288,0.5977,0.54726
instagram,gat,text,md_K2_matched,3,1,0d74838e4e97,1,0.35113,0.65393,0.59201
instagram,gat,text,md_K2_matched,3,1,0d74838e4e97,2,0.33148,0.63408,0.55829
instagram,gat,text,md_K2_matched,3,1,0d74838e4e97,3,0.32358,0.63052,0.56688
instagram,gat,text,md_K2_matched,3,1,0d74838e4e97,4,0.30453,0.62767,0.57841
instagram,gat,text,md_K2_matched,3,1,0d74838e4e97,5,0.31654,0.6012,0.55091
instagram,gcn,text,md_K2_matched,0,0,ec57827bf451,1,0.33513,0.68385,0.5669
instagram,gcn,text,md_K2_matched,0,0,ec57827bf451,2,0.28741,0.65303,0.58886
instagram,gcn,text,md_K2_matched,0,0,ec57827bf451,3,0.27117,0.638,0.58061
instagram,gcn,text,md_K2_matched,0,0,ec57827bf451,4,0.26647,0.61138,0.55704
instagram,gcn,text,md_K2_matched,0,0,ec57827bf451,5,0.23964,0.60209,0.55294
instagram,gcn,text,md_K2_matched,0,1,c2366b76c5f3,1,0.33191,0.67559,0.56276
instagram,gcn,text,md_K2_matched,0,1,c2366b76c5f3,2,0.28571,0.6503,0.57017
instagram,gcn,text,md_K2_matched,0,1,c2366b76c5f3,3,0.27223,0.64187,0.56916
instagram,gcn,text,md_K2_matched,0,1,c2366b76c5f3,4,0.26379,0.62814,0.55177
instagram,gcn,text,md_K2_matched,0,1,c2366b76c5f3,5,0.23855,0.60251,0.54615
instagram,gcn,text,md_K2_matched,1,0,25f1f9aa9f70,1,0.32563,0.66524,0.58733
instagram,gcn,text,md_K2_matched,1,0,25f1f9aa9f70,2,0.28088,0.63835,0.56611
instagram,gcn,text,md_K2_matched,1,0,25f1f9aa9f70,3,0.26099,0.62109,0.54744
instagram,gcn,text,md_K2_matched,1,0,25f1f9aa9f70,4,0.2394,0.61679,0.55063
instagram,gcn,text,md_K2_matched,1,0,25f1f9aa9f70,5,0.24872,0.58795,0.5383
instagram,gcn,text,md_K2_matched,1,1,3ba2788222bb,1,0.3275,0.65095,0.57233
instagram,gcn,text,md_K2_matched,1,1,3ba2788222bb,2,0.27368,0.64012,0.55257
instagram,gcn,text,md_K2_matched,1,1,3ba2788222bb,3,0.26284,0.6174,0.54808
instagram,gcn,text,md_K2_matched,1,1,3ba2788222bb,4,0.24108,0.61194,0.55063
instagram,gcn,text,md_K2_matched,1,1,3ba2788222bb,5,0.24764,0.58264,0.53217
instagram,gcn,text,md_K2_matched,2,0,2b14214bf78a,1,0.33199,0.66097,0.5673
instagram,gcn,text,md_K2_matched,2,0,2b14214bf78a,2,0.28189,0.63912,0.57346
instagram,gcn,text,md_K2_matched,2,0,2b14214bf78a,3,0.27485,0.61592,0.55412
instagram,gcn,text,md_K2_matched,2,0,2b14214bf78a,4,0.25105,0.61211,0.56286
instagram,gcn,text,md_K2_matched,2,0,2b14214bf78a,5,0.23505,0.60709,0.55364
instagram,gcn,text,md_K2_matched,2,1,d6c57360005e,1,0.33237,0.64831,0.5629
instagram,gcn,text,md_K2_matched,2,1,d6c57360005e,2,0.28095,0.626,0.58012
instagram,gcn,text,md_K2_matched,2,1,d6c57360005e,3,0.26926,0.61017,0.54618
instagram,gcn,text,md_K2_matched,2,1,d6c57360005e,4,0.24684,0.60663,0.55364
instagram,gcn,text,md_K2_matched,2,1,d6c57360005e,5,0.23807,0.60061,0.559
instagram,gcn,text,md_K2_matched,3,0,9c6d33a46e1c,1,0.32523,0.66292,0.57936
instagram,gcn,text,md_K2_matched,3,0,9c6d33a46e1c,2,0.29119,0.65495,0.57075
instagram,gcn,text,md_K2_matched,3,0,9c6d33a46e1c,3,0.26666,0.64081,0.57017
instagram,gcn,text,md_K2_matched,3,0,9c6d33a46e1c,4,0.25384,0.6285,0.54433
instagram,gcn,text,md_K2_matched,3,0,9c6d33a46e1c,5,0.23697,0.61444,0.5512
instagram,gcn,text,md_K2_matched,3,1,5d32aaee7464,1,0.32733,0.65501,0.56914
instagram,gcn,text,md_K2_matched,3,1,5d32aaee7464,2,0.2898,0.6461,0.55353
instagram,gcn,text,md_K2_matched,3,1,5d32aaee7464,3,0.26224,0.63931,0.56494
instagram,gcn,text,md_K2_matched,3,1,5d32aaee7464,4,0.2576,0.63029,0.55002
instagram,gcn,text,md_K2_matched,3,1,5d32aaee7464,5,0.24291,0.61178,0.54727
instagram,geniepath,text,md_K2_matched,0,0,ae44c8cae155,1,0.34394,0.62475,0.55638
instagram,geniepath,text,md_K2_matched,0,0,ae44c8cae155,2,0.2987,0.59472,0.5214
instagram,geniepath,text,md_K2_matched,0,0,ae44c8cae155,3,0.28993,0.59039,0.54351
instagram,geniepath,text,md_K2_matched,0,0,ae44c8cae155,4,0.28604,0.5727,0.52824
instagram,geniepath,text,md_K2_matched,0,0,ae44c8cae155,5,0.25441,0.56744,0.52149
instagram,geniepath,text,md_K2_matched,0,1,dab031cac4ed,1,0.3425,0.61209,0.55141
instagram,geniepath,text,md_K2_matched,0,1,dab031cac4ed,2,0.298,0.5867,0.51806
instagram,geniepath,text,md_K2_matched,0,1,dab031cac4ed,3,0.28932,0.58469,0.53927
instagram,geniepath,text,md_K2_matched,0,1,dab031cac4ed,4,0.2846,0.56779,0.52737
instagram,geniepath,text,md_K2_matched,0,1,dab031cac4ed,5,0.25448,0.5604,0.52312
instagram,geniepath,text,md_K2_matched,1,0,19c16a7d22d5,1,0.36713,0.6009,0.54718
instagram,geniepath,text,md_K2_matched,1,0,19c16a7d22d5,2,0.30098,0.59722,0.51803
instagram,geniepath,text,md_K2_matched,1,0,19c16a7d22d5,3,0.30895,0.58129,0.50933
instagram,geniepath,text,md_K2_matched,1,0,19c16a7d22d5,4,0.2687,0.56964,0.52216
instagram,geniepath,text,md_K2_matched,1,0,19c16a7d22d5,5,0.28071,0.55638,0.50741
instagram,geniepath,text,md_K2_matched,1,1,e6e7046f1c55,1,0.36519,0.58916,0.52939
instagram,geniepath,text,md_K2_matched,1,1,e6e7046f1c55,2,0.29805,0.58849,0.53099
instagram,geniepath,text,md_K2_matched,1,1,e6e7046f1c55,3,0.30097,0.57522,0.50789
instagram,geniepath,text,md_K2_matched,1,1,e6e7046f1c55,4,0.26568,0.56664,0.51485
instagram,geniepath,text,md_K2_matched,1,1,e6e7046f1c55,5,0.27903,0.55311,0.51458
instagram,geniepath,text,md_K2_matched,2,0,f40623d094c2,1,0.36786,0.60532,0.54831
instagram,geniepath,text,md_K2_matched,2,0,f40623d094c2,2,0.31476,0.59666,0.53638
instagram,geniepath,text,md_K2_matched,2,0,f40623d094c2,3,0.28256,0.56791,0.52244
instagram,geniepath,text,md_K2_matched,2,0,f40623d094c2,4,0.26756,0.55771,0.51707
instagram,geniepath,text,md_K2_matched,2,0,f40623d094c2,5,0.25134,0.55752,0.51319
instagram,geniepath,text,md_K2_matched,2,1,d777d33ecc71,1,0.35886,0.59645,0.52326
instagram,geniepath,text,md_K2_matched,2,1,d777d33ecc71,2,0.30076,0.58587,0.52595
instagram,geniepath,text,md_K2_matched,2,1,d777d33ecc71,3,0.28705,0.56691,0.53435
instagram,geniepath,text,md_K2_matched,2,1,d777d33ecc71,4,0.25893,0.55815,0.51803
instagram,geniepath,text,md_K2_matched,2,1,d777d33ecc71,5,0.24853,0.558,0.5154
instagram,geniepath,text,md_K2_matched,3,0,0ea18d63b030,1,0.32712,0.60215,0.54942
instagram,geniepath,text,md_K2_matched,3,0,0ea18d63b030,2,0.29804,0.50943,0.48765
instagram,geniepath,text,md_K2_matched,3,0,0ea18d63b030,3,0.2873,0.58331,0.52373
instagram,geniepath,text,md_K2_matched,3,0,0ea18d63b030,4,0.29098,0.57908,0.5109
instagram,geniepath,text,md_K2_matched,3,0,0ea18d63b030,5,0.27062,0.56473,0.52236
instagram,geniepath,text,md_K2_matched,3,1,0230d4672883,1,0.33159,0.58987,0.52922
instagram,geniepath,text,md_K2_matched,3,1,0230d4672883,2,0.30061,0.58024,0.50784
instagram,geniepath,text,md_K2_matched,3,1,0230d4672883,3,0.27622,0.5771,0.50684
instagram,geniepath,text,md_K2_matched,3,1,0230d4672883,4,0.26718,0.57023,0.51377
instagram,geniepath,text,md_K2_matched,3,1,0230d4672883,5,0.26428,0.56439,0.51671
instagram,pmp,text,md_K2_matched,0,0,5c6749102444,1,0.35311,0.64553,0.55829
instagram,pmp,text,md_K2_matched,0,0,5c6749102444,2,0.30966,0.62654,0.58886
instagram,pmp,text,md_K2_matched,0,0,5c6749102444,3,0.31692,0.59501,0.56272
instagram,pmp,text,md_K2_matched,0,0,5c6749102444,4,0.29035,0.6064,0.54831
instagram,pmp,text,md_K2_matched,0,0,5c6749102444,5,0.27288,0.58972,0.54036
instagram,pmp,text,md_K2_matched,0,1,2afa885d60f7,1,0.34817,0.64743,0.55471
instagram,pmp,text,md_K2_matched,0,1,2afa885d60f7,2,0.29486,0.62923,0.57513
instagram,pmp,text,md_K2_matched,0,1,2afa885d60f7,3,0.30388,0.59643,0.55293
instagram,pmp,text,md_K2_matched,0,1,2afa885d60f7,4,0.29123,0.60118,0.54992
instagram,pmp,text,md_K2_matched,0,1,2afa885d60f7,5,0.26082,0.56625,0.53664
instagram,pmp,text,md_K2_matched,1,0,5b1267c8eb68,1,0.35556,0.61284,0.56169
instagram,pmp,text,md_K2_matched,1,0,5b1267c8eb68,2,0.29449,0.60249,0.54638
instagram,pmp,text,md_K2_matched,1,0,5b1267c8eb68,3,0.28603,0.60451,0.53991
instagram,pmp,text,md_K2_matched,1,0,5b1267c8eb68,4,0.26566,0.54838,0.55068
instagram,pmp,text,md_K2_matched,1,0,5b1267c8eb68,5,0.26054,0.54242,0.53581
instagram,pmp,text,md_K2_matched,1,1,6da4921373c1,1,0.34439,0.63621,0.55662
instagram,pmp,text,md_K2_matched,1,1,6da4921373c1,2,0.29904,0.615,0.56965
instagram,pmp,text,md_K2_matched,1,1,6da4921373c1,3,0.29375,0.61619,0.55376
instagram,pmp,text,md_K2_matched,1,1,6da4921373c1,4,0.27324,0.56615,0.56255
instagram,pmp,text,md_K2_matched,1,1,6da4921373c1,5,0.27845,0.56142,0.54725
instagram,pmp,text,md_K2_matched,2,0,5a515de75d86,1,0.35338,0.64277,0.56838
instagram,pmp,text,md_K2_matched,2,0,5a515de75d86,2,0.30645,0.58747,0.55395
instagram,pmp,text,md_K2_matched,2,0,5a515de75d86,3,0.29284,0.56148,0.55706
instagram,pmp,text,md_K2_matched,2,0,5a515de75d86,4,0.27946,0.54673,0.557
instagram,pmp,text,md_K2_matched,2,0,5a515de75d86,5,0.26216,0.56044,0.54472
instagram,pmp,text,md_K2_matched,2,1,ba0560d2c768,1,0.34145,0.6562,0.5728
instagram,pmp,text,md_K2_matched,2,1,ba0560d2c768,2,0.29871,0.61205,0.56575
instagram,pmp,text,md_K2_matched,2,1,ba0560d2c768,3,0.2847,0.5816,0.55638
instagram,pmp,text,md_K2_matched,2,1,ba0560d2c768,4,0.26132,0.55246,0.55518
instagram,pmp,text,md_K2_matched,2,1,ba0560d2c768,5,0.25095,0.56806,0.55018
instagram,pmp,text,md_K2_matched,3,0,9481c5620e9f,1,0.34973,0.62821,0.56658
instagram,pmp,text,md_K2_matched,3,0,9481c5620e9f,2,0.30479,0.6357,0.56148
instagram,pmp,text,md_K2_matched,3,0,9481c5620e9f,3,0.29024,0.61348,0.5632
instagram,pmp,text,md_K2_matched,3,0,9481c5620e9f,4,0.27693,0.58614,0.53978
instagram,pmp,text,md_K2_matched,3,0,9481c5620e9f,5,0.2473,0.57845,0.54744
instagram,pmp,text,md_K2_matched,3,1,d7c9acd4547f,1,0.33629,0.65728,0.57688
instagram,pmp,text,md_K2_matched,3,1,d7c9acd4547f,2,0.30657,0.62993,0.54125
instagram,pmp,text,md_K2_matched,3,1,d7c9acd4547f,3,0.2839,0.61732,0.57603
instagram,pmp,text,md_K2_matched,3,1,d7c9acd4547f,4,0.28122,0.59297,0.53596
instagram,pmp,text,md_K2_matched,3,1,d7c9acd4547f,5,0.26904,0.57293,0.54411
reddit,bwgnn,text,md_K2_matched,0,0,1cec49ebc92d,1,0.33438,0.51365,0.52932
reddit,bwgnn,text,md_K2_matched,0,0,1cec49ebc92d,2,0.282,0.66571,0.57886
reddit,bwgnn,text,md_K2_matched,0,0,1cec49ebc92d,3,0.24973,0.63133,0.56741
reddit,bwgnn,text,md_K2_matched,0,0,1cec49ebc92d,4,0.22301,0.6225,0.55439
reddit,bwgnn,text,md_K2_matched,0,0,1cec49ebc92d,5,0.19443,0.65134,0.55694
reddit,bwgnn,text,md_K2_matched,0,1,964981ee3147,1,0.33789,0.65516,0.56368
reddit,bwgnn,text,md_K2_matched,0,1,964981ee3147,2,0.27907,0.67944,0.58178
reddit,bwgnn,text,md_K2_matched,0,1,964981ee3147,3,0.24782,0.6006,0.55468
reddit,bwgnn,text,md_K2_matched,0,1,964981ee3147,4,0.21592,0.59933,0.55231
reddit,bwgnn,text,md_K2_matched,0,1,964981ee3147,5,0.16404,0.62069,0.55935
reddit,bwgnn,text,md_K2_matched,1,0,dbbe52dbddc4,1,0.32419,0.64006,0.53311
reddit,bwgnn,text,md_K2_matched,1,0,dbbe52dbddc4,2,0.28001,0.66652,0.55928
reddit,bwgnn,text,md_K2_matched,1,0,dbbe52dbddc4,3,0.2612,0.5585,0.53972
reddit,bwgnn,text,md_K2_matched,1,0,dbbe52dbddc4,4,0.24416,0.63356,0.54597
reddit,bwgnn,text,md_K2_matched,1,0,dbbe52dbddc4,5,0.20349,0.57341,0.52723
reddit,bwgnn,text,md_K2_matched,1,1,a6b16fd9af8a,1,0.32287,0.58844,0.52861
reddit,bwgnn,text,md_K2_matched,1,1,a6b16fd9af8a,2,0.29381,0.66311,0.56913
reddit,bwgnn,text,md_K2_matched,1,1,a6b16fd9af8a,3,0.26123,0.6106,0.56091
reddit,bwgnn,text,md_K2_matched,1,1,a6b16fd9af8a,4,0.23984,0.62829,0.54694
reddit,bwgnn,text,md_K2_matched,1,1,a6b16fd9af8a,5,0.2056,0.59462,0.53776
reddit,bwgnn,text,md_K2_matched,2,0,c78b43ad9e11,1,0.34526,0.64084,0.55133
reddit,bwgnn,text,md_K2_matched,2,0,c78b43ad9e11,2,0.29374,0.64698,0.55986
reddit,bwgnn,text,md_K2_matched,2,0,c78b43ad9e11,3,0.25976,0.65569,0.57273
reddit,bwgnn,text,md_K2_matched,2,0,c78b43ad9e11,4,0.21853,0.61456,0.55716
reddit,bwgnn,text,md_K2_matched,2,0,c78b43ad9e11,5,0.19558,0.62973,0.57787
reddit,bwgnn,text,md_K2_matched,2,1,f5aab2a22c71,1,0.33036,0.66557,0.56761
reddit,bwgnn,text,md_K2_matched,2,1,f5aab2a22c71,2,0.29114,0.58396,0.54587
reddit,bwgnn,text,md_K2_matched,2,1,f5aab2a22c71,3,0.27009,0.62154,0.55137
reddit,bwgnn,text,md_K2_matched,2,1,f5aab2a22c71,4,0.24526,0.60872,0.55059
reddit,bwgnn,text,md_K2_matched,2,1,f5aab2a22c71,5,0.22089,0.59546,0.53652
reddit,bwgnn,text,md_K2_matched,3,0,70d853a7eae1,1,0.32534,0.60793,0.52947
reddit,bwgnn,text,md_K2_matched,3,0,70d853a7eae1,2,0.2807,0.64812,0.56386
reddit,bwgnn,text,md_K2_matched,3,0,70d853a7eae1,3,0.25383,0.62078,0.54907
reddit,bwgnn,text,md_K2_matched,3,0,70d853a7eae1,4,0.22193,0.60435,0.55015
reddit,bwgnn,text,md_K2_matched,3,0,70d853a7eae1,5,0.18493,0.61211,0.55071
reddit,bwgnn,text,md_K2_matched,3,1,29034569e2b0,1,0.35932,0.59994,0.51127
reddit,bwgnn,text,md_K2_matched,3,1,29034569e2b0,2,0.31157,0.56697,0.53217
reddit,bwgnn,text,md_K2_matched,3,1,29034569e2b0,3,0.27603,0.61971,0.56021
reddit,bwgnn,text,md_K2_matched,3,1,29034569e2b0,4,0.25123,0.65363,0.57694
reddit,bwgnn,text,md_K2_matched,3,1,29034569e2b0,5,0.22373,0.66539,0.56763
reddit,care_gnn,text,md_K2_matched,0,0,49c1c74116c4,1,0.32103,0.62285,0.52107
reddit,care_gnn,text,md_K2_matched,0,0,49c1c74116c4,2,0.28941,0.62652,0.5153
reddit,care_gnn,text,md_K2_matched,0,0,49c1c74116c4,3,0.26748,0.63502,0.51246
reddit,care_gnn,text,md_K2_matched,0,0,49c1c74116c4,4,0.25183,0.62741,0.51116
reddit,care_gnn,text,md_K2_matched,0,0,49c1c74116c4,5,0.22178,0.63205,0.52359
reddit,care_gnn,text,md_K2_matched,0,1,c7b9c641e8a8,1,0.32749,0.61048,0.51439
reddit,care_gnn,text,md_K2_matched,0,1,c7b9c641e8a8,2,0.2896,0.62362,0.51004
reddit,care_gnn,text,md_K2_matched,0,1,c7b9c641e8a8,3,0.26536,0.62736,0.5187
reddit,care_gnn,text,md_K2_matched,0,1,c7b9c641e8a8,4,0.24754,0.61479,0.51646
reddit,care_gnn,text,md_K2_matched,0,1,c7b9c641e8a8,5,0.2192,0.63186,0.53119
reddit,care_gnn,text,md_K2_matched,1,0,3b5e9c2d2730,1,0.32608,0.58855,0.50956
reddit,care_gnn,text,md_K2_matched,1,0,3b5e9c2d2730,2,0.28698,0.62994,0.53001
reddit,care_gnn,text,md_K2_matched,1,0,3b5e9c2d2730,3,0.26724,0.62072,0.51669
reddit,care_gnn,text,md_K2_matched,1,0,3b5e9c2d2730,4,0.25055,0.60314,0.50116
reddit,care_gnn,text,md_K2_matched,1,0,3b5e9c2d2730,5,0.22028,0.61239,0.50306
reddit,care_gnn,text,md_K2_matched,1,1,3457b0ea3b64,1,0.33193,0.57755,0.50453
reddit,care_gnn,text,md_K2_matched,1,1,3457b0ea3b64,2,0.28584,0.63507,0.52226
reddit,care_gnn,text,md_K2_matched,1,1,3457b0ea3b64,3,0.26569,0.63793,0.52433
reddit,care_gnn,text,md_K2_matched,1,1,3457b0ea3b64,4,0.24579,0.61545,0.50971
reddit,care_gnn,text,md_K2_matched,1,1,3457b0ea3b64,5,0.21373,0.63283,0.51524
reddit,care_gnn,text,md_K2_matched,2,0,5366a728f5ef,1,0.32529,0.60751,0.52181
reddit,care_gnn,text,md_K2_matched,2,0,5366a728f5ef,2,0.28591,0.62604,0.51808
reddit,care_gnn,text,md_K2_matched,2,0,5366a728f5ef,3,0.26542,0.62314,0.51618
reddit,care_gnn,text,md_K2_matched,2,0,5366a728f5ef,4,0.24185,0.63202,0.52421
reddit,care_gnn,text,md_K2_matched,2,0,5366a728f5ef,5,0.21804,0.62995,0.52299
reddit,care_gnn,text,md_K2_matched,2,1,240e59203848,1,0.33275,0.60582,0.53705
reddit,care_gnn,text,md_K2_matched,2,1,240e59203848,2,0.28456,0.62984,0.52954
reddit,care_gnn,text,md_K2_matched,2,1,240e59203848,3,0.26398,0.62922,0.51705
reddit,care_gnn,text,md_K2_matched,2,1,240e59203848,4,0.2376,0.63756,0.52395
reddit,care_gnn,text,md_K2_matched,2,1,240e59203848,5,0.21516,0.62415,0.52012
reddit,care_gnn,text,md_K2_matched,3,0,ce0485c45cdd,1,0.32474,0.60701,0.51858
reddit,care_gnn,text,md_K2_matched,3,0,ce0485c45cdd,2,0.2872,0.62461,0.52756
reddit,care_gnn,text,md_K2_matched,3,0,ce0485c45cdd,3,0.27165,0.63313,0.52144
reddit,care_gnn,text,md_K2_matched,3,0,ce0485c45cdd,4,0.24626,0.6184,0.50076
reddit,care_gnn,text,md_K2_matched,3,0,ce0485c45cdd,5,0.22683,0.62398,0.51034
reddit,care_gnn,text,md_K2_matched,3,1,5d38dd426bd9,1,0.33187,0.60844,0.49609
reddit,care_gnn,text,md_K2_matched,3,1,5d38dd426bd9,2,0.28453,0.62919,0.52485
reddit,care_gnn,text,md_K2_matched,3,1,5d38dd426bd9,3,0.26777,0.63636,0.53118
reddit,care_gnn,text,md_K2_matched,3,1,5d38dd426bd9,4,0.2404,0.61866,0.51622
reddit,care_gnn,text,md_K2_matched,3,1,5d38dd426bd9,5,0.21697,0.61866,0.51739
reddit,dga_gnn,text,md_K2_matched,0,0,24f04192e4df,1,0.33846,0.65922,0.51336
reddit,dga_gnn,text,md_K2_matched,0,0,24f04192e4df,2,0.30497,0.63739,0.55287
reddit,dga_gnn,text,md_K2_matched,0,0,24f04192e4df,3,0.28857,0.63665,0.54093
reddit,dga_gnn,text,md_K2_matched,0,0,24f04192e4df,4,0.29565,0.6189,0.53702
reddit,dga_gnn,text,md_K2_matched,0,0,24f04192e4df,5,0.27199,0.63873,0.5326
reddit,dga_gnn,text,md_K2_matched,0,1,2f1802b7f657,1,0.34666,0.59226,0.48909
reddit,dga_gnn,text,md_K2_matched,0,1,2f1802b7f657,2,0.31622,0.6456,0.50958
reddit,dga_gnn,text,md_K2_matched,0,1,2f1802b7f657,3,0.29724,0.63728,0.52586
reddit,dga_gnn,text,md_K2_matched,0,1,2f1802b7f657,4,0.29666,0.64768,0.52587
reddit,dga_gnn,text,md_K2_matched,0,1,2f1802b7f657,5,0.28062,0.64111,0.51013
reddit,dga_gnn,text,md_K2_matched,1,0,69c03f83e5b4,1,0.3366,0.60711,0.49316
reddit,dga_gnn,text,md_K2_matched,1,0,69c03f83e5b4,2,0.3132,0.64852,0.5369
reddit,dga_gnn,text,md_K2_matched,1,0,69c03f83e5b4,3,0.29582,0.63603,0.52925
reddit,dga_gnn,text,md_K2_matched,1,0,69c03f83e5b4,4,0.28343,0.64058,0.53808
reddit,dga_gnn,text,md_K2_matched,1,0,69c03f83e5b4,5,0.27968,0.63386,0.53646
reddit,dga_gnn,text,md_K2_matched,1,1,28ab41e42b82,1,0.33746,0.62182,0.52188
reddit,dga_gnn,text,md_K2_matched,1,1,28ab41e42b82,2,0.31482,0.64436,0.55509
reddit,dga_gnn,text,md_K2_matched,1,1,28ab41e42b82,3,0.29927,0.58017,0.53771
reddit,dga_gnn,text,md_K2_matched,1,1,28ab41e42b82,4,0.28973,0.63836,0.56063
reddit,dga_gnn,text,md_K2_matched,1,1,28ab41e42b82,5,0.28935,0.65387,0.54059
reddit,dga_gnn,text,md_K2_matched,2,0,c0526b04f531,1,0.34246,0.61526,0.53103
reddit,dga_gnn,text,md_K2_matched,2,0,c0526b04f531,2,0.30929,0.57672,0.541
reddit,dga_gnn,text,md_K2_matched,2,0,c0526b04f531,3,0.30385,0.66658,0.49629
reddit,dga_gnn,text,md_K2_matched,2,0,c0526b04f531,4,0.28169,0.64971,0.54433
reddit,dga_gnn,text,md_K2_matched,2,0,c0526b04f531,5,0.28296,0.66421,0.53381
reddit,dga_gnn,text,md_K2_matched,2,1,a9117aea0bf9,1,0.3524,0.58504,0.49846
reddit,dga_gnn,text,md_K2_matched,2,1,a9117aea0bf9,2,0.31692,0.61633,0.51731
reddit,dga_gnn,text,md_K2_matched,2,1,a9117aea0bf9,3,0.29838,0.64917,0.53382
reddit,dga_gnn,text,md_K2_matched,2,1,a9117aea0bf9,4,0.28909,0.63998,0.54104
reddit,dga_gnn,text,md_K2_matched,2,1,a9117aea0bf9,5,0.27763,0.63556,0.53073
reddit,dga_gnn,text,md_K2_matched,3,0,19b3b2acaa98,1,0.3337,0.63209,0.53427
reddit,dga_gnn,text,md_K2_matched,3,0,19b3b2acaa98,2,0.31278,0.64404,0.48345
reddit,dga_gnn,text,md_K2_matched,3,0,19b3b2acaa98,3,0.29243,0.65556,0.53162
reddit,dga_gnn,text,md_K2_matched,3,0,19b3b2acaa98,4,0.28936,0.64498,0.50886
reddit,dga_gnn,text,md_K2_matched,3,0,19b3b2acaa98,5,0.28273,0.64976,0.52601
reddit,dga_gnn,text,md_K2_matched,3,1,277b6ffd1514,1,0.34534,0.60307,0.49634
reddit,dga_gnn,text,md_K2_matched,3,1,277b6ffd1514,2,0.31913,0.65754,0.55006
reddit,dga_gnn,text,md_K2_matched,3,1,277b6ffd1514,3,0.29402,0.6895,0.57389
reddit,dga_gnn,text,md_K2_matched,3,1,277b6ffd1514,4,0.29452,0.64259,0.53158
reddit,dga_gnn,text,md_K2_matched,3,1,277b6ffd1514,5,0.27437,0.63993,0.5285
reddit,gat,text,md_K2_matched,0,0,e55466b303ac,1,0.33233,0.66898,0.53646
reddit,gat,text,md_K2_matched,0,0,e55466b303ac,2,0.3058,0.65391,0.53312
reddit,gat,text,md_K2_matched,0,0,e55466b303ac,3,0.30327,0.66119,0.5519
reddit,gat,text,md_K2_matched,0,0,e55466b303ac,4,0.30399,0.64019,0.53294
reddit,gat,text,md_K2_matched,0,0,e55466b303ac,5,0.27472,0.67442,0.56107
reddit,gat,text,md_K2_matched,0,1,e2db0bf9e671,1,0.32952,0.66901,0.54572
reddit,gat,text,md_K2_matched,0,1,e2db0bf9e671,2,0.30935,0.65062,0.52568
reddit,gat,text,md_K2_matched,0,1,e2db0bf9e671,3,0.32106,0.67902,0.56313
reddit,gat,text,md_K2_matched,0,1,e2db0bf9e671,4,0.3134,0.67382,0.56636
reddit,gat,text,md_K2_matched,0,1,e2db0bf9e671,5,0.27857,0.67704,0.57299
reddit,gat,text,md_K2_matched,1,0,f8a181981024,1,0.33454,0.65919,0.54234
reddit,gat,text,md_K2_matched,1,0,f8a181981024,2,0.31556,0.71126,0.57658
reddit,gat,text,md_K2_matched,1,0,f8a181981024,3,0.29631,0.69424,0.55445
reddit,gat,text,md_K2_matched,1,0,f8a181981024,4,0.29091,0.67066,0.56057
reddit,gat,text,md_K2_matched,1,0,f8a181981024,5,0.28218,0.69161,0.5646
reddit,gat,text,md_K2_matched,1,1,f8ac38ea4099,1,0.33381,0.65573,0.54268
reddit,gat,text,md_K2_matched,1,1,f8ac38ea4099,2,0.32288,0.69658,0.5757
reddit,gat,text,md_K2_matched,1,1,f8ac38ea4099,3,0.30251,0.66339,0.54429
reddit,gat,text,md_K2_matched,1,1,f8ac38ea4099,4,0.30063,0.68819,0.56538
reddit,gat,text,md_K2_matched,1,1,f8ac38ea4099,5,0.26584,0.67858,0.54745
reddit,gat,text,md_K2_matched,2,0,c1bcbbac5d55,1,0.33892,0.65587,0.55602
reddit,gat,text,md_K2_matched,2,0,c1bcbbac5d55,2,0.31477,0.67181,0.55258
reddit,gat,text,md_K2_matched,2,0,c1bcbbac5d55,3,0.30285,0.65761,0.53806
reddit,gat,text,md_K2_matched,2,0,c1bcbbac5d55,4,0.286,0.67678,0.57972
reddit,gat,text,md_K2_matched,2,0,c1bcbbac5d55,5,0.27759,0.65833,0.58156
reddit,gat,text,md_K2_matched,2,1,b095e9550d66,1,0.33468,0.64729,0.56091
reddit,gat,text,md_K2_matched,2,1,b095e9550d66,2,0.31453,0.64677,0.52955
reddit,gat,text,md_K2_matched,2,1,b095e9550d66,3,0.30403,0.64408,0.53728
reddit,gat,text,md_K2_matched,2,1,b095e9550d66,4,0.29812,0.65604,0.54985
reddit,gat,text,md_K2_matched,2,1,b095e9550d66,5,0.28827,0.65623,0.54575
reddit,gat,text,md_K2_matched,3,0,8602477c0a98,1,0.34147,0.64642,0.53162
reddit,gat,text,md_K2_matched,3,0,8602477c0a98,2,0.31369,0.67747,0.56058
reddit,gat,text,md_K2_matched,3,0,8602477c0a98,3,0.30344,0.68875,0.5753
reddit,gat,text,md_K2_matched,3,0,8602477c0a98,4,0.29146,0.67634,0.55889
reddit,gat,text,md_K2_matched,3,0,8602477c0a98,5,0.27557,0.68675,0.56718
reddit,gat,text,md_K2_matched,3,1,4935fbae8c7e,1,0.33899,0.63964,0.52691
reddit,gat,text,md_K2_matched,3,1,4935fbae8c7e,2,0.3079,0.66352,0.54104
reddit,gat,text,md_K2_matched,3,1,4935fbae8c7e,3,0.31968,0.6651,0.54639
reddit,gat,text,md_K2_matched,3,1,4935fbae8c7e,4,0.30196,0.65822,0.55439
reddit,gat,text,md_K2_matched,3,1,4935fbae8c7e,5,0.27604,0.65972,0.54544
reddit,gcn,text,md_K2_matched,0,0,4bec159f32b4,1,0.32699,0.58404,0.52709
reddit,gcn,text,md_K2_matched,0,0,4bec159f32b4,2,0.28191,0.59885,0.51836
reddit,gcn,text,md_K2_matched,0,0,4bec159f32b4,3,0.26657,0.60231,0.52825
reddit,gcn,text,md_K2_matched,0,0,4bec159f32b4,4,0.25912,0.60063,0.53261
reddit,gcn,text,md_K2_matched,0,0,4bec159f32b4,5,0.23607,0.61611,0.53494
reddit,gcn,text,md_K2_matched,0,1,2f88518819c1,1,0.32619,0.58169,0.53461
reddit,gcn,text,md_K2_matched,0,1,2f88518819c1,2,0.28265,0.60016,0.53207
reddit,gcn,text,md_K2_matched,0,1,2f88518819c1,3,0.26536,0.60492,0.53553
reddit,gcn,text,md_K2_matched,0,1,2f88518819c1,4,0.25715,0.60082,0.53474
reddit,gcn,text,md_K2_matched,0,1,2f88518819c1,5,0.24227,0.60416,0.54037
reddit,gcn,text,md_K2_matched,1,0,4697058562d3,1,0.33095,0.56628,0.52117
reddit,gcn,text,md_K2_matched,1,0,4697058562d3,2,0.28366,0.60932,0.53578
reddit,gcn,text,md_K2_matched,1,0,4697058562d3,3,0.26524,0.6032,0.53288
reddit,gcn,text,md_K2_matched,1,0,4697058562d3,4,0.25881,0.60528,0.53918
reddit,gcn,text,md_K2_matched,1,0,4697058562d3,5,0.24572,0.61085,0.54503
reddit,gcn,text,md_K2_matched,1,1,7566f9747302,1,0.32771,0.55733,0.51363
reddit,gcn,text,md_K2_matched,1,1,7566f9747302,2,0.28362,0.6121,0.53944
reddit,gcn,text,md_K2_matched,1,1,7566f9747302,3,0.26834,0.60648,0.53405
reddit,gcn,text,md_K2_matched,1,1,7566f9747302,4,0.25797,0.59704,0.53905
reddit,gcn,text,md_K2_matched,1,1,7566f9747302,5,0.2448,0.6106,0.54087
reddit,gcn,text,md_K2_matched,2,0,6a22f2205c20,1,0.33296,0.57908,0.53458
reddit,gcn,text,md_K2_matched,2,0,6a22f2205c20,2,0.2821,0.60931,0.54462
reddit,gcn,text,md_K2_matched,2,0,6a22f2205c20,3,0.26398,0.59898,0.5306
reddit,gcn,text,md_K2_matched,2,0,6a22f2205c20,4,0.25575,0.60777,0.53884
reddit,gcn,text,md_K2_matched,2,0,6a22f2205c20,5,0.24318,0.61298,0.55149
reddit,gcn,text,md_K2_matched,2,1,9c8befa7164e,1,0.33232,0.5744,0.52942
reddit,gcn,text,md_K2_matched,2,1,9c8befa7164e,2,0.2843,0.61299,0.55173
reddit,gcn,text,md_K2_matched,2,1,9c8befa7164e,3,0.26429,0.60439,0.53269
reddit,gcn,text,md_K2_matched,2,1,9c8befa7164e,4,0.25565,0.61256,0.54178
reddit,gcn,text,md_K2_matched,2,1,9c8befa7164e,5,0.24342,0.61224,0.53543
reddit,gcn,text,md_K2_matched,3,0,a01c4562687c,1,0.32929,0.57638,0.53145
reddit,gcn,text,md_K2_matched,3,0,a01c4562687c,2,0.27851,0.60215,0.53083
reddit,gcn,text,md_K2_matched,3,0,a01c4562687c,3,0.26916,0.6058,0.53573
reddit,gcn,text,md_K2_matched,3,0,a01c4562687c,4,0.25602,0.60322,0.53381
reddit,gcn,text,md_K2_matched,3,0,a01c4562687c,5,0.243,0.60482,0.52876
reddit,gcn,text,md_K2_matched,3,1,81754bb6af3f,1,0.32951,0.57274,0.53247
reddit,gcn,text,md_K2_matched,3,1,81754bb6af3f,2,0.28087,0.60311,0.53728
reddit,gcn,text,md_K2_matched,3,1,81754bb6af3f,3,0.26722,0.61844,0.53689
reddit,gcn,text,md_K2_matched,3,1,81754bb6af3f,4,0.25328,0.61249,0.53884
reddit,gcn,text,md_K2_matched,3,1,81754bb6af3f,5,0.24251,0.61089,0.54093
reddit,geniepath,text,md_K2_matched,0,0,c5bdbb5fd11f,1,0.33682,0.58701,0.47622
reddit,geniepath,text,md_K2_matched,0,0,c5bdbb5fd11f,2,0.29956,0.60719,0.52852
reddit,geniepath,text,md_K2_matched,0,0,c5bdbb5fd11f,3,0.28681,0.60543,0.52685
reddit,geniepath,text,md_K2_matched,0,0,c5bdbb5fd11f,4,0.29957,0.60059,0.54485
reddit,geniepath,text,md_K2_matched,0,0,c5bdbb5fd11f,5,0.28187,0.59886,0.54747
reddit,geniepath,text,md_K2_matched,0,1,c50dc219317d,1,0.34862,0.61004,0.49204
reddit,geniepath,text,md_K2_matched,0,1,c50dc219317d,2,0.29305,0.55833,0.50929
reddit,geniepath,text,md_K2_matched,0,1,c50dc219317d,3,0.28887,0.61578,0.52102
reddit,geniepath,text,md_K2_matched,0,1,c50dc219317d,4,0.266,0.6005,0.5348
reddit,geniepath,text,md_K2_matched,0,1,c50dc219317d,5,0.27101,0.59293,0.54387
reddit,geniepath,text,md_K2_matched,1,0,c66b4b23d019,1,0.34315,0.61741,0.54217
reddit,geniepath,text,md_K2_matched,1,0,c66b4b23d019,2,0.30794,0.57718,0.53384
reddit,geniepath,text,md_K2_matched,1,0,c66b4b23d019,3,0.28153,0.61453,0.49204
reddit,geniepath,text,md_K2_matched,1,0,c66b4b23d019,4,0.30643,0.60844,0.54624
reddit,geniepath,text,md_K2_matched,1,0,c66b4b23d019,5,0.2685,0.60718,0.55098
reddit,geniepath,text,md_K2_matched,1,1,ee75115a7a90,1,0.36694,0.56833,0.52308
reddit,geniepath,text,md_K2_matched,1,1,ee75115a7a90,2,0.31007,0.62222,0.53905
reddit,geniepath,text,md_K2_matched,1,1,ee75115a7a90,3,0.2849,0.60856,0.534
reddit,geniepath,text,md_K2_matched,1,1,ee75115a7a90,4,0.3025,0.58606,0.53089
reddit,geniepath,text,md_K2_matched,1,1,ee75115a7a90,5,0.28075,0.6077,0.53618
reddit,geniepath,text,md_K2_matched,2,0,9691e47275ea,1,0.34422,0.6092,0.54331
reddit,geniepath,text,md_K2_matched,2,0,9691e47275ea,2,0.2962,0.61373,0.55266
reddit,geniepath,text,md_K2_matched,2,0,9691e47275ea,3,0.2833,0.60141,0.52101
reddit,geniepath,text,md_K2_matched,2,0,9691e47275ea,4,0.27778,0.60099,0.55173
reddit,geniepath,text,md_K2_matched,2,0,9691e47275ea,5,0.26943,0.59965,0.53438
reddit,geniepath,text,md_K2_matched,2,1,e078bcfc40fc,1,0.35258,0.61162,0.54324
reddit,geniepath,text,md_K2_matched,2,1,e078bcfc40fc,2,0.30037,0.51636,0.54774
reddit,geniepath,text,md_K2_matched,2,1,e078bcfc40fc,3,0.29386,0.61853,0.5187
reddit,geniepath,text,md_K2_matched,2,1,e078bcfc40fc,4,0.28281,0.60489,0.53851
reddit,geniepath,text,md_K2_matched,2,1,e078bcfc40fc,5,0.27436,0.60023,0.53348
reddit,geniepath,text,md_K2_matched,3,0,6dca1df76068,1,0.35362,0.60228,0.52396
reddit,geniepath,text,md_K2_matched,3,0,6dca1df76068,2,0.29644,0.60244,0.54052
reddit,geniepath,text,md_K2_matched,3,0,6dca1df76068,3,0.27999,0.59941,0.53274
reddit,geniepath,text,md_K2_matched,3,0,6dca1df76068,4,0.26802,0.60294,0.54464
reddit,geniepath,text,md_K2_matched,3,0,6dca1df76068,5,0.28985,0.59362,0.52604
reddit,geniepath,text,md_K2_matched,3,1,f4956bfed584,1,0.35274,0.60448,0.53085
reddit,geniepath,text,md_K2_matched,3,1,f4956bfed584,2,0.30523,0.60044,0.53568
reddit,geniepath,text,md_K2_matched,3,1,f4956bfed584,3,0.2802,0.5996,0.52942
reddit,geniepath,text,md_K2_matched,3,1,f4956bfed584,4,0.27926,0.61281,0.54429
reddit,geniepath,text,md_K2_matched,3,1,f4956bfed584,5,0.2927,0.60782,0.53232
reddit,pmp,text,md_K2_matched,0,0,19dba819d187,1,0.33399,0.61721,0.52589
reddit,pmp,text,md_K2_matched,0,0,19dba819d187,2,0.29465,0.63695,0.52841
reddit,pmp,text,md_K2_matched,0,0,19dba819d187,3,0.2707,0.63473,0.53843
reddit,pmp,text,md_K2_matched,0,0,19dba819d187,4,0.25998,0.60981,0.53311
reddit,pmp,text,md_K2_matched,0,0,19dba819d187,5,0.23938,0.61292,0.52278
reddit,pmp,text,md_K2_matched,0,1,fb11ad307926,1,0.32984,0.61788,0.52534
reddit,pmp,text,md_K2_matched,0,1,fb11ad307926,2,0.28841,0.60801,0.51717
reddit,pmp,text,md_K2_matched,0,1,fb11ad307926,3,0.2752,0.62582,0.54338
reddit,pmp,text,md_K2_matched,0,1,fb11ad307926,4,0.26742,0.61668,0.5188
reddit,pmp,text,md_K2_matched,0,1,fb11ad307926,5,0.23735,0.6198,0.53669
reddit,pmp,text,md_K2_matched,1,0,dc50bd51a9ec,1,0.33881,0.61595,0.5046
reddit,pmp,text,md_K2_matched,1,0,dc50bd51a9ec,2,0.28946,0.61828,0.51548
reddit,pmp,text,md_K2_matched,1,0,dc50bd51a9ec,3,0.27292,0.6066,0.50937
reddit,pmp,text,md_K2_matched,1,0,dc50bd51a9ec,4,0.25423,0.59508,0.50921
reddit,pmp,text,md_K2_matched,1,0,dc50bd51a9ec,5,0.24531,0.60791,0.51263
reddit,pmp,text,md_K2_matched,1,1,6d54bd410b49,1,0.32752,0.60793,0.51527
reddit,pmp,text,md_K2_matched,1,1,6d54bd410b49,2,0.29638,0.60812,0.50293
reddit,pmp,text,md_K2_matched,1,1,6d54bd410b49,3,0.28238,0.60712,0.52713
reddit,pmp,text,md_K2_matched,1,1,6d54bd410b49,4,0.25793,0.58549,0.50401
reddit,pmp,text,md_K2_matched,1,1,6d54bd410b49,5,0.2447,0.61081,0.5215
reddit,pmp,text,md_K2_matched,2,0,e28a451557f9,1,0.34512,0.61464,0.5391
reddit,pmp,text,md_K2_matched,2,0,e28a451557f9,2,0.29508,0.61941,0.52801
reddit,pmp,text,md_K2_matched,2,0,e28a451557f9,3,0.26646,0.60424,0.51995
reddit,pmp,text,md_K2_matched,2,0,e28a451557f9,4,0.2554,0.60913,0.5298
reddit,pmp,text,md_K2_matched,2,0,e28a451557f9,5,0.23935,0.60114,0.53221
reddit,pmp,text,md_K2_matched,2,1,764bae413ab6,1,0.33538,0.60386,0.52949
reddit,pmp,text,md_K2_matched,2,1,764bae413ab6,2,0.29411,0.61555,0.52237
reddit,pmp,text,md_K2_matched,2,1,764bae413ab6,3,0.27304,0.62425,0.52002
reddit,pmp,text,md_K2_matched,2,1,764bae413ab6,4,0.26341,0.62265,0.52876
reddit,pmp,text,md_K2_matched,2,1,764bae413ab6,5,0.25125,0.62643,0.52389
reddit,pmp,text,md_K2_matched,3,0,8cb49d4f6239,1,0.34169,0.61739,0.5326
reddit,pmp,text,md_K2_matched,3,0,8cb49d4f6239,2,0.28859,0.62881,0.54338
reddit,pmp,text,md_K2_matched,3,0,8cb49d4f6239,3,0.27652,0.63238,0.54425
reddit,pmp,text,md_K2_matched,3,0,8cb49d4f6239,4,0.25747,0.61673,0.54101
reddit,pmp,text,md_K2_matched,3,0,8cb49d4f6239,5,0.24946,0.62706,0.53978
reddit,pmp,text,md_K2_matched,3,1,58cb2d2448f3,1,0.33521,0.60123,0.51309
reddit,pmp,text,md_K2_matched,3,1,58cb2d2448f3,2,0.28864,0.61519,0.52947
reddit,pmp,text,md_K2_matched,3,1,58cb2d2448f3,3,0.27281,0.62613,0.52556
reddit,pmp,text,md_K2_matched,3,1,58cb2d2448f3,4,0.25717,0.61668,0.51363
reddit,pmp,text,md_K2_matched,3,1,58cb2d2448f3,5,0.23706,0.62509,0.53569
instagram,bwgnn,text,md_K2_top_n,0,0,dcaa972ef2ad,1,0.44183,0.6063,0.54358
instagram,bwgnn,text,md_K2_top_n,0,0,dcaa972ef2ad,2,0.2909,0.60134,0.54927
instagram,bwgnn,text,md_K2_top_n,0,0,dcaa972ef2ad,3,0.27771,0.59576,0.53991
instagram,bwgnn,text,md_K2_top_n,0,0,dcaa972ef2ad,4,0.26543,0.57879,0.53348
instagram,bwgnn,text,md_K2_top_n,0,0,dcaa972ef2ad,5,0.2493,0.56606,0.53405
instagram,bwgnn,text,md_K2_top_n,0,1,df3d15474f75,1,0.64482,0.61465,0.53743
instagram,bwgnn,text,md_K2_top_n,0,1,df3d15474f75,2,0.28918,0.60524,0.54819
instagram,bwgnn,text,md_K2_top_n,0,1,df3d15474f75,3,0.27828,0.59543,0.54548
instagram,bwgnn,text,md_K2_top_n,0,1,df3d15474f75,4,0.26622,0.5787,0.52072
instagram,bwgnn,text,md_K2_top_n,0,1,df3d15474f75,5,0.24936,0.56991,0.5293
instagram,bwgnn,text,md_K2_top_n,1,0,05795899c87b,1,0.48031,0.65551,0.56611
instagram,bwgnn,text,md_K2_top_n,1,0,05795899c87b,2,0.30247,0.63756,0.54842
instagram,bwgnn,text,md_K2_top_n,1,0,05795899c87b,3,0.27626,0.59116,0.52839
instagram,bwgnn,text,md_K2_top_n,1,0,05795899c87b,4,0.25847,0.58516,0.52942
instagram,bwgnn,text,md_K2_top_n,1,0,05795899c87b,5,0.25042,0.56446,0.52244
instagram,bwgnn,text,md_K2_top_n,1,1,844c07a1669e,1,0.51424,0.6291,0.55173
instagram,bwgnn,text,md_K2_top_n,1,1,844c07a1669e,2,0.2893,0.60955,0.55018
instagram,bwgnn,text,md_K2_top_n,1,1,844c07a1669e,3,0.27513,0.6115,0.55042
instagram,bwgnn,text,md_K2_top_n,1,1,844c07a1669e,4,0.25717,0.62508,0.55496
instagram,bwgnn,text,md_K2_top_n,1,1,844c07a1669e,5,0.25096,0.57137,0.52675
instagram,bwgnn,text,md_K2_top_n,2,0,845cd4dd5e4f,1,0.41102,0.62067,0.55531
instagram,bwgnn,text,md_K2_top_n,2,0,845cd4dd5e4f,2,0.29675,0.60555,0.54324
instagram,bwgnn,text,md_K2_top_n,2,0,845cd4dd5e4f,3,0.27507,0.5797,0.54066
instagram,bwgnn,text,md_K2_top_n,2,0,845cd4dd5e4f,4,0.26052,0.56762,0.53182
instagram,bwgnn,text,md_K2_top_n,2,0,845cd4dd5e4f,5,0.25575,0.57175,0.5371
instagram,bwgnn,text,md_K2_top_n,2,1,8f7efb48b54c,1,0.49601,0.60488,0.5383
instagram,bwgnn,text,md_K2_top_n,2,1,8f7efb48b54c,2,0.30593,0.61413,0.54631
instagram,bwgnn,text,md_K2_top_n,2,1,8f7efb48b54c,3,0.4371,0.57787,0.52508
instagram,bwgnn,text,md_K2_top_n,2,1,8f7efb48b54c,4,0.26525,0.57035,0.52149
instagram,bwgnn,text,md_K2_top_n,2,1,8f7efb48b54c,5,0.25026,0.57581,0.53803
instagram,bwgnn,text,md_K2_top_n,3,0,faeb2fe83a9c,1,0.45177,0.59253,0.55387
instagram,bwgnn,text,md_K2_top_n,3,0,faeb2fe83a9c,2,0.29559,0.60676,0.55042
instagram,bwgnn,text,md_K2_top_n,3,0,faeb2fe83a9c,3,0.2756,0.60815,0.54967
instagram,bwgnn,text,md_K2_top_n,3,0,faeb2fe83a9c,4,0.26586,0.63146,0.55558
instagram,bwgnn,text,md_K2_top_n,3,0,faeb2fe83a9c,5,0.27397,0.5863,0.54005
instagram,bwgnn,text,md_K2_top_n,3,1,9a07e3453dc1,1,0.3869,0.59857,0.53599
instagram,bwgnn,text,md_K2_top_n,3,1,9a07e3453dc1,2,0.29375,0.5982,0.53356
instagram,bwgnn,text,md_K2_top_n,3,1,9a07e3453dc1,3,0.2716,0.58893,0.53173
instagram,bwgnn,text,md_K2_top_n,3,1,9a07e3453dc1,4,0.26293,0.58801,0.52456
instagram,bwgnn,text,md_K2_top_n,3,1,9a07e3453dc1,5,0.25585,0.57489,0.52312
instagram,care_gnn,text,md_K2_top_n,0,0,e081df1126a8,1,0.32923,0.65986,0.57081
instagram,care_gnn,text,md_K2_top_n,0,0,e081df1126a8,2,0.29471,0.64104,0.55068
instagram,care_gnn,text,md_K2_top_n,0,0,e081df1126a8,3,0.28516,0.62206,0.56148
instagram,care_gnn,text,md_K2_top_n,0,0,e081df1126a8,4,0.28865,0.61329,0.56564
instagram,care_gnn,text,md_K2_top_n,0,0,e081df1126a8,5,0.26492,0.58522,0.57076
instagram,care_gnn,text,md_K2_top_n,0,1,8fdb20800c4c,1,0.34628,0.67919,0.56867
instagram,care_gnn,text,md_K2_top_n,0,1,8fdb20800c4c,2,0.30107,0.65868,0.55812
instagram,care_gnn,text,md_K2_top_n,0,1,8fdb20800c4c,3,0.29127,0.64583,0.55721
instagram,care_gnn,text,md_K2_top_n,0,1,8fdb20800c4c,4,0.28845,0.63196,0.55988
instagram,care_gnn,text,md_K2_top_n,0,1,8fdb20800c4c,5,0.26793,0.59905,0.56173
instagram,care_gnn,text,md_K2_top_n,1,0,aefd3ab49ba9,1,0.33553,0.64926,0.5943
instagram,care_gnn,text,md_K2_top_n,1,0,aefd3ab49ba9,2,0.28867,0.63691,0.55855
instagram,care_gnn,text,md_K2_top_n,1,0,aefd3ab49ba9,3,0.28059,0.6204,0.54964
instagram,care_gnn,text,md_K2_top_n,1,0,aefd3ab49ba9,4,0.26644,0.59179,0.54795
instagram,care_gnn,text,md_K2_top_n,1,0,aefd3ab49ba9,5,0.26751,0.586,0.55879
instagram,care_gnn,text,md_K2_top_n,1,1,0e65400fcf73,1,0.35341,0.65145,0.57581
instagram,care_gnn,text,md_K2_top_n,1,1,0e65400fcf73,2,0.29166,0.64512,0.56764
instagram,care_gnn,text,md_K2_top_n,1,1,0e65400fcf73,3,0.28619,0.6335,0.5636
instagram,care_gnn,text,md_K2_top_n,1,1,0e65400fcf73,4,0.27021,0.60985,0.556
instagram,care_gnn,text,md_K2_top_n,1,1,0e65400fcf73,5,0.27003,0.59207,0.56208
instagram,care_gnn,text,md_K2_top_n,2,0,43a42985fa0e,1,0.33052,0.66207,0.58241
instagram,care_gnn,text,md_K2_top_n,2,0,43a42985fa0e,2,0.29414,0.64195,0.56661
instagram,care_gnn,text,md_K2_top_n,2,0,43a42985fa0e,3,0.28428,0.62704,0.55942
instagram,care_gnn,text,md_K2_top_n,2,0,43a42985fa0e,4,0.27092,0.59813,0.55004
instagram,care_gnn,text,md_K2_top_n,2,0,43a42985fa0e,5,0.2577,0.56812,0.55924
instagram,care_gnn,text,md_K2_top_n,2,1,41f2e5d6c871,1,0.34792,0.66192,0.568
instagram,care_gnn,text,md_K2_top_n,2,1,41f2e5d6c871,2,0.29985,0.65847,0.57127
instagram,care_gnn,text,md_K2_top_n,2,1,41f2e5d6c871,3,0.29052,0.65209,0.55773
instagram,care_gnn,text,md_K2_top_n,2,1,41f2e5d6c871,4,0.27597,0.61876,0.56803
instagram,care_gnn,text,md_K2_top_n,2,1,41f2e5d6c871,5,0.26253,0.60429,0.55988
instagram,care_gnn,text,md_K2_top_n,3,0,530dc73b1212,1,0.32188,0.65653,0.55829
instagram,care_gnn,text,md_K2_top_n,3,0,530dc73b1212,2,0.29571,0.64608,0.56272
instagram,care_gnn,text,md_K2_top_n,3,0,530dc73b1212,3,0.27979,0.6151,0.57739
instagram,care_gnn,text,md_K2_top_n,3,0,530dc73b1212,4,0.27331,0.60524,0.56262
instagram,care_gnn,text,md_K2_top_n,3,0,530dc73b1212,5,0.28405,0.56197,0.54615
instagram,care_gnn,text,md_K2_top_n,3,1,2241307683e2,1,0.33146,0.65816,0.56918
instagram,care_gnn,text,md_K2_top_n,3,1,2241307683e2,2,0.29774,0.65243,0.57603
instagram,care_gnn,text,md_K2_top_n,3,1,2241307683e2,3,0.28359,0.63687,0.56031
instagram,care_gnn,text,md_K2_top_n,3,1,2241307683e2,4,0.27685,0.62361,0.5492
instagram,care_gnn,text,md_K2_top_n,3,1,2241307683e2,5,0.27186,0.60093,0.55928
instagram,dga_gnn,text,md_K2_top_n,0,0,847a2750840c,1,0.35908,0.62804,0.5675
instagram,dga_gnn,text,md_K2_top_n,0,0,847a2750840c,2,0.31435,0.61752,0.53686
instagram,dga_gnn,text,md_K2_top_n,0,0,847a2750840c,3,0.312,0.60609,0.57597
instagram,dga_gnn,text,md_K2_top_n,0,0,847a2750840c,4,0.30918,0.57404,0.53968
instagram,dga_gnn,text,md_K2_top_n,0,0,847a2750840c,5,0.29067,0.59705,0.5464
instagram,dga_gnn,text,md_K2_top_n,0,1,43124045b4b6,1,0.36267,0.6264,0.55395
instagram,dga_gnn,text,md_K2_top_n,0,1,43124045b4b6,2,0.31591,0.60673,0.56673
instagram,dga_gnn,text,md_K2_top_n,0,1,43124045b4b6,3,0.31005,0.61463,0.57379
instagram,dga_gnn,text,md_K2_top_n,0,1,43124045b4b6,4,0.31529,0.60921,0.50849
instagram,dga_gnn,text,md_K2_top_n,0,1,43124045b4b6,5,0.29808,0.60132,0.54453
instagram,dga_gnn,text,md_K2_top_n,1,0,bab695554259,1,0.3451,0.65209,0.54822
instagram,dga_gnn,text,md_K2_top_n,1,0,bab695554259,2,0.32353,0.6259,0.5536
instagram,dga_gnn,text,md_K2_top_n,1,0,bab695554259,3,0.30101,0.61017,0.56611
instagram,dga_gnn,text,md_K2_top_n,1,0,bab695554259,4,0.29118,0.55983,0.55518
instagram,dga_gnn,text,md_K2_top_n,1,0,bab695554259,5,0.2879,0.5796,0.55717
instagram,dga_gnn,text,md_K2_top_n,1,1,f890c0c69d6d,1,0.36192,0.61871,0.53997
instagram,dga_gnn,text,md_K2_top_n,1,1,f890c0c69d6d,2,0.31609,0.62612,0.54658
instagram,dga_gnn,text,md_K2_top_n,1,1,f890c0c69d6d,3,0.32081,0.61829,0.57259
instagram,dga_gnn,text,md_K2_top_n,1,1,f890c0c69d6d,4,0.29387,0.58691,0.55091
instagram,dga_gnn,text,md_K2_top_n,1,1,f890c0c69d6d,5,0.29663,0.59564,0.5482
instagram,dga_gnn,text,md_K2_top_n,2,0,59aa81398033,1,0.36081,0.64016,0.56469
instagram,dga_gnn,text,md_K2_top_n,2,0,59aa81398033,2,0.30558,0.61257,0.55909
instagram,dga_gnn,text,md_K2_top_n,2,0,59aa81398033,3,0.30977,0.62179,0.5814
instagram,dga_gnn,text,md_K2_top_n,2,0,59aa81398033,4,0.2898,0.5978,0.55097
instagram,dga_gnn,text,md_K2_top_n,2,0,59aa81398033,5,0.2822,0.59066,0.52138
instagram,dga_gnn,text,md_K2_top_n,2,1,cd92e957787b,1,0.38019,0.62248,0.55566
instagram,dga_gnn,text,md_K2_top_n,2,1,cd92e957787b,2,0.31525,0.6108,0.57618
instagram,dga_gnn,text,md_K2_top_n,2,1,cd92e957787b,3,0.31239,0.59718,0.54623
instagram,dga_gnn,text,md_K2_top_n,2,1,cd92e957787b,4,0.28615,0.58626,0.54618
instagram,dga_gnn,text,md_K2_top_n,2,1,cd92e957787b,5,0.26904,0.6034,0.56663
instagram,dga_gnn,text,md_K2_top_n,3,0,5675e63441d7,1,0.33771,0.63491,0.56785
instagram,dga_gnn,text,md_K2_top_n,3,0,5675e63441d7,2,0.31916,0.64662,0.5444
instagram,dga_gnn,text,md_K2_top_n,3,0,5675e63441d7,3,0.305,0.62966,0.56027
instagram,dga_gnn,text,md_K2_top_n,3,0,5675e63441d7,4,0.30944,0.61375,0.56424
instagram,dga_gnn,text,md_K2_top_n,3,0,5675e63441d7,5,0.307,0.5075,0.48773
instagram,dga_gnn,text,md_K2_top_n,3,1,957bcf8ff8f7,1,0.34179,0.62533,0.58393
instagram,dga_gnn,text,md_K2_top_n,3,1,957bcf8ff8f7,2,0.32044,0.63219,0.59654
instagram,dga_gnn,text,md_K2_top_n,3,1,957bcf8ff8f7,3,0.29299,0.63044,0.5463
instagram,dga_gnn,text,md_K2_top_n,3,1,957bcf8ff8f7,4,0.29347,0.62577,0.60336
instagram,dga_gnn,text,md_K2_top_n,3,1,957bcf8ff8f7,5,0.28986,0.60394,0.54509
instagram,gat,text,md_K2_top_n,0,0,ecb954d63c64,1,0.36763,0.66276,0.59346
instagram,gat,text,md_K2_top_n,0,0,ecb954d63c64,2,0.33125,0.62069,0.57145
instagram,gat,text,md_K2_top_n,0,0,ecb954d63c64,3,0.34007,0.59674,0.57885
instagram,gat,text,md_K2_top_n,0,0,ecb954d63c64,4,0.3325,0.62739,0.57145
instagram,gat,text,md_K2_top_n,0,0,ecb954d63c64,5,0.30061,0.56433,0.55024
instagram,gat,text,md_K2_top_n,0,1,30a17dcc0519,1,0.35995,0.66899,0.56803
instagram,gat,text,md_K2_top_n,0,1,30a17dcc0519,2,0.34467,0.63127,0.56627
instagram,gat,text,md_K2_top_n,0,1,30a17dcc0519,3,0.35093,0.60351,0.54656
instagram,gat,text,md_K2_top_n,0,1,30a17dcc0519,4,0.32905,0.61507,0.55162
instagram,gat,text,md_K2_top_n,0,1,30a17dcc0519,5,0.29598,0.59982,0.55855
instagram,gat,text,md_K2_top_n,1,0,b137b337a1a1,1,0.35001,0.63479,0.5441
instagram,gat,text,md_K2_top_n,1,0,b137b337a1a1,2,0.31438,0.6357,0.57644
instagram,gat,text,md_K2_top_n,1,0,b137b337a1a1,3,0.33224,0.62537,0.54665
instagram,gat,text,md_K2_top_n,1,0,b137b337a1a1,4,0.31754,0.55713,0.53829
instagram,gat,text,md_K2_top_n,1,0,b137b337a1a1,5,0.31128,0.58655,0.57152
instagram,gat,text,md_K2_top_n,1,1,21da711b3141,1,0.35229,0.65316,0.55619
instagram,gat,text,md_K2_top_n,1,1,21da711b3141,2,0.31933,0.61717,0.57059
instagram,gat,text,md_K2_top_n,1,1,21da711b3141,3,0.33071,0.60299,0.52244
instagram,gat,text,md_K2_top_n,1,1,21da711b3141,4,0.30503,0.56071,0.5345
instagram,gat,text,md_K2_top_n,1,1,21da711b3141,5,0.30038,0.5665,0.5536
instagram,gat,text,md_K2_top_n,2,0,69e3ddb35cdd,1,0.34116,0.65634,0.58988
instagram,gat,text,md_K2_top_n,2,0,69e3ddb35cdd,2,0.33031,0.60561,0.57076
instagram,gat,text,md_K2_top_n,2,0,69e3ddb35cdd,3,0.30983,0.6064,0.57031
instagram,gat,text,md_K2_top_n,2,0,69e3ddb35cdd,4,0.32422,0.61861,0.55127
instagram,gat,text,md_K2_top_n,2,0,69e3ddb35cdd,5,0.30007,0.6028,0.55903
instagram,gat,text,md_K2_top_n,2,1,9b496a5d1fad,1,0.34246,0.66057,0.57473
instagram,gat,text,md_K2_top_n,2,1,9b496a5d1fad,2,0.33514,0.64501,0.56918
instagram,gat,text,md_K2_top_n,2,1,9b496a5d1fad,3,0.30798,0.64156,0.58165
instagram,gat,text,md_K2_top_n,2,1,9b496a5d1fad,4,0.2873,0.6029,0.55928
instagram,gat,text,md_K2_top_n,2,1,9b496a5d1fad,5,0.29201,0.61467,0.55488
instagram,gat,text,md_K2_top_n,3,0,1feb2301423b,1,0.34807,0.64808,0.57585
instagram,gat,text,md_K2_top_n,3,0,1feb2301423b,2,0.31901,0.64599,0.59347
instagram,gat,text,md_K2_top_n,3,0,1feb2301423b,3,0.32046,0.59314,0.57348
instagram,gat,text,md_K2_top_n,3,0,1feb2301423b,4,0.32501,0.62606,0.57401
instagram,gat,text,md_K2_top_n,3,0,1feb2301423b,5,0.31499,0.57518,0.5496
instagram,gat,text,md_K2_top_n,3,1,98f9c8a17371,1,0.35372,0.6367,0.5727
instagram,gat,text,md_K2_top_n,3,1,98f9c8a17371,2,0.33714,0.64891,0.57619
instagram,gat,text,md_K2_top_n,3,1,98f9c8a17371,3,0.31584,0.59376,0.54718
instagram,gat,text,md_K2_top_n,3,1,98f9c8a17371,4,0.31176,0.61313,0.55316
instagram,gat,text,md_K2_top_n,3,1,98f9c8a17371,5,0.3198,0.57018,0.54546
instagram,gcn,text,md_K2_top_n,0,0,560f03435e23,1,0.33589,0.67178,0.55352
instagram,gcn,text,md_K2_top_n,0,0,560f03435e23,2,0.28675,0.64333,0.5938
instagram,gcn,text,md_K2_top_n,0,0,560f03435e23,3,0.264,0.63114,0.57603
instagram,gcn,text,md_K2_top_n,0,0,560f03435e23,4,0.26056,0.61544,0.56445
instagram,gcn,text,md_K2_top_n,0,0,560f03435e23,5,0.23683,0.59932,0.55927
instagram,gcn,text,md_K2_top_n,0,1,6927898f44fd,1,0.33527,0.66901,0.5629
instagram,gcn,text,md_K2_top_n,0,1,6927898f44fd,2,0.28427,0.64537,0.56803
instagram,gcn,text,md_K2_top_n,0,1,6927898f44fd,3,0.26208,0.63395,0.56494
instagram,gcn,text,md_K2_top_n,0,1,6927898f44fd,4,0.26033,0.61442,0.55097
instagram,gcn,text,md_K2_top_n,0,1,6927898f44fd,5,0.23708,0.6048,0.55717
instagram,gcn,text,md_K2_top_n,1,0,38cd9225d21c,1,0.32554,0.67042,0.59143
instagram,gcn,text,md_K2_top_n,1,0,38cd9225d21c,2,0.28048,0.64643,0.58401
instagram,gcn,text,md_K2_top_n,1,0,38cd9225d21c,3,0.27061,0.63704,0.55107
instagram,gcn,text,md_K2_top_n,1,0,38cd9225d21c,4,0.24837,0.63254,0.55876
instagram,gcn,text,md_K2_top_n,1,0,38cd9225d21c,5,0.24656,0.62125,0.54698
instagram,gcn,text,md_K2_top_n,1,1,249c3dc79255,1,0.3245,0.65959,0.59018
instagram,gcn,text,md_K2_top_n,1,1,249c3dc79255,2,0.2817,0.63173,0.56972
instagram,gcn,text,md_K2_top_n,1,1,249c3dc79255,3,0.2711,0.62271,0.5492
instagram,gcn,text,md_K2_top_n,1,1,249c3dc79255,4,0.24704,0.61371,0.54444
instagram,gcn,text,md_K2_top_n,1,1,249c3dc79255,5,0.24846,0.61028,0.54083
instagram,gcn,text,md_K2_top_n,2,0,2c9d9c157c9e,1,0.33327,0.65409,0.56629
instagram,gcn,text,md_K2_top_n,2,0,2c9d9c157c9e,2,0.28512,0.63235,0.56914
instagram,gcn,text,md_K2_top_n,2,0,2c9d9c157c9e,3,0.26888,0.61788,0.55069
instagram,gcn,text,md_K2_top_n,2,0,2c9d9c157c9e,4,0.2482,0.59991,0.5722
instagram,gcn,text,md_K2_top_n,2,0,2c9d9c157c9e,5,0.24283,0.5979,0.54404
instagram,gcn,text,md_K2_top_n,2,1,0d3552cde8fd,1,0.32825,0.64945,0.57819
instagram,gcn,text,md_K2_top_n,2,1,0d3552cde8fd,2,0.28868,0.6345,0.58136
instagram,gcn,text,md_K2_top_n,2,1,0d3552cde8fd,3,0.26878,0.61681,0.55277
instagram,gcn,text,md_K2_top_n,2,1,0d3552cde8fd,4,0.24949,0.6014,0.5527
instagram,gcn,text,md_K2_top_n,2,1,0d3552cde8fd,5,0.24014,0.60072,0.54769
instagram,gcn,text,md_K2_top_n,3,0,fb3b63ffd33c,1,0.32824,0.66601,0.58047
instagram,gcn,text,md_K2_top_n,3,0,fb3b63ffd33c,2,0.28937,0.6604,0.56726
instagram,gcn,text,md_K2_top_n,3,0,fb3b63ffd33c,3,0.26088,0.64264,0.57506
instagram,gcn,text,md_K2_top_n,3,0,fb3b63ffd33c,4,0.25272,0.63412,0.55294
instagram,gcn,text,md_K2_top_n,3,0,fb3b63ffd33c,5,0.24497,0.62737,0.54885
instagram,gcn,text,md_K2_top_n,3,1,7a7433fcd3e8,1,0.32785,0.6553,0.56166
instagram,gcn,text,md_K2_top_n,3,1,7a7433fcd3e8,2,0.2923,0.65187,0.5596
instagram,gcn,text,md_K2_top_n,3,1,7a7433fcd3e8,3,0.26402,0.64097,0.5776
instagram,gcn,text,md_K2_top_n,3,1,7a7433fcd3e8,4,0.2517,0.63231,0.55917
instagram,gcn,text,md_K2_top_n,3,1,7a7433fcd3e8,5,0.24768,0.6135,0.55063
instagram,geniepath,text,md_K2_top_n,0,0,c01db84f31bf,1,0.34382,0.62444,0.55406
instagram,geniepath,text,md_K2_top_n,0,0,c01db84f31bf,2,0.29938,0.59518,0.52553
instagram,geniepath,text,md_K2_top_n,0,0,c01db84f31bf,3,0.28915,0.5908,0.53927
instagram,geniepath,text,md_K2_top_n,0,0,c01db84f31bf,4,0.28465,0.5726,0.52414
instagram,geniepath,text,md_K2_top_n,0,0,c01db84f31bf,5,0.25758,0.56152,0.52077
instagram,geniepath,text,md_K2_top_n,0,1,2c9b710183db,1,0.34226,0.61261,0.5632
instagram,geniepath,text,md_K2_top_n,0,1,2c9b710183db,2,0.29807,0.58708,0.5229
instagram,geniepath,text,md_K2_top_n,0,1,2c9b710183db,3,0.28864,0.5842,0.54056
instagram,geniepath,text,md_K2_top_n,0,1,2c9b710183db,4,0.28391,0.56666,0.52062
instagram,geniepath,text,md_K2_top_n,0,1,2c9b710183db,5,0.25443,0.56004,0.52139
instagram,geniepath,text,md_K2_top_n,1,0,5006a16a3b44,1,0.36713,0.60088,0.54718
instagram,geniepath,text,md_K2_top_n,1,0,5006a16a3b44,2,0.30098,0.59718,0.51803
instagram,geniepath,text,md_K2_top_n,1,0,5006a16a3b44,3,0.30901,0.58133,0.50933
instagram,geniepath,text,md_K2_top_n,1,0,5006a16a3b44,4,0.2687,0.56954,0.52216
instagram,geniepath,text,md_K2_top_n,1,0,5006a16a3b44,5,0.28071,0.55642,0.50741
instagram,geniepath,text,md_K2_top_n,1,1,c7d0e8b35d0e,1,0.36519,0.58916,0.52939
instagram,geniepath,text,md_K2_top_n,1,1,c7d0e8b35d0e,2,0.29805,0.58849,0.53099
instagram,geniepath,text,md_K2_top_n,1,1,c7d0e8b35d0e,3,0.30096,0.57522,0.50789
instagram,geniepath,text,md_K2_top_n,1,1,c7d0e8b35d0e,4,0.26568,0.56664,0.51565
instagram,geniepath,text,md_K2_top_n,1,1,c7d0e8b35d0e,5,0.27887,0.55305,0.51297
instagram,geniepath,text,md_K2_top_n,2,0,afa813c00388,1,0.36871,0.60613,0.54831
instagram,geniepath,text,md_K2_top_n,2,0,afa813c00388,2,0.31332,0.59559,0.53722
instagram,geniepath,text,md_K2_top_n,2,0,afa813c00388,3,0.28145,0.56429,0.52207
instagram,geniepath,text,md_K2_top_n,2,0,afa813c00388,4,0.26944,0.55956,0.51948
instagram,geniepath,text,md_K2_top_n,2,0,afa813c00388,5,0.25293,0.57523,0.5211
instagram,geniepath,text,md_K2_top_n,2,1,90f463601cc3,1,0.35884,0.59755,0.52694
instagram,geniepath,text,md_K2_top_n,2,1,90f463601cc3,2,0.30065,0.58578,0.52512
instagram,geniepath,text,md_K2_top_n,2,1,90f463601cc3,3,0.28729,0.55734,0.50564
instagram,geniepath,text,md_K2_top_n,2,1,90f463601cc3,4,0.27188,0.55717,0.51322
instagram,geniepath,text,md_K2_top_n,2,1,90f463601cc3,5,0.25336,0.55525,0.51319
instagram,geniepath,text,md_K2_top_n,3,0,6dc36446e06c,1,0.32712,0.60211,0.54942
instagram,geniepath,text,md_K2_top_n,3,0,6dc36446e06c,2,0.30665,0.59037,0.50539
instagram,geniepath,text,md_K2_top_n,3,0,6dc36446e06c,3,0.27984,0.57725,0.52156
instagram,geniepath,text,md_K2_top_n,3,0,6dc36446e06c,4,0.26792,0.57252,0.51535
instagram,geniepath,text,md_K2_top_n,3,0,6dc36446e06c,5,0.26768,0.55575,0.51891
instagram,geniepath,text,md_K2_top_n,3,1,ba8e2649a8d8,1,0.33143,0.59318,0.53109
instagram,geniepath,text,md_K2_top_n,3,1,ba8e2649a8d8,2,0.30817,0.58362,0.53671
instagram,geniepath,text,md_K2_top_n,3,1,ba8e2649a8d8,3,0.27985,0.58128,0.51462
instagram,geniepath,text,md_K2_top_n,3,1,ba8e2649a8d8,4,0.2718,0.57087,0.51322
instagram,geniepath,text,md_K2_top_n,3,1,ba8e2649a8d8,5,0.26664,0.56098,0.51976
instagram,pmp,text,md_K2_top_n,0,0,04fec6cfc74d,1,0.35815,0.6628,0.54915
instagram,pmp,text,md_K2_top_n,0,0,04fec6cfc74d,2,0.29853,0.61773,0.55241
instagram,pmp,text,md_K2_top_n,0,0,04fec6cfc74d,3,0.29909,0.58658,0.55387
instagram,pmp,text,md_K2_top_n,0,0,04fec6cfc74d,4,0.28017,0.60426,0.55988
instagram,pmp,text,md_K2_top_n,0,0,04fec6cfc74d,5,0.2587,0.57552,0.54404
instagram,pmp,text,md_K2_top_n,0,1,fee9427bccd4,1,0.33772,0.66988,0.5815
instagram,pmp,text,md_K2_top_n,0,1,fee9427bccd4,2,0.30983,0.62361,0.57414
instagram,pmp,text,md_K2_top_n,0,1,fee9427bccd4,3,0.30197,0.59316,0.54404
instagram,pmp,text,md_K2_top_n,0,1,fee9427bccd4,4,0.2861,0.6143,0.54983
instagram,pmp,text,md_K2_top_n,0,1,fee9427bccd4,5,0.27133,0.58383,0.55141
instagram,pmp,text,md_K2_top_n,1,0,748340181785,1,0.34032,0.61457,0.54851
instagram,pmp,text,md_K2_top_n,1,0,748340181785,2,0.29926,0.60501,0.57023
instagram,pmp,text,md_K2_top_n,1,0,748340181785,3,0.2856,0.56998,0.55828
instagram,pmp,text,md_K2_top_n,1,0,748340181785,4,0.26973,0.54463,0.53698
instagram,pmp,text,md_K2_top_n,1,0,748340181785,5,0.25967,0.57464,0.54615
instagram,pmp,text,md_K2_top_n,1,1,6aa0a521cee9,1,0.32957,0.63908,0.55924
instagram,pmp,text,md_K2_top_n,1,1,6aa0a521cee9,2,0.30512,0.64283,0.55619
instagram,pmp,text,md_K2_top_n,1,1,6aa0a521cee9,3,0.2942,0.59897,0.56133
instagram,pmp,text,md_K2_top_n,1,1,6aa0a521cee9,4,0.27244,0.56008,0.55518
instagram,pmp,text,md_K2_top_n,1,1,6aa0a521cee9,5,0.26363,0.55769,0.5536
instagram,pmp,text,md_K2_top_n,2,0,009146bf2ce0,1,0.34465,0.62962,0.57939
instagram,pmp,text,md_K2_top_n,2,0,009146bf2ce0,2,0.31233,0.6123,0.57391
instagram,pmp,text,md_K2_top_n,2,0,009146bf2ce0,3,0.29637,0.5972,0.55664
instagram,pmp,text,md_K2_top_n,2,0,009146bf2ce0,4,0.2728,0.58968,0.55177
instagram,pmp,text,md_K2_top_n,2,0,009146bf2ce0,5,0.25052,0.57864,0.526
instagram,pmp,text,md_K2_top_n,2,1,e8dfc4d7364b,1,0.34273,0.64168,0.56326
instagram,pmp,text,md_K2_top_n,2,1,e8dfc4d7364b,2,0.30929,0.62669,0.56039
instagram,pmp,text,md_K2_top_n,2,1,e8dfc4d7364b,3,0.29394,0.63244,0.56693
instagram,pmp,text,md_K2_top_n,2,1,e8dfc4d7364b,4,0.27166,0.58593,0.55401
instagram,pmp,text,md_K2_top_n,2,1,e8dfc4d7364b,5,0.25134,0.58901,0.53901
instagram,pmp,text,md_K2_top_n,3,0,8a7436bf6a04,1,0.34977,0.63573,0.56262
instagram,pmp,text,md_K2_top_n,3,0,8a7436bf6a04,2,0.30837,0.62383,0.55801
instagram,pmp,text,md_K2_top_n,3,0,8a7436bf6a04,3,0.279,0.61602,0.56173
instagram,pmp,text,md_K2_top_n,3,0,8a7436bf6a04,4,0.27426,0.60696,0.56031
instagram,pmp,text,md_K2_top_n,3,0,8a7436bf6a04,5,0.25963,0.57302,0.52885
instagram,pmp,text,md_K2_top_n,3,1,1d30cd70de0f,1,0.33849,0.66309,0.59143
instagram,pmp,text,md_K2_top_n,3,1,1d30cd70de0f,2,0.30106,0.62606,0.53991
instagram,pmp,text,md_K2_top_n,3,1,1d30cd70de0f,3,0.28475,0.62513,0.56972
instagram,pmp,text,md_K2_top_n,3,1,1d30cd70de0f,4,0.28094,0.6084,0.57349
instagram,pmp,text,md_K2_top_n,3,1,1d30cd70de0f,5,0.27337,0.57512,0.53808
reddit,bwgnn,text,md_K2_top_n,0,0,1f8ad9d40f9b,1,0.34244,0.64444,0.58262
reddit,bwgnn,text,md_K2_top_n,0,0,1f8ad9d40f9b,2,0.2887,0.65472,0.55701
reddit,bwgnn,text,md_K2_top_n,0,0,1f8ad9d40f9b,3,0.26111,0.64192,0.5596
reddit,bwgnn,text,md_K2_top_n,0,0,1f8ad9d40f9b,4,0.25614,0.61731,0.54835
reddit,bwgnn,text,md_K2_top_n,0,0,1f8ad9d40f9b,5,0.2269,0.65151,0.57344
reddit,bwgnn,text,md_K2_top_n,0,1,c41f0ac88640,1,0.33324,0.65355,0.54062
reddit,bwgnn,text,md_K2_top_n,0,1,c41f0ac88640,2,0.28018,0.63002,0.53852
reddit,bwgnn,text,md_K2_top_n,0,1,c41f0ac88640,3,0.27388,0.63848,0.55749
reddit,bwgnn,text,md_K2_top_n,0,1,c41f0ac88640,4,0.23392,0.607,0.56133
reddit,bwgnn,text,md_K2_top_n,0,1,c41f0ac88640,5,0.2085,0.63844,0.55216
reddit,bwgnn,text,md_K2_top_n,1,0,cbec4f0b6f00,1,0.3261,0.60237,0.51828
reddit,bwgnn,text,md_K2_top_n,1,0,cbec4f0b6f00,2,0.2855,0.63902,0.55685
reddit,bwgnn,text,md_K2_top_n,1,0,cbec4f0b6f00,3,0.28996,0.54321,0.54185
reddit,bwgnn,text,md_K2_top_n,1,0,cbec4f0b6f00,4,0.26621,0.64581,0.54725
reddit,bwgnn,text,md_K2_top_n,1,0,cbec4f0b6f00,5,0.23548,0.62587,0.54384
reddit,bwgnn,text,md_K2_top_n,1,1,ad9a0efd816b,1,0.32259,0.60564,0.52247
reddit,bwgnn,text,md_K2_top_n,1,1,ad9a0efd816b,2,0.28251,0.63534,0.56702
reddit,bwgnn,text,md_K2_top_n,1,1,ad9a0efd816b,3,0.27107,0.5891,0.53148
reddit,bwgnn,text,md_K2_top_n,1,1,ad9a0efd816b,4,0.25891,0.65853,0.57073
reddit,bwgnn,text,md_K2_top_n,1,1,ad9a0efd816b,5,0.22591,0.64821,0.56828
reddit,bwgnn,text,md_K2_top_n,2,0,80a7de820f1d,1,0.341,0.63674,0.54557
reddit,bwgnn,text,md_K2_top_n,2,0,80a7de820f1d,2,0.28064,0.5928,0.558
reddit,bwgnn,text,md_K2_top_n,2,0,80a7de820f1d,3,0.26006,0.65938,0.56313
reddit,bwgnn,text,md_K2_top_n,2,0,80a7de820f1d,4,0.22404,0.66876,0.57323
reddit,bwgnn,text,md_K2_top_n,2,0,80a7de820f1d,5,0.20323,0.57194,0.54274
reddit,bwgnn,text,md_K2_top_n,2,1,2242409862b8,1,0.33006,0.63822,0.56336
reddit,bwgnn,text,md_K2_top_n,2,1,2242409862b8,2,0.28978,0.63973,0.54406
reddit,bwgnn,text,md_K2_top_n,2,1,2242409862b8,3,0.25883,0.6639,0.5853
reddit,bwgnn,text,md_K2_top_n,2,1,2242409862b8,4,0.2471,0.65941,0.60197
reddit,bwgnn,text,md_K2_top_n,2,1,2242409862b8,5,0.25057,0.66263,0.57092
reddit,bwgnn,text,md_K2_top_n,3,0,9663b6a825e6,1,0.33048,0.61472,0.54283
reddit,bwgnn,text,md_K2_top_n,3,0,9663b6a825e6,2,0.28621,0.62325,0.53985
reddit,bwgnn,text,md_K2_top_n,3,0,9663b6a825e6,3,0.26459,0.64655,0.55316
reddit,bwgnn,text,md_K2_top_n,3,0,9663b6a825e6,4,0.26989,0.61894,0.55147
reddit,bwgnn,text,md_K2_top_n,3,0,9663b6a825e6,5,0.25816,0.63854,0.56227
reddit,bwgnn,text,md_K2_top_n,3,1,2f6fbb57e9ff,1,0.32516,0.61241,0.53112
reddit,bwgnn,text,md_K2_top_n,3,1,2f6fbb57e9ff,2,0.27842,0.64258,0.55862
reddit,bwgnn,text,md_K2_top_n,3,1,2f6fbb57e9ff,3,0.26764,0.66383,0.57427
reddit,bwgnn,text,md_K2_top_n,3,1,2f6fbb57e9ff,4,0.24324,0.63838,0.56661
reddit,bwgnn,text,md_K2_top_n,3,1,2f6fbb57e9ff,5,0.18407,0.62837,0.56868
reddit,care_gnn,text,md_K2_top_n,0,0,410dbce9ec0e,1,0.32107,0.61982,0.51366
reddit,care_gnn,text,md_K2_top_n,0,0,410dbce9ec0e,2,0.29006,0.61714,0.50781
reddit,care_gnn,text,md_K2_top_n,0,0,410dbce9ec0e,3,0.27053,0.63552,0.51753
reddit,care_gnn,text,md_K2_top_n,0,0,410dbce9ec0e,4,0.26118,0.62209,0.51225
reddit,care_gnn,text,md_K2_top_n,0,0,410dbce9ec0e,5,0.23756,0.64688,0.53105
reddit,care_gnn,text,md_K2_top_n,0,1,6435666275b0,1,0.32745,0.61176,0.5106
reddit,care_gnn,text,md_K2_top_n,0,1,6435666275b0,2,0.28991,0.6223,0.504
reddit,care_gnn,text,md_K2_top_n,0,1,6435666275b0,3,0.26559,0.63254,0.51258
reddit,care_gnn,text,md_K2_top_n,0,1,6435666275b0,4,0.24703,0.6077,0.51215
reddit,care_gnn,text,md_K2_top_n,0,1,6435666275b0,5,0.21921,0.62754,0.52511
reddit,care_gnn,text,md_K2_top_n,1,0,1c02f55b3509,1,0.32544,0.58084,0.49798
reddit,care_gnn,text,md_K2_top_n,1,0,1c02f55b3509,2,0.28799,0.62494,0.52571
reddit,care_gnn,text,md_K2_top_n,1,0,1c02f55b3509,3,0.27074,0.6265,0.51355
reddit,care_gnn,text,md_K2_top_n,1,0,1c02f55b3509,4,0.26037,0.61498,0.50924
reddit,care_gnn,text,md_K2_top_n,1,0,1c02f55b3509,5,0.23236,0.6271,0.51932
reddit,care_gnn,text,md_K2_top_n,1,1,27ca2b95cc99,1,0.33139,0.59374,0.50457
reddit,care_gnn,text,md_K2_top_n,1,1,27ca2b95cc99,2,0.28669,0.62897,0.52108
reddit,care_gnn,text,md_K2_top_n,1,1,27ca2b95cc99,3,0.26929,0.62702,0.51337
reddit,care_gnn,text,md_K2_top_n,1,1,27ca2b95cc99,4,0.25212,0.61948,0.5051
reddit,care_gnn,text,md_K2_top_n,1,1,27ca2b95cc99,5,0.22894,0.63798,0.518
reddit,care_gnn,text,md_K2_top_n,2,0,6674df15bbf3,1,0.32465,0.60693,0.52723
reddit,care_gnn,text,md_K2_top_n,2,0,6674df15bbf3,2,0.28487,0.63047,0.51353
reddit,care_gnn,text,md_K2_top_n,2,0,6674df15bbf3,3,0.26528,0.61815,0.51235
reddit,care_gnn,text,md_K2_top_n,2,0,6674df15bbf3,4,0.24482,0.64277,0.52676
reddit,care_gnn,text,md_K2_top_n,2,0,6674df15bbf3,5,0.22844,0.63324,0.52794
reddit,care_gnn,text,md_K2_top_n,2,1,df434d08223d,1,0.3319,0.61808,0.52952
reddit,care_gnn,text,md_K2_top_n,2,1,df434d08223d,2,0.2844,0.6358,0.52253
reddit,care_gnn,text,md_K2_top_n,2,1,df434d08223d,3,0.2635,0.63064,0.51282
reddit,care_gnn,text,md_K2_top_n,2,1,df434d08223d,4,0.24229,0.63927,0.52565
reddit,care_gnn,text,md_K2_top_n,2,1,df434d08223d,5,0.22466,0.62728,0.51092
reddit,care_gnn,text,md_K2_top_n,3,0,b0b8ad946b0f,1,0.32429,0.59574,0.51085
reddit,care_gnn,text,md_K2_top_n,3,0,b0b8ad946b0f,2,0.28728,0.61257,0.51704
reddit,care_gnn,text,md_K2_top_n,3,0,b0b8ad946b0f,3,0.27288,0.62452,0.50749
reddit,care_gnn,text,md_K2_top_n,3,0,b0b8ad946b0f,4,0.249,0.60776,0.50595
reddit,care_gnn,text,md_K2_top_n,3,0,b0b8ad946b0f,5,0.23163,0.63269,0.50976
reddit,care_gnn,text,md_K2_top_n,3,1,21b9875a8124,1,0.33121,0.59946,0.50402
reddit,care_gnn,text,md_K2_top_n,3,1,21b9875a8124,2,0.28506,0.62485,0.51822
reddit,care_gnn,text,md_K2_top_n,3,1,21b9875a8124,3,0.26489,0.63222,0.51616
reddit,care_gnn,text,md_K2_top_n,3,1,21b9875a8124,4,0.2353,0.62732,0.52365
reddit,care_gnn,text,md_K2_top_n,3,1,21b9875a8124,5,0.22053,0.62954,0.52066
reddit,dga_gnn,text,md_K2_top_n,0,0,e2f33ccdb1e3,1,0.33323,0.6502,0.53813
reddit,dga_gnn,text,md_K2_top_n,0,0,e2f33ccdb1e3,2,0.30021,0.6407,0.55589
reddit,dga_gnn,text,md_K2_top_n,0,0,e2f33ccdb1e3,3,0.28886,0.64025,0.52219
reddit,dga_gnn,text,md_K2_top_n,0,0,e2f33ccdb1e3,4,0.2799,0.63656,0.52475
reddit,dga_gnn,text,md_K2_top_n,0,0,e2f33ccdb1e3,5,0.26859,0.63909,0.54345
reddit,dga_gnn,text,md_K2_top_n,0,1,60d1cb622c94,1,0.34564,0.63358,0.5185
reddit,dga_gnn,text,md_K2_top_n,0,1,60d1cb622c94,2,0.3104,0.61295,0.50405
reddit,dga_gnn,text,md_K2_top_n,0,1,60d1cb622c94,3,0.29406,0.62128,0.52477
reddit,dga_gnn,text,md_K2_top_n,0,1,60d1cb622c94,4,0.28654,0.63617,0.5355
reddit,dga_gnn,text,md_K2_top_n,0,1,60d1cb622c94,5,0.27422,0.63621,0.53859
reddit,dga_gnn,text,md_K2_top_n,1,0,b8ab0572b69f,1,0.3327,0.6253,0.52654
reddit,dga_gnn,text,md_K2_top_n,1,0,b8ab0572b69f,2,0.30177,0.65299,0.52989
reddit,dga_gnn,text,md_K2_top_n,1,0,b8ab0572b69f,3,0.2878,0.65485,0.53976
reddit,dga_gnn,text,md_K2_top_n,1,0,b8ab0572b69f,4,0.29362,0.64706,0.53466
reddit,dga_gnn,text,md_K2_top_n,1,0,b8ab0572b69f,5,0.26882,0.6416,0.52745
reddit,dga_gnn,text,md_K2_top_n,1,1,5319161b9cea,1,0.33981,0.60535,0.5135
reddit,dga_gnn,text,md_K2_top_n,1,1,5319161b9cea,2,0.30337,0.6462,0.53043
reddit,dga_gnn,text,md_K2_top_n,1,1,5319161b9cea,3,0.28694,0.63828,0.5291
reddit,dga_gnn,text,md_K2_top_n,1,1,5319161b9cea,4,0.29265,0.63904,0.52307
reddit,dga_gnn,text,md_K2_top_n,1,1,5319161b9cea,5,0.28298,0.63607,0.53118
reddit,dga_gnn,text,md_K2_top_n,2,0,e8422dededa4,1,0.34006,0.60258,0.52926
reddit,dga_gnn,text,md_K2_top_n,2,0,e8422dededa4,2,0.31334,0.58968,0.53023
reddit,dga_gnn,text,md_K2_top_n,2,0,e8422dededa4,3,0.29451,0.63132,0.52068
reddit,dga_gnn,text,md_K2_top_n,2,0,e8422dededa4,4,0.27524,0.63652,0.53887
reddit,dga_gnn,text,md_K2_top_n,2,0,e8422dededa4,5,0.28282,0.6292,0.53259
reddit,dga_gnn,text,md_K2_top_n,2,1,cfdf126569b1,1,0.34822,0.60262,0.51462
reddit,dga_gnn,text,md_K2_top_n,2,1,cfdf126569b1,2,0.30404,0.61951,0.52171
reddit,dga_gnn,text,md_K2_top_n,2,1,cfdf126569b1,3,0.30222,0.57642,0.47622
reddit,dga_gnn,text,md_K2_top_n,2,1,cfdf126569b1,4,0.28278,0.65652,0.53733
reddit,dga_gnn,text,md_K2_top_n,2,1,cfdf126569b1,5,0.27307,0.65099,0.55023
reddit,dga_gnn,text,md_K2_top_n,3,0,a10efc7ae9f9,1,0.33013,0.58513,0.52666
reddit,dga_gnn,text,md_K2_top_n,3,0,a10efc7ae9f9,2,0.30411,0.64002,0.54445
reddit,dga_gnn,text,md_K2_top_n,3,0,a10efc7ae9f9,3,0.29416,0.63904,0.54694
reddit,dga_gnn,text,md_K2_top_n,3,0,a10efc7ae9f9,4,0.29189,0.62926,0.5271
reddit,dga_gnn,text,md_K2_top_n,3,0,a10efc7ae9f9,5,0.27496,0.64734,0.52701
reddit,dga_gnn,text,md_K2_top_n,3,1,5eab5e2d2bc1,1,0.34138,0.54998,0.48062
reddit,dga_gnn,text,md_K2_top_n,3,1,5eab5e2d2bc1,2,0.30969,0.63571,0.48532
reddit,dga_gnn,text,md_K2_top_n,3,1,5eab5e2d2bc1,3,0.29992,0.62514,0.49655
reddit,dga_gnn,text,md_K2_top_n,3,1,5eab5e2d2bc1,4,0.28837,0.60127,0.49549
reddit,dga_gnn,text,md_K2_top_n,3,1,5eab5e2d2bc1,5,0.2825,0.61309,0.53084
reddit,gat,text,md_K2_top_n,0,0,e09818b3da45,1,0.34205,0.64678,0.54799
reddit,gat,text,md_K2_top_n,0,0,e09818b3da45,2,0.32234,0.65194,0.53065
reddit,gat,text,md_K2_top_n,0,0,e09818b3da45,3,0.30523,0.64265,0.53658
reddit,gat,text,md_K2_top_n,0,0,e09818b3da45,4,0.29158,0.62443,0.50937
reddit,gat,text,md_K2_top_n,0,0,e09818b3da45,5,0.28785,0.65349,0.55971
reddit,gat,text,md_K2_top_n,0,1,17a520be882d,1,0.33528,0.66349,0.54099
reddit,gat,text,md_K2_top_n,0,1,17a520be882d,2,0.31961,0.65266,0.55399
reddit,gat,text,md_K2_top_n,0,1,17a520be882d,3,0.29595,0.66581,0.55883
reddit,gat,text,md_K2_top_n,0,1,17a520be882d,4,0.30358,0.63982,0.53332
reddit,gat,text,md_K2_top_n,0,1,17a520be882d,5,0.28911,0.66098,0.55658
reddit,gat,text,md_K2_top_n,1,0,6941710cedff,1,0.34072,0.63284,0.52507
reddit,gat,text,md_K2_top_n,1,0,6941710cedff,2,0.3192,0.69803,0.56711
reddit,gat,text,md_K2_top_n,1,0,6941710cedff,3,0.29993,0.65918,0.53235
reddit,gat,text,md_K2_top_n,1,0,6941710cedff,4,0.28685,0.65548,0.5469
reddit,gat,text,md_K2_top_n,1,0,6941710cedff,5,0.27793,0.69424,0.56063
reddit,gat,text,md_K2_top_n,1,1,0d2fdb561eb8,1,0.33449,0.64565,0.54128
reddit,gat,text,md_K2_top_n,1,1,0d2fdb561eb8,2,0.31885,0.68419,0.56215
reddit,gat,text,md_K2_top_n,1,1,0d2fdb561eb8,3,0.30965,0.64954,0.53537
reddit,gat,text,md_K2_top_n,1,1,0d2fdb561eb8,4,0.28783,0.66424,0.54428
reddit,gat,text,md_K2_top_n,1,1,0d2fdb561eb8,5,0.26955,0.66125,0.55598
reddit,gat,text,md_K2_top_n,2,0,da88194cbe40,1,0.33581,0.65527,0.54143
reddit,gat,text,md_K2_top_n,2,0,da88194cbe40,2,0.31404,0.64024,0.54267
reddit,gat,text,md_K2_top_n,2,0,da88194cbe40,3,0.3078,0.6462,0.54265
reddit,gat,text,md_K2_top_n,2,0,da88194cbe40,4,0.28244,0.64244,0.54171
reddit,gat,text,md_K2_top_n,2,0,da88194cbe40,5,0.28825,0.66589,0.55834
reddit,gat,text,md_K2_top_n,2,1,6a31f0ef9de3,1,0.3387,0.63618,0.54236
reddit,gat,text,md_K2_top_n,2,1,6a31f0ef9de3,2,0.3173,0.61328,0.51769
reddit,gat,text,md_K2_top_n,2,1,6a31f0ef9de3,3,0.30453,0.62808,0.53747
reddit,gat,text,md_K2_top_n,2,1,6a31f0ef9de3,4,0.29332,0.64593,0.53713
reddit,gat,text,md_K2_top_n,2,1,6a31f0ef9de3,5,0.28505,0.64851,0.53411
reddit,gat,text,md_K2_top_n,3,0,e24677af715d,1,0.3358,0.60741,0.49743
reddit,gat,text,md_K2_top_n,3,0,e24677af715d,2,0.31696,0.67319,0.55836
reddit,gat,text,md_K2_top_n,3,0,e24677af715d,3,0.30649,0.68648,0.56399
reddit,gat,text,md_K2_top_n,3,0,e24677af715d,4,0.28733,0.63629,0.54698
reddit,gat,text,md_K2_top_n,3,0,e24677af715d,5,0.28605,0.67193,0.56167
reddit,gat,text,md_K2_top_n,3,1,9c12fda6af2c,1,0.33518,0.63563,0.52443
reddit,gat,text,md_K2_top_n,3,1,9c12fda6af2c,2,0.31657,0.67372,0.56572
reddit,gat,text,md_K2_top_n,3,1,9c12fda6af2c,3,0.3009,0.69295,0.55971
reddit,gat,text,md_K2_top_n,3,1,9c12fda6af2c,4,0.29987,0.66131,0.53424
reddit,gat,text,md_K2_top_n,3,1,9c12fda6af2c,5,0.27188,0.66615,0.55279
reddit,gcn,text,md_K2_top_n,0,0,10cd04d44c43,1,0.32761,0.58184,0.52174
reddit,gcn,text,md_K2_top_n,0,0,10cd04d44c43,2,0.28157,0.59567,0.52099
reddit,gcn,text,md_K2_top_n,0,0,10cd04d44c43,3,0.26653,0.60094,0.52547
reddit,gcn,text,md_K2_top_n,0,0,10cd04d44c43,4,0.25292,0.60326,0.53117
reddit,gcn,text,md_K2_top_n,0,0,10cd04d44c43,5,0.2396,0.60755,0.54401
reddit,gcn,text,md_K2_top_n,0,1,5f349de452ac,1,0.32683,0.58761,0.52603
reddit,gcn,text,md_K2_top_n,0,1,5f349de452ac,2,0.28503,0.61139,0.53293
reddit,gcn,text,md_K2_top_n,0,1,5f349de452ac,3,0.26578,0.61284,0.53843
reddit,gcn,text,md_K2_top_n,0,1,5f349de452ac,4,0.25484,0.60561,0.5336
reddit,gcn,text,md_K2_top_n,0,1,5f349de452ac,5,0.23927,0.61528,0.53957
reddit,gcn,text,md_K2_top_n,1,0,b341410b3d55,1,0.33158,0.56325,0.52654
reddit,gcn,text,md_K2_top_n,1,0,b341410b3d55,2,0.28233,0.60446,0.53217
reddit,gcn,text,md_K2_top_n,1,0,b341410b3d55,3,0.26342,0.59089,0.53073
reddit,gcn,text,md_K2_top_n,1,0,b341410b3d55,4,0.24886,0.5843,0.51794
reddit,gcn,text,md_K2_top_n,1,0,b341410b3d55,5,0.24466,0.60976,0.5428
reddit,gcn,text,md_K2_top_n,1,1,ce14a7aa2a88,1,0.33287,0.56607,0.52987
reddit,gcn,text,md_K2_top_n,1,1,ce14a7aa2a88,2,0.28091,0.62036,0.54584
reddit,gcn,text,md_K2_top_n,1,1,ce14a7aa2a88,3,0.26581,0.59798,0.54557
reddit,gcn,text,md_K2_top_n,1,1,ce14a7aa2a88,4,0.25095,0.60157,0.53312
reddit,gcn,text,md_K2_top_n,1,1,ce14a7aa2a88,5,0.24206,0.61595,0.55475
reddit,gcn,text,md_K2_top_n,2,0,2a0fa9b58304,1,0.33325,0.57776,0.52634
reddit,gcn,text,md_K2_top_n,2,0,2a0fa9b58304,2,0.2782,0.59713,0.53585
reddit,gcn,text,md_K2_top_n,2,0,2a0fa9b58304,3,0.25969,0.59983,0.5447
reddit,gcn,text,md_K2_top_n,2,0,2a0fa9b58304,4,0.25379,0.6121,0.56109
reddit,gcn,text,md_K2_top_n,2,0,2a0fa9b58304,5,0.24606,0.60622,0.53881
reddit,gcn,text,md_K2_top_n,2,1,2b2b957069df,1,0.33267,0.585,0.52557
reddit,gcn,text,md_K2_top_n,2,1,2b2b957069df,2,0.27907,0.60382,0.53833
reddit,gcn,text,md_K2_top_n,2,1,2b2b957069df,3,0.26125,0.59957,0.52185
reddit,gcn,text,md_K2_top_n,2,1,2b2b957069df,4,0.25262,0.61884,0.54762
reddit,gcn,text,md_K2_top_n,2,1,2b2b957069df,5,0.24522,0.6084,0.53268
reddit,gcn,text,md_K2_top_n,3,0,bcf66a50bce8,1,0.32872,0.56794,0.51158
reddit,gcn,text,md_K2_top_n,3,0,bcf66a50bce8,2,0.2797,0.60526,0.53662
reddit,gcn,text,md_K2_top_n,3,0,bcf66a50bce8,3,0.26462,0.60828,0.54163
reddit,gcn,text,md_K2_top_n,3,0,bcf66a50bce8,4,0.25406,0.60997,0.53841
reddit,gcn,text,md_K2_top_n,3,0,bcf66a50bce8,5,0.24163,0.60532,0.53436
reddit,gcn,text,md_K2_top_n,3,1,bfabdb280028,1,0.33042,0.57801,0.51817
reddit,gcn,text,md_K2_top_n,3,1,bfabdb280028,2,0.27994,0.60127,0.53236
reddit,gcn,text,md_K2_top_n,3,1,bfabdb280028,3,0.26591,0.60809,0.54058
reddit,gcn,text,md_K2_top_n,3,1,bfabdb280028,4,0.25187,0.61114,0.54001
reddit,gcn,text,md_K2_top_n,3,1,bfabdb280028,5,0.24466,0.60639,0.53841
reddit,geniepath,text,md_K2_top_n,0,0,00dfaa452235,1,0.3731,0.57551,0.47622
reddit,geniepath,text,md_K2_top_n,0,0,00dfaa452235,2,0.32566,0.60952,0.53138
reddit,geniepath,text,md_K2_top_n,0,0,00dfaa452235,3,0.29137,0.60031,0.53601
reddit,geniepath,text,md_K2_top_n,0,0,00dfaa452235,4,0.27534,0.59885,0.54425
reddit,geniepath,text,md_K2_top_n,0,0,00dfaa452235,5,0.27092,0.59854,0.54115
reddit,geniepath,text,md_K2_top_n,0,1,64a2ca08ec5b,1,0.36221,0.59949,0.47622
reddit,geniepath,text,md_K2_top_n,0,1,64a2ca08ec5b,2,0.30711,0.60711,0.5246
reddit,geniepath,text,md_K2_top_n,0,1,64a2ca08ec5b,3,0.28509,0.60989,0.53533
reddit,geniepath,text,md_K2_top_n,0,1,64a2ca08ec5b,4,0.26639,0.6171,0.52457
reddit,geniepath,text,md_K2_top_n,0,1,64a2ca08ec5b,5,0.2658,0.60012,0.53537
reddit,geniepath,text,md_K2_top_n,1,0,fb1d74787366,1,0.3505,0.60976,0.53448
reddit,geniepath,text,md_K2_top_n,1,0,fb1d74787366,2,0.311,0.61654,0.53918
reddit,geniepath,text,md_K2_top_n,1,0,fb1d74787366,3,0.28333,0.59335,0.49549
reddit,geniepath,text,md_K2_top_n,1,0,fb1d74787366,4,0.29863,0.59326,0.52855
reddit,geniepath,text,md_K2_top_n,1,0,fb1d74787366,5,0.28768,0.6237,0.53742
reddit,geniepath,text,md_K2_top_n,1,1,23c0a1be54da,1,0.34553,0.54812,0.53581
reddit,geniepath,text,md_K2_top_n,1,1,23c0a1be54da,2,0.33305,0.64228,0.55737
reddit,geniepath,text,md_K2_top_n,1,1,23c0a1be54da,3,0.28903,0.60012,0.50156
reddit,geniepath,text,md_K2_top_n,1,1,23c0a1be54da,4,0.29256,0.59815,0.53135
reddit,geniepath,text,md_K2_top_n,1,1,23c0a1be54da,5,0.28498,0.59928,0.53892
reddit,geniepath,text,md_K2_top_n,2,0,a0b479aba733,1,0.34382,0.61336,0.53356
reddit,geniepath,text,md_K2_top_n,2,0,a0b479aba733,2,0.3338,0.60446,0.52303
reddit,geniepath,text,md_K2_top_n,2,0,a0b479aba733,3,0.29352,0.58265,0.52387
reddit,geniepath,text,md_K2_top_n,2,0,a0b479aba733,4,0.29319,0.61274,0.54268
reddit,geniepath,text,md_K2_top_n,2,0,a0b479aba733,5,0.27907,0.60607,0.55048
reddit,geniepath,text,md_K2_top_n,2,1,777b9131391e,1,0.35536,0.61183,0.5433
reddit,geniepath,text,md_K2_top_n,2,1,777b9131391e,2,0.302,0.6144,0.5557
reddit,geniepath,text,md_K2_top_n,2,1,777b9131391e,3,0.28624,0.61344,0.53771
reddit,geniepath,text,md_K2_top_n,2,1,777b9131391e,4,0.29379,0.60375,0.533
reddit,geniepath,text,md_K2_top_n,2,1,777b9131391e,5,0.27597,0.59937,0.53551
reddit,geniepath,text,md_K2_top_n,3,0,822db36e6f5a,1,0.34801,0.6032,0.52237
reddit,geniepath,text,md_K2_top_n,3,0,822db36e6f5a,2,0.30608,0.5614,0.52579
reddit,geniepath,text,md_K2_top_n,3,0,822db36e6f5a,3,0.29382,0.59996,0.51927
reddit,geniepath,text,md_K2_top_n,3,0,822db36e6f5a,4,0.27973,0.59969,0.54155
reddit,geniepath,text,md_K2_top_n,3,0,822db36e6f5a,5,0.27889,0.60177,0.53909
reddit,geniepath,text,md_K2_top_n,3,1,02ff9a02a079,1,0.35362,0.59979,0.51137
reddit,geniepath,text,md_K2_top_n,3,1,02ff9a02a079,2,0.30473,0.55109,0.51803
reddit,geniepath,text,md_K2_top_n,3,1,02ff9a02a079,3,0.30063,0.60529,0.53339
reddit,geniepath,text,md_K2_top_n,3,1,02ff9a02a079,4,0.27922,0.64964,0.55708
reddit,geniepath,text,md_K2_top_n,3,1,02ff9a02a079,5,0.31023,0.62067,0.55033
reddit,pmp,text,md_K2_top_n,0,0,d1b969bee432,1,0.33088,0.61498,0.51883
reddit,pmp,text,md_K2_top_n,0,0,d1b969bee432,2,0.29661,0.60658,0.53126
reddit,pmp,text,md_K2_top_n,0,0,d1b969bee432,3,0.28223,0.62414,0.53306
reddit,pmp,text,md_K2_top_n,0,0,d1b969bee432,4,0.25266,0.62494,0.55119
reddit,pmp,text,md_K2_top_n,0,0,d1b969bee432,5,0.23623,0.6161,0.54059
reddit,pmp,text,md_K2_top_n,0,1,0e3e3f7e49a3,1,0.32327,0.6263,0.52314
reddit,pmp,text,md_K2_top_n,0,1,0e3e3f7e49a3,2,0.29476,0.61074,0.52102
reddit,pmp,text,md_K2_top_n,0,1,0e3e3f7e49a3,3,0.26705,0.60916,0.51708
reddit,pmp,text,md_K2_top_n,0,1,0e3e3f7e49a3,4,0.25689,0.6231,0.5242
reddit,pmp,text,md_K2_top_n,0,1,0e3e3f7e49a3,5,0.24202,0.61993,0.54023
reddit,pmp,text,md_K2_top_n,1,0,818b1a80b840,1,0.33175,0.5765,0.51308
reddit,pmp,text,md_K2_top_n,1,0,818b1a80b840,2,0.30696,0.63112,0.52841
reddit,pmp,text,md_K2_top_n,1,0,818b1a80b840,3,0.27668,0.62016,0.53592
reddit,pmp,text,md_K2_top_n,1,0,818b1a80b840,4,0.25585,0.61087,0.52261
reddit,pmp,text,md_K2_top_n,1,0,818b1a80b840,5,0.23747,0.61022,0.54201
reddit,pmp,text,md_K2_top_n,1,1,d08d297401ae,1,0.32792,0.59899,0.50027
reddit,pmp,text,md_K2_top_n,1,1,d08d297401ae,2,0.3019,0.62608,0.52366
reddit,pmp,text,md_K2_top_n,1,1,d08d297401ae,3,0.27546,0.59881,0.5167
reddit,pmp,text,md_K2_top_n,1,1,d08d297401ae,4,0.2563,0.61823,0.52039
reddit,pmp,text,md_K2_top_n,1,1,d08d297401ae,5,0.23666,0.6382,0.54366
reddit,pmp,text,md_K2_top_n,2,0,e88a7c5620c7,1,0.33527,0.62024,0.52505
reddit,pmp,text,md_K2_top_n,2,0,e88a7c5620c7,2,0.30023,0.63149,0.53122
reddit,pmp,text,md_K2_top_n,2,0,e88a7c5620c7,3,0.27319,0.62042,0.52119
reddit,pmp,text,md_K2_top_n,2,0,e88a7c5620c7,4,0.25518,0.6244,0.54763
reddit,pmp,text,md_K2_top_n,2,0,e88a7c5620c7,5,0.23924,0.62626,0.54324
reddit,pmp,text,md_K2_top_n,2,1,d054f00a2006,1,0.32861,0.60956,0.51745
reddit,pmp,text,md_K2_top_n,2,1,d054f00a2006,2,0.29336,0.60953,0.55424
reddit,pmp,text,md_K2_top_n,2,1,d054f00a2006,3,0.27665,0.62575,0.53146
reddit,pmp,text,md_K2_top_n,2,1,d054f00a2006,4,0.25301,0.619,0.54079
reddit,pmp,text,md_K2_top_n,2,1,d054f00a2006,5,0.24288,0.60823,0.53023
reddit,pmp,text,md_K2_top_n,3,0,b9f907bdc37c,1,0.33176,0.61351,0.53829
reddit,pmp,text,md_K2_top_n,3,0,b9f907bdc37c,2,0.29123,0.63068,0.51669
reddit,pmp,text,md_K2_top_n,3,0,b9f907bdc37c,3,0.28038,0.6238,0.54549
reddit,pmp,text,md_K2_top_n,3,0,b9f907bdc37c,4,0.25455,0.61759,0.53573
reddit,pmp,text,md_K2_top_n,3,0,b9f907bdc37c,5,0.2382,0.62091,0.54295
reddit,pmp,text,md_K2_top_n,3,1,7c48d33277e2,1,0.33857,0.62584,0.51991
reddit,pmp,text,md_K2_top_n,3,1,7c48d33277e2,2,0.28995,0.63822,0.52544
reddit,pmp,text,md_K2_top_n,3,1,7c48d33277e2,3,0.28185,0.62303,0.51654
reddit,pmp,text,md_K2_top_n,3,1,7c48d33277e2,4,0.26549,0.60324,0.5063
reddit,pmp,text,md_K2_top_n,3,1,7c48d33277e2,5,0.25867,0.61673,0.52531
instagram,bwgnn,text,md_K3_matched,0,0,976f517e9b65,1,0.46053,0.61259,0.53902
instagram,bwgnn,text,md_K3_matched,0,0,976f517e9b65,2,0.29025,0.60176,0.55034
instagram,bwgnn,text,md_K3_matched,0,0,976f517e9b65,3,0.31391,0.59855,0.54927
instagram,bwgnn,text,md_K3_matched,0,0,976f517e9b65,4,0.2663,0.57924,0.5297
instagram,bwgnn,text,md_K3_matched,0,0,976f517e9b65,5,0.24986,0.56542,0.53405
instagram,bwgnn,text,md_K3_matched,0,1,e65b2ae35730,1,0.65952,0.61625,0.53876
instagram,bwgnn,text,md_K3_matched,0,1,e65b2ae35730,2,0.28928,0.60267,0.54726
instagram,bwgnn,text,md_K3_matched,0,1,e65b2ae35730,3,0.27667,0.60099,0.5437
instagram,bwgnn,text,md_K3_matched,0,1,e65b2ae35730,4,0.26471,0.57718,0.53324
instagram,bwgnn,text,md_K3_matched,0,1,e65b2ae35730,5,0.24821,0.56677,0.5293
instagram,bwgnn,text,md_K3_matched,1,0,bd0358b9a8f6,1,0.48009,0.64566,0.55829
instagram,bwgnn,text,md_K3_matched,1,0,bd0358b9a8f6,2,0.29207,0.63748,0.55706
instagram,bwgnn,text,md_K3_matched,1,0,bd0358b9a8f6,3,0.27631,0.5978,0.53438
instagram,bwgnn,text,md_K3_matched,1,0,bd0358b9a8f6,4,0.26917,0.62921,0.5673
instagram,bwgnn,text,md_K3_matched,1,0,bd0358b9a8f6,5,0.27827,0.56796,0.52235
instagram,bwgnn,text,md_K3_matched,1,1,faa355629a8e,1,0.51683,0.64293,0.57187
instagram,bwgnn,text,md_K3_matched,1,1,faa355629a8e,2,0.30128,0.59076,0.53433
instagram,bwgnn,text,md_K3_matched,1,1,faa355629a8e,3,0.27551,0.58715,0.54795
instagram,bwgnn,text,md_K3_matched,1,1,faa355629a8e,4,0.2582,0.58517,0.53217
instagram,bwgnn,text,md_K3_matched,1,1,faa355629a8e,5,0.25002,0.57677,0.54358
instagram,bwgnn,text,md_K3_matched,2,0,6d87dc7d5ecd,1,0.41282,0.61053,0.54355
instagram,bwgnn,text,md_K3_matched,2,0,6d87dc7d5ecd,2,0.29928,0.60032,0.53435
instagram,bwgnn,text,md_K3_matched,2,0,6d87dc7d5ecd,3,0.27433,0.57779,0.53597
instagram,bwgnn,text,md_K3_matched,2,0,6d87dc7d5ecd,4,0.26018,0.64027,0.55857
instagram,bwgnn,text,md_K3_matched,2,0,6d87dc7d5ecd,5,0.2896,0.5731,0.53438
instagram,bwgnn,text,md_K3_matched,2,1,be05fec3cd83,1,0.4969,0.61736,0.55697
instagram,bwgnn,text,md_K3_matched,2,1,be05fec3cd83,2,0.28993,0.60007,0.53358
instagram,bwgnn,text,md_K3_matched,2,1,be05fec3cd83,3,0.27554,0.57795,0.53449
instagram,bwgnn,text,md_K3_matched,2,1,be05fec3cd83,4,0.26155,0.56267,0.52508
instagram,bwgnn,text,md_K3_matched,2,1,be05fec3cd83,5,0.24842,0.56213,0.51891
instagram,bwgnn,text,md_K3_matched,3,0,e58d51a1706e,1,0.44131,0.62835,0.56046
instagram,bwgnn,text,md_K3_matched,3,0,e58d51a1706e,2,0.29979,0.6037,0.5512
instagram,bwgnn,text,md_K3_matched,3,0,e58d51a1706e,3,0.27612,0.59454,0.54865
instagram,bwgnn,text,md_K3_matched,3,0,e58d51a1706e,4,0.26714,0.58455,0.53171
instagram,bwgnn,text,md_K3_matched,3,0,e58d51a1706e,5,0.2656,0.57654,0.54125
instagram,bwgnn,text,md_K3_matched,3,1,7532ad66dcec,1,0.4034,0.6074,0.54744
instagram,bwgnn,text,md_K3_matched,3,1,7532ad66dcec,2,0.29208,0.59691,0.53356
instagram,bwgnn,text,md_K3_matched,3,1,7532ad66dcec,3,0.27229,0.58795,0.53082
instagram,bwgnn,text,md_K3_matched,3,1,7532ad66dcec,4,0.26319,0.57966,0.52738
instagram,bwgnn,text,md_K3_matched,3,1,7532ad66dcec,5,0.27022,0.5676,0.52885
instagram,care_gnn,text,md_K3_matched,0,0,b29a237e9ed6,1,0.32917,0.65974,0.57286
instagram,care_gnn,text,md_K3_matched,0,0,b29a237e9ed6,2,0.29447,0.64058,0.55173
instagram,care_gnn,text,md_K3_matched,0,0,b29a237e9ed6,3,0.2848,0.61806,0.57391
instagram,care_gnn,text,md_K3_matched,0,0,b29a237e9ed6,4,0.28699,0.61108,0.55927
instagram,care_gnn,text,md_K3_matched,0,0,b29a237e9ed6,5,0.26379,0.57395,0.55756
instagram,care_gnn,text,md_K3_matched,0,1,48903eb3cb8c,1,0.34622,0.66661,0.5886
instagram,care_gnn,text,md_K3_matched,0,1,48903eb3cb8c,2,0.29764,0.66163,0.58348
instagram,care_gnn,text,md_K3_matched,0,1,48903eb3cb8c,3,0.29322,0.64916,0.5653
instagram,care_gnn,text,md_K3_matched,0,1,48903eb3cb8c,4,0.28966,0.63654,0.55018
instagram,care_gnn,text,md_K3_matched,0,1,48903eb3cb8c,5,0.27034,0.59176,0.56057
instagram,care_gnn,text,md_K3_matched,1,0,7c36e44ce65e,1,0.33554,0.6491,0.58815
instagram,care_gnn,text,md_K3_matched,1,0,7c36e44ce65e,2,0.28837,0.63593,0.55952
instagram,care_gnn,text,md_K3_matched,1,0,7c36e44ce65e,3,0.28011,0.61837,0.56035
instagram,care_gnn,text,md_K3_matched,1,0,7c36e44ce65e,4,0.26582,0.58934,0.55192
instagram,care_gnn,text,md_K3_matched,1,0,7c36e44ce65e,5,0.26779,0.58565,0.55382
instagram,care_gnn,text,md_K3_matched,1,1,90e1d2f7db20,1,0.35351,0.65134,0.57464
instagram,care_gnn,text,md_K3_matched,1,1,90e1d2f7db20,2,0.29142,0.64489,0.55939
instagram,care_gnn,text,md_K3_matched,1,1,90e1d2f7db20,3,0.28454,0.63135,0.55619
instagram,care_gnn,text,md_K3_matched,1,1,90e1d2f7db20,4,0.27194,0.6058,0.56133
instagram,care_gnn,text,md_K3_matched,1,1,90e1d2f7db20,5,0.26785,0.57793,0.54226
instagram,care_gnn,text,md_K3_matched,2,0,99dd5e4c2f97,1,0.33047,0.66082,0.58241
instagram,care_gnn,text,md_K3_matched,2,0,99dd5e4c2f97,2,0.29397,0.64035,0.56661
instagram,care_gnn,text,md_K3_matched,2,0,99dd5e4c2f97,3,0.28396,0.62346,0.55141
instagram,care_gnn,text,md_K3_matched,2,0,99dd5e4c2f97,4,0.27025,0.59603,0.55183
instagram,care_gnn,text,md_K3_matched,2,0,99dd5e4c2f97,5,0.25739,0.58241,0.5528
instagram,care_gnn,text,md_K3_matched,2,1,7fd9e56a57d9,1,0.34799,0.66338,0.57349
instagram,care_gnn,text,md_K3_matched,2,1,7fd9e56a57d9,2,0.29921,0.64824,0.57801
instagram,care_gnn,text,md_K3_matched,2,1,7fd9e56a57d9,3,0.28941,0.64472,0.55361
instagram,care_gnn,text,md_K3_matched,2,1,7fd9e56a57d9,4,0.27477,0.61786,0.56688
instagram,care_gnn,text,md_K3_matched,2,1,7fd9e56a57d9,5,0.26339,0.60383,0.55453
instagram,care_gnn,text,md_K3_matched,3,0,15b10a989c43,1,0.3219,0.65647,0.5525
instagram,care_gnn,text,md_K3_matched,3,0,15b10a989c43,2,0.29622,0.64614,0.56481
instagram,care_gnn,text,md_K3_matched,3,0,15b10a989c43,3,0.27927,0.61405,0.57984
instagram,care_gnn,text,md_K3_matched,3,0,15b10a989c43,4,0.27349,0.60394,0.55813
instagram,care_gnn,text,md_K3_matched,3,0,15b10a989c43,5,0.27151,0.57405,0.5538
instagram,care_gnn,text,md_K3_matched,3,1,8fdb82c88312,1,0.3318,0.65766,0.58183
instagram,care_gnn,text,md_K3_matched,3,1,8fdb82c88312,2,0.29768,0.65478,0.57954
instagram,care_gnn,text,md_K3_matched,3,1,8fdb82c88312,3,0.28413,0.63398,0.56002
instagram,care_gnn,text,md_K3_matched,3,1,8fdb82c88312,4,0.2766,0.61948,0.56894
instagram,care_gnn,text,md_K3_matched,3,1,8fdb82c88312,5,0.27028,0.59017,0.56528
instagram,dga_gnn,text,md_K3_matched,0,0,4409a6892728,1,0.36183,0.65434,0.57939
instagram,dga_gnn,text,md_K3_matched,0,0,4409a6892728,2,0.33822,0.62336,0.5611
instagram,dga_gnn,text,md_K3_matched,0,0,4409a6892728,3,0.31372,0.5993,0.54618
instagram,dga_gnn,text,md_K3_matched,0,0,4409a6892728,4,0.30413,0.58333,0.51737
instagram,dga_gnn,text,md_K3_matched,0,0,4409a6892728,5,0.29378,0.56577,0.52055
instagram,dga_gnn,text,md_K3_matched,0,1,9d16f6c425dc,1,0.37477,0.63916,0.53902
instagram,dga_gnn,text,md_K3_matched,0,1,9d16f6c425dc,2,0.32212,0.61909,0.54153
instagram,dga_gnn,text,md_K3_matched,0,1,9d16f6c425dc,3,0.30742,0.61666,0.53719
instagram,dga_gnn,text,md_K3_matched,0,1,9d16f6c425dc,4,0.30571,0.62309,0.55127
instagram,dga_gnn,text,md_K3_matched,0,1,9d16f6c425dc,5,0.2965,0.57535,0.53311
instagram,dga_gnn,text,md_K3_matched,1,0,d4fb37d6a128,1,0.35342,0.61798,0.55173
instagram,dga_gnn,text,md_K3_matched,1,0,d4fb37d6a128,2,0.30999,0.5851,0.55216
instagram,dga_gnn,text,md_K3_matched,1,0,d4fb37d6a128,3,0.304,0.60717,0.56286
instagram,dga_gnn,text,md_K3_matched,1,0,d4fb37d6a128,4,0.31044,0.58899,0.5187
instagram,dga_gnn,text,md_K3_matched,1,0,d4fb37d6a128,5,0.30336,0.59211,0.52789
instagram,dga_gnn,text,md_K3_matched,1,1,6995a4754091,1,0.36524,0.61869,0.54937
instagram,dga_gnn,text,md_K3_matched,1,1,6995a4754091,2,0.31349,0.60917,0.56262
instagram,dga_gnn,text,md_K3_matched,1,1,6995a4754091,3,0.32885,0.62217,0.56803
instagram,dga_gnn,text,md_K3_matched,1,1,6995a4754091,4,0.292,0.61652,0.54404
instagram,dga_gnn,text,md_K3_matched,1,1,6995a4754091,5,0.30988,0.59303,0.53035
instagram,dga_gnn,text,md_K3_matched,2,0,3f9a818ea19d,1,0.35337,0.66353,0.56693
instagram,dga_gnn,text,md_K3_matched,2,0,3f9a818ea19d,2,0.3179,0.63287,0.51653
instagram,dga_gnn,text,md_K3_matched,2,0,3f9a818ea19d,3,0.31333,0.61465,0.58667
instagram,dga_gnn,text,md_K3_matched,2,0,3f9a818ea19d,4,0.29528,0.60134,0.56173
instagram,dga_gnn,text,md_K3_matched,2,0,3f9a818ea19d,5,0.27379,0.61802,0.56897
instagram,dga_gnn,text,md_K3_matched,2,1,4406fb81acea,1,0.38267,0.63281,0.54942
instagram,dga_gnn,text,md_K3_matched,2,1,4406fb81acea,2,0.31858,0.61667,0.54216
instagram,dga_gnn,text,md_K3_matched,2,1,4406fb81acea,3,0.30343,0.60149,0.55697
instagram,dga_gnn,text,md_K3_matched,2,1,4406fb81acea,4,0.29442,0.59593,0.55453
instagram,dga_gnn,text,md_K3_matched,2,1,4406fb81acea,5,0.28231,0.59859,0.54512
instagram,dga_gnn,text,md_K3_matched,3,0,80d0a4aa8353,1,0.36496,0.62991,0.51892
instagram,dga_gnn,text,md_K3_matched,3,0,80d0a4aa8353,2,0.30261,0.636,0.57312
instagram,dga_gnn,text,md_K3_matched,3,0,80d0a4aa8353,3,0.29574,0.61908,0.53599
instagram,dga_gnn,text,md_K3_matched,3,0,80d0a4aa8353,4,0.29261,0.60496,0.55488
instagram,dga_gnn,text,md_K3_matched,3,0,80d0a4aa8353,5,0.30394,0.59278,0.53402
instagram,dga_gnn,text,md_K3_matched,3,1,9576fad53dcb,1,0.36085,0.63725,0.52422
instagram,dga_gnn,text,md_K3_matched,3,1,9576fad53dcb,2,0.32265,0.65343,0.58815
instagram,dga_gnn,text,md_K3_matched,3,1,9576fad53dcb,3,0.30053,0.61469,0.50676
instagram,dga_gnn,text,md_K3_matched,3,1,9576fad53dcb,4,0.29165,0.61832,0.5678
instagram,dga_gnn,text,md_K3_matched,3,1,9576fad53dcb,5,0.29149,0.58716,0.53171
instagram,gat,text,md_K3_matched,0,0,9f0fa4314c9a,1,0.36428,0.6405,0.55471
instagram,gat,text,md_K3_matched,0,0,9f0fa4314c9a,2,0.33383,0.60932,0.53693
instagram,gat,text,md_K3_matched,0,0,9f0fa4314c9a,3,0.3504,0.55023,0.54299
instagram,gat,text,md_K3_matched,0,0,9f0fa4314c9a,4,0.32253,0.61321,0.557
instagram,gat,text,md_K3_matched,0,0,9f0fa4314c9a,5,0.32472,0.59051,0.55518
instagram,gat,text,md_K3_matched,0,1,76de73b5f838,1,0.36697,0.65913,0.59143
instagram,gat,text,md_K3_matched,0,1,76de73b5f838,2,0.32726,0.5911,0.53455
instagram,gat,text,md_K3_matched,0,1,76de73b5f838,3,0.35253,0.5737,0.52823
instagram,gat,text,md_K3_matched,0,1,76de73b5f838,4,0.3055,0.64089,0.57401
instagram,gat,text,md_K3_matched,0,1,76de73b5f838,5,0.30242,0.65062,0.56564
instagram,gat,text,md_K3_matched,1,0,e1d74998c09a,1,0.3439,0.63873,0.55257
instagram,gat,text,md_K3_matched,1,0,e1d74998c09a,2,0.31552,0.64745,0.59648
instagram,gat,text,md_K3_matched,1,0,e1d74998c09a,3,0.33442,0.6397,0.56965
instagram,gat,text,md_K3_matched,1,0,e1d74998c09a,4,0.30153,0.50156,0.54125
instagram,gat,text,md_K3_matched,1,0,e1d74998c09a,5,0.32542,0.57727,0.53803
instagram,gat,text,md_K3_matched,1,1,c288d98678fb,1,0.34023,0.62004,0.54363
instagram,gat,text,md_K3_matched,1,1,c288d98678fb,2,0.32253,0.62215,0.57693
instagram,gat,text,md_K3_matched,1,1,c288d98678fb,3,0.32699,0.60463,0.55367
instagram,gat,text,md_K3_matched,1,1,c288d98678fb,4,0.30538,0.58406,0.55192
instagram,gat,text,md_K3_matched,1,1,c288d98678fb,5,0.3067,0.52116,0.54851
instagram,gat,text,md_K3_matched,2,0,7619e5070813,1,0.33284,0.6483,0.58411
instagram,gat,text,md_K3_matched,2,0,7619e5070813,2,0.35085,0.63841,0.56803
instagram,gat,text,md_K3_matched,2,0,7619e5070813,3,0.32004,0.65543,0.5978
instagram,gat,text,md_K3_matched,2,0,7619e5070813,4,0.31009,0.60674,0.5482
instagram,gat,text,md_K3_matched,2,0,7619e5070813,5,0.28235,0.63183,0.573
instagram,gat,text,md_K3_matched,2,1,2fc1819f1cb0,1,0.33683,0.66513,0.58785
instagram,gat,text,md_K3_matched,2,1,2fc1819f1cb0,2,0.3525,0.66261,0.59383
instagram,gat,text,md_K3_matched,2,1,2fc1819f1cb0,3,0.3089,0.65049,0.5776
instagram,gat,text,md_K3_matched,2,1,2fc1819f1cb0,4,0.30632,0.58358,0.56318
instagram,gat,text,md_K3_matched,2,1,2fc1819f1cb0,5,0.28364,0.61242,0.56208
instagram,gat,text,md_K3_matched,3,0,7e91eee66ece,1,0.35753,0.64714,0.58755
instagram,gat,text,md_K3_matched,3,0,7e91eee66ece,2,0.31761,0.64891,0.55068
instagram,gat,text,md_K3_matched,3,0,7e91eee66ece,3,0.33014,0.64687,0.59695
instagram,gat,text,md_K3_matched,3,0,7e91eee66ece,4,0.30685,0.63841,0.57342
instagram,gat,text,md_K3_matched,3,0,7e91eee66ece,5,0.35186,0.59861,0.58012
instagram,gat,text,md_K3_matched,3,1,c3c2e6c5e896,1,0.3533,0.65616,0.56945
instagram,gat,text,md_K3_matched,3,1,c3c2e6c5e896,2,0.33059,0.63279,0.56908
instagram,gat,text,md_K3_matched,3,1,c3c2e6c5e896,3,0.30086,0.62833,0.5612
instagram,gat,text,md_K3_matched,3,1,c3c2e6c5e896,4,0.29354,0.63058,0.58298
instagram,gat,text,md_K3_matched,3,1,c3c2e6c5e896,5,0.30149,0.59607,0.56972
instagram,gcn,text,md_K3_matched,0,0,fe0a760eee81,1,0.33291,0.67082,0.5525
instagram,gcn,text,md_K3_matched,0,0,fe0a760eee81,2,0.28764,0.64156,0.59021
instagram,gcn,text,md_K3_matched,0,0,fe0a760eee81,3,0.2757,0.63156,0.575
instagram,gcn,text,md_K3_matched,0,0,fe0a760eee81,4,0.26542,0.61073,0.54665
instagram,gcn,text,md_K3_matched,0,0,fe0a760eee81,5,0.23943,0.60161,0.56528
instagram,gcn,text,md_K3_matched,0,1,477d2443bcdb,1,0.33598,0.66909,0.55942
instagram,gcn,text,md_K3_matched,0,1,477d2443bcdb,2,0.28305,0.64331,0.58816
instagram,gcn,text,md_K3_matched,0,1,477d2443bcdb,3,0.2698,0.63298,0.5632
instagram,gcn,text,md_K3_matched,0,1,477d2443bcdb,4,0.26479,0.61886,0.55401
instagram,gcn,text,md_K3_matched,0,1,477d2443bcdb,5,0.23829,0.59918,0.5665
instagram,gcn,text,md_K3_matched,1,0,19dfceb092e1,1,0.32382,0.66557,0.54992
instagram,gcn,text,md_K3_matched,1,0,19dfceb092e1,2,0.27569,0.64122,0.59784
instagram,gcn,text,md_K3_matched,1,0,19dfceb092e1,3,0.27591,0.61215,0.54727
instagram,gcn,text,md_K3_matched,1,0,19dfceb092e1,4,0.24873,0.62131,0.55619
instagram,gcn,text,md_K3_matched,1,0,19dfceb092e1,5,0.24929,0.58112,0.53139
instagram,gcn,text,md_K3_matched,1,1,38339bdfa66b,1,0.3245,0.65353,0.56242
instagram,gcn,text,md_K3_matched,1,1,38339bdfa66b,2,0.27612,0.63285,0.57939
instagram,gcn,text,md_K3_matched,1,1,38339bdfa66b,3,0.26686,0.60349,0.55638
instagram,gcn,text,md_K3_matched,1,1,38339bdfa66b,4,0.25093,0.60886,0.54411
instagram,gcn,text,md_K3_matched,1,1,38339bdfa66b,5,0.24162,0.5858,0.54026
instagram,gcn,text,md_K3_matched,2,0,34c0bbd755a4,1,0.33116,0.66534,0.57137
instagram,gcn,text,md_K3_matched,2,0,34c0bbd755a4,2,0.28321,0.64152,0.56897
instagram,gcn,text,md_K3_matched,2,0,34c0bbd755a4,3,0.26382,0.62423,0.54411
instagram,gcn,text,md_K3_matched,2,0,34c0bbd755a4,4,0.2535,0.60238,0.55706
instagram,gcn,text,md_K3_matched,2,0,34c0bbd755a4,5,0.23261,0.60153,0.54795
instagram,gcn,text,md_K3_matched,2,1,07a584afe6ae,1,0.32873,0.65607,0.55148
instagram,gcn,text,md_K3_matched,2,1,07a584afe6ae,2,0.27756,0.64279,0.57733
instagram,gcn,text,md_K3_matched,2,1,07a584afe6ae,3,0.26593,0.63137,0.54693
instagram,gcn,text,md_K3_matched,2,1,07a584afe6ae,4,0.25039,0.60867,0.5507
instagram,gcn,text,md_K3_matched,2,1,07a584afe6ae,5,0.23337,0.6078,0.55412
instagram,gcn,text,md_K3_matched,3,0,3687ad4c755f,1,0.33445,0.66684,0.56932
instagram,gcn,text,md_K3_matched,3,0,3687ad4c755f,2,0.28971,0.64587,0.57774
instagram,gcn,text,md_K3_matched,3,0,3687ad4c755f,3,0.26035,0.63281,0.57391
instagram,gcn,text,md_K3_matched,3,0,3687ad4c755f,4,0.25293,0.62327,0.55583
instagram,gcn,text,md_K3_matched,3,0,3687ad4c755f,5,0.23741,0.60499,0.55177
instagram,gcn,text,md_K3_matched,3,1,6a58dddc571e,1,0.3289,0.66045,0.57507
instagram,gcn,text,md_K3_matched,3,1,6a58dddc571e,2,0.28903,0.63591,0.56648
instagram,gcn,text,md_K3_matched,3,1,6a58dddc571e,3,0.2665,0.63258,0.55412
instagram,gcn,text,md_K3_matched,3,1,6a58dddc571e,4,0.25639,0.6209,0.54544
instagram,gcn,text,md_K3_matched,3,1,6a58dddc571e,5,0.24922,0.60097,0.54964
instagram,geniepath,text,md_K3_matched,0,0,58ea4283d6ad,1,0.3443,0.625,0.5411
instagram,geniepath,text,md_K3_matched,0,0,58ea4283d6ad,2,0.3005,0.59649,0.52801
instagram,geniepath,text,md_K3_matched,0,0,58ea4283d6ad,3,0.29005,0.59149,0.54327
instagram,geniepath,text,md_K3_matched,0,0,58ea4283d6ad,4,0.28575,0.5735,0.52737
instagram,geniepath,text,md_K3_matched,0,0,58ea4283d6ad,5,0.25452,0.5649,0.53043
instagram,geniepath,text,md_K3_matched,0,1,4d132af54fb0,1,0.34232,0.61196,0.55034
instagram,geniepath,text,md_K3_matched,0,1,4d132af54fb0,2,0.29907,0.58749,0.52127
instagram,geniepath,text,md_K3_matched,0,1,4d132af54fb0,3,0.29044,0.58518,0.53703
instagram,geniepath,text,md_K3_matched,0,1,4d132af54fb0,4,0.28669,0.56828,0.52133
instagram,geniepath,text,md_K3_matched,0,1,4d132af54fb0,5,0.25477,0.56088,0.53139
instagram,geniepath,text,md_K3_matched,1,0,3be8ad94f93f,1,0.36719,0.60103,0.54718
instagram,geniepath,text,md_K3_matched,1,0,3be8ad94f93f,2,0.30107,0.59728,0.5164
instagram,geniepath,text,md_K3_matched,1,0,3be8ad94f93f,3,0.3083,0.58139,0.50933
instagram,geniepath,text,md_K3_matched,1,0,3be8ad94f93f,4,0.26818,0.56968,0.5175
instagram,geniepath,text,md_K3_matched,1,0,3be8ad94f93f,5,0.28049,0.55686,0.51977
instagram,geniepath,text,md_K3_matched,1,1,c50f3e91009c,1,0.36582,0.59003,0.53545
instagram,geniepath,text,md_K3_matched,1,1,c50f3e91009c,2,0.29848,0.58909,0.5262
instagram,geniepath,text,md_K3_matched,1,1,c50f3e91009c,3,0.30201,0.57553,0.50789
instagram,geniepath,text,md_K3_matched,1,1,c50f3e91009c,4,0.26641,0.56666,0.51485
instagram,geniepath,text,md_K3_matched,1,1,c50f3e91009c,5,0.27954,0.55294,0.50685
instagram,geniepath,text,md_K3_matched,2,0,cc58e68e3b1e,1,0.3646,0.61532,0.56972
instagram,geniepath,text,md_K3_matched,2,0,cc58e68e3b1e,2,0.32039,0.59663,0.54274
instagram,geniepath,text,md_K3_matched,2,0,cc58e68e3b1e,3,0.28403,0.567,0.52469
instagram,geniepath,text,md_K3_matched,2,0,cc58e68e3b1e,4,0.26331,0.55871,0.51887
instagram,geniepath,text,md_K3_matched,2,0,cc58e68e3b1e,5,0.25716,0.56575,0.51398
instagram,geniepath,text,md_K3_matched,2,1,1715e1ce458c,1,0.35892,0.59828,0.54418
instagram,geniepath,text,md_K3_matched,2,1,1715e1ce458c,2,0.30518,0.5873,0.52839
instagram,geniepath,text,md_K3_matched,2,1,1715e1ce458c,3,0.28764,0.56635,0.53435
instagram,geniepath,text,md_K3_matched,2,1,1715e1ce458c,4,0.25967,0.55858,0.51297
instagram,geniepath,text,md_K3_matched,2,1,1715e1ce458c,5,0.24862,0.55843,0.51966
instagram,geniepath,text,md_K3_matched,3,0,80efa5a2c2ce,1,0.32744,0.60347,0.55144
instagram,geniepath,text,md_K3_matched,3,0,80efa5a2c2ce,2,0.30076,0.60424,0.53182
instagram,geniepath,text,md_K3_matched,3,0,80efa5a2c2ce,3,0.27397,0.59963,0.53693
instagram,geniepath,text,md_K3_matched,3,0,80efa5a2c2ce,4,0.27202,0.59053,0.5291
instagram,geniepath,text,md_K3_matched,3,0,80efa5a2c2ce,5,0.29558,0.56783,0.5053
instagram,geniepath,text,md_K3_matched,3,1,01422cdfda7d,1,0.33169,0.58726,0.53457
instagram,geniepath,text,md_K3_matched,3,1,01422cdfda7d,2,0.30926,0.58508,0.53944
instagram,geniepath,text,md_K3_matched,3,1,01422cdfda7d,3,0.2848,0.58241,0.52373
instagram,geniepath,text,md_K3_matched,3,1,01422cdfda7d,4,0.28366,0.59538,0.54005
instagram,geniepath,text,md_K3_matched,3,1,01422cdfda7d,5,0.27279,0.5629,0.5177
instagram,pmp,text,md_K3_matched,0,0,40f275d2fa44,1,0.35887,0.65489,0.55704
instagram,pmp,text,md_K3_matched,0,0,40f275d2fa44,2,0.31046,0.61513,0.56851
instagram,pmp,text,md_K3_matched,0,0,40f275d2fa44,3,0.28896,0.57725,0.56445
instagram,pmp,text,md_K3_matched,0,0,40f275d2fa44,4,0.27795,0.59507,0.56136
instagram,pmp,text,md_K3_matched,0,0,40f275d2fa44,5,0.25612,0.56725,0.56009
instagram,pmp,text,md_K3_matched,0,1,baca1de72147,1,0.34412,0.65895,0.58413
instagram,pmp,text,md_K3_matched,0,1,baca1de72147,2,0.30271,0.61788,0.57187
instagram,pmp,text,md_K3_matched,0,1,baca1de72147,3,0.30277,0.5681,0.56213
instagram,pmp,text,md_K3_matched,0,1,baca1de72147,4,0.27414,0.6004,0.56965
instagram,pmp,text,md_K3_matched,0,1,baca1de72147,5,0.26257,0.59588,0.57984
instagram,pmp,text,md_K3_matched,1,0,c82e4f99f5ae,1,0.36066,0.64424,0.55361
instagram,pmp,text,md_K3_matched,1,0,c82e4f99f5ae,2,0.3053,0.61486,0.54548
instagram,pmp,text,md_K3_matched,1,0,c82e4f99f5ae,3,0.28878,0.59691,0.55117
instagram,pmp,text,md_K3_matched,1,0,c82e4f99f5ae,4,0.27436,0.57627,0.55717
instagram,pmp,text,md_K3_matched,1,0,c82e4f99f5ae,5,0.27126,0.58108,0.54915
instagram,pmp,text,md_K3_matched,1,1,b9415ea12b58,1,0.34119,0.65001,0.56748
instagram,pmp,text,md_K3_matched,1,1,b9415ea12b58,2,0.30784,0.62548,0.568
instagram,pmp,text,md_K3_matched,1,1,b9415ea12b58,3,0.28761,0.61796,0.56918
instagram,pmp,text,md_K3_matched,1,1,b9415ea12b58,4,0.26814,0.57246,0.54786
instagram,pmp,text,md_K3_matched,1,1,b9415ea12b58,5,0.25756,0.55677,0.53259
instagram,pmp,text,md_K3_matched,2,0,65d8ebd38fbe,1,0.37335,0.63143,0.56916
instagram,pmp,text,md_K3_matched,2,0,65d8ebd38fbe,2,0.31144,0.60182,0.56481
instagram,pmp,text,md_K3_matched,2,0,65d8ebd38fbe,3,0.29815,0.58697,0.54094
instagram,pmp,text,md_K3_matched,2,0,65d8ebd38fbe,4,0.26479,0.58151,0.57119
instagram,pmp,text,md_K3_matched,2,0,65d8ebd38fbe,5,0.25666,0.55792,0.55621
instagram,pmp,text,md_K3_matched,2,1,b3e6d223e4a5,1,0.34961,0.63185,0.56055
instagram,pmp,text,md_K3_matched,2,1,b3e6d223e4a5,2,0.30077,0.6417,0.56785
instagram,pmp,text,md_K3_matched,2,1,b3e6d223e4a5,3,0.29427,0.59707,0.55756
instagram,pmp,text,md_K3_matched,2,1,b3e6d223e4a5,4,0.27108,0.58118,0.57095
instagram,pmp,text,md_K3_matched,2,1,b3e6d223e4a5,5,0.25818,0.58364,0.53597
instagram,pmp,text,md_K3_matched,3,0,bb7f0e0381fc,1,0.36052,0.63004,0.56241
instagram,pmp,text,md_K3_matched,3,0,bb7f0e0381fc,2,0.29792,0.60959,0.55453
instagram,pmp,text,md_K3_matched,3,0,bb7f0e0381fc,3,0.29104,0.58083,0.57346
instagram,pmp,text,md_K3_matched,3,0,bb7f0e0381fc,4,0.27628,0.5691,0.54254
instagram,pmp,text,md_K3_matched,3,0,bb7f0e0381fc,5,0.26329,0.53851,0.53171
instagram,pmp,text,md_K3_matched,3,1,43c6e9dd567b,1,0.3437,0.65466,0.55717
instagram,pmp,text,md_K3_matched,3,1,43c6e9dd567b,2,0.29806,0.64106,0.57461
instagram,pmp,text,md_K3_matched,3,1,43c6e9dd567b,3,0.28744,0.61026,0.57379
instagram,pmp,text,md_K3_matched,3,1,43c6e9dd567b,4,0.27023,0.5796,0.57688
instagram,pmp,text,md_K3_matched,3,1,43c6e9dd567b,5,0.26969,0.55621,0.54727
reddit,bwgnn,text,md_K3_matched,0,0,2610bbed4914,1,0.33951,0.63955,0.55735
reddit,bwgnn,text,md_K3_matched,0,0,2610bbed4914,2,0.27986,0.62897,0.56551
reddit,bwgnn,text,md_K3_matched,0,0,2610bbed4914,3,0.24849,0.64847,0.57983
reddit,bwgnn,text,md_K3_matched,0,0,2610bbed4914,4,0.22084,0.57056,0.54885
reddit,bwgnn,text,md_K3_matched,0,0,2610bbed4914,5,0.18173,0.56199,0.55733
reddit,bwgnn,text,md_K3_matched,0,1,ff00ff32da1c,1,0.33755,0.62426,0.55679
reddit,bwgnn,text,md_K3_matched,0,1,ff00ff32da1c,2,0.28729,0.65708,0.54769
reddit,bwgnn,text,md_K3_matched,0,1,ff00ff32da1c,3,0.2643,0.64768,0.5553
reddit,bwgnn,text,md_K3_matched,0,1,ff00ff32da1c,4,0.24735,0.5914,0.55871
reddit,bwgnn,text,md_K3_matched,0,1,ff00ff32da1c,5,0.22532,0.6497,0.56014
reddit,bwgnn,text,md_K3_matched,1,0,7132e0457d7d,1,0.32473,0.60908,0.52765
reddit,bwgnn,text,md_K3_matched,1,0,7132e0457d7d,2,0.28471,0.62603,0.5342
reddit,bwgnn,text,md_K3_matched,1,0,7132e0457d7d,3,0.26481,0.59936,0.55086
reddit,bwgnn,text,md_K3_matched,1,0,7132e0457d7d,4,0.23,0.61925,0.5488
reddit,bwgnn,text,md_K3_matched,1,0,7132e0457d7d,5,0.18684,0.61079,0.53552
reddit,bwgnn,text,md_K3_matched,1,1,ab55deecef24,1,0.32157,0.59852,0.52273
reddit,bwgnn,text,md_K3_matched,1,1,ab55deecef24,2,0.28729,0.62179,0.54584
reddit,bwgnn,text,md_K3_matched,1,1,ab55deecef24,3,0.27471,0.63168,0.54947
reddit,bwgnn,text,md_K3_matched,1,1,ab55deecef24,4,0.24176,0.64672,0.56657
reddit,bwgnn,text,md_K3_matched,1,1,ab55deecef24,5,0.21559,0.63798,0.55536
reddit,bwgnn,text,md_K3_matched,2,0,a5acac355bdd,1,0.34949,0.62995,0.5653
reddit,bwgnn,text,md_K3_matched,2,0,a5acac355bdd,2,0.29361,0.60334,0.53372
reddit,bwgnn,text,md_K3_matched,2,0,a5acac355bdd,3,0.25234,0.60971,0.54899
reddit,bwgnn,text,md_K3_matched,2,0,a5acac355bdd,4,0.22139,0.60428,0.56181
reddit,bwgnn,text,md_K3_matched,2,0,a5acac355bdd,5,0.1907,0.61974,0.55846
reddit,bwgnn,text,md_K3_matched,2,1,873e5b58c3e0,1,0.33297,0.61629,0.55986
reddit,bwgnn,text,md_K3_matched,2,1,873e5b58c3e0,2,0.28598,0.49896,0.5231
reddit,bwgnn,text,md_K3_matched,2,1,873e5b58c3e0,3,0.2513,0.52992,0.54442
reddit,bwgnn,text,md_K3_matched,2,1,873e5b58c3e0,4,0.25113,0.63279,0.56972
reddit,bwgnn,text,md_K3_matched,2,1,873e5b58c3e0,5,0.20904,0.61558,0.56227
reddit,bwgnn,text,md_K3_matched,3,0,76fd1716625d,1,0.32764,0.59979,0.51974
reddit,bwgnn,text,md_K3_matched,3,0,76fd1716625d,2,0.28903,0.6338,0.55985
reddit,bwgnn,text,md_K3_matched,3,0,76fd1716625d,3,0.25498,0.62766,0.55504
reddit,bwgnn,text,md_K3_matched,3,0,76fd1716625d,4,0.24147,0.66357,0.56546
reddit,bwgnn,text,md_K3_matched,3,0,76fd1716625d,5,0.20019,0.59955,0.54234
reddit,bwgnn,text,md_K3_matched,3,1,af729cb06fc1,1,0.31889,0.59346,0.52898
reddit,bwgnn,text,md_K3_matched,3,1,af729cb06fc1,2,0.28623,0.62944,0.5506
reddit,bwgnn,text,md_K3_matched,3,1,af729cb06fc1,3,0.25615,0.61956,0.55404
reddit,bwgnn,text,md_K3_matched,3,1,af729cb06fc1,4,0.25555,0.6379,0.56754
reddit,bwgnn,text,md_K3_matched,3,1,af729cb06fc1,5,0.23696,0.65182,0.55572
reddit,care_gnn,text,md_K3_matched,0,0,f00c896a656a,1,0.3201,0.62064,0.52329
reddit,care_gnn,text,md_K3_matched,0,0,f00c896a656a,2,0.28772,0.62486,0.50775
reddit,care_gnn,text,md_K3_matched,0,0,f00c896a656a,3,0.2647,0.64107,0.52241
reddit,care_gnn,text,md_K3_matched,0,0,f00c896a656a,4,0.24974,0.62062,0.51472
reddit,care_gnn,text,md_K3_matched,0,0,f00c896a656a,5,0.22895,0.63109,0.51073
reddit,care_gnn,text,md_K3_matched,0,1,67ab90bccd2b,1,0.32725,0.62043,0.51348
reddit,care_gnn,text,md_K3_matched,0,1,67ab90bccd2b,2,0.28929,0.62047,0.5115
reddit,care_gnn,text,md_K3_matched,0,1,67ab90bccd2b,3,0.26253,0.63157,0.51168
reddit,care_gnn,text,md_K3_matched,0,1,67ab90bccd2b,4,0.24045,0.6119,0.50879
reddit,care_gnn,text,md_K3_matched,0,1,67ab90bccd2b,5,0.2083,0.61738,0.51372
reddit,care_gnn,text,md_K3_matched,1,0,33d8d6401f3c,1,0.32524,0.59201,0.50904
reddit,care_gnn,text,md_K3_matched,1,0,33d8d6401f3c,2,0.28632,0.62657,0.52562
reddit,care_gnn,text,md_K3_matched,1,0,33d8d6401f3c,3,0.26642,0.6279,0.52134
reddit,care_gnn,text,md_K3_matched,1,0,33d8d6401f3c,4,0.25089,0.61445,0.50536
reddit,care_gnn,text,md_K3_matched,1,0,33d8d6401f3c,5,0.21858,0.61024,0.50666
reddit,care_gnn,text,md_K3_matched,1,1,09d4a1eb1456,1,0.33156,0.58437,0.51163
reddit,care_gnn,text,md_K3_matched,1,1,09d4a1eb1456,2,0.28493,0.63796,0.52925
reddit,care_gnn,text,md_K3_matched,1,1,09d4a1eb1456,3,0.26398,0.63806,0.52909
reddit,care_gnn,text,md_K3_matched,1,1,09d4a1eb1456,4,0.24404,0.62997,0.5161
reddit,care_gnn,text,md_K3_matched,1,1,09d4a1eb1456,5,0.21424,0.64143,0.53084
reddit,care_gnn,text,md_K3_matched,2,0,ea267b942ec6,1,0.32458,0.60821,0.52174
reddit,care_gnn,text,md_K3_matched,2,0,ea267b942ec6,2,0.28343,0.63137,0.53657
reddit,care_gnn,text,md_K3_matched,2,0,ea267b942ec6,3,0.26354,0.6235,0.51844
reddit,care_gnn,text,md_K3_matched,2,0,ea267b942ec6,4,0.24014,0.6407,0.52399
reddit,care_gnn,text,md_K3_matched,2,0,ea267b942ec6,5,0.2221,0.6379,0.51592
reddit,care_gnn,text,md_K3_matched,2,1,63f1eb6cfaf2,1,0.33193,0.60756,0.53581
reddit,care_gnn,text,md_K3_matched,2,1,63f1eb6cfaf2,2,0.28289,0.63818,0.53294
reddit,care_gnn,text,md_K3_matched,2,1,63f1eb6cfaf2,3,0.26195,0.6324,0.52092
reddit,care_gnn,text,md_K3_matched,2,1,63f1eb6cfaf2,4,0.2371,0.64904,0.53512
reddit,care_gnn,text,md_K3_matched,2,1,63f1eb6cfaf2,5,0.21878,0.63834,0.51897
reddit,care_gnn,text,md_K3_matched,3,0,e705b024e3a7,1,0.32376,0.60516,0.51948
reddit,care_gnn,text,md_K3_matched,3,0,e705b024e3a7,2,0.28464,0.62462,0.52235
reddit,care_gnn,text,md_K3_matched,3,0,e705b024e3a7,3,0.27004,0.63801,0.51926
reddit,care_gnn,text,md_K3_matched,3,0,e705b024e3a7,4,0.24242,0.61683,0.51087
reddit,care_gnn,text,md_K3_matched,3,0,e705b024e3a7,5,0.22372,0.62564,0.52053
reddit,care_gnn,text,md_K3_matched,3,1,d42f91d73bd1,1,0.33104,0.61221,0.50729
reddit,care_gnn,text,md_K3_matched,3,1,d42f91d73bd1,2,0.28291,0.62807,0.53528
reddit,care_gnn,text,md_K3_matched,3,1,d42f91d73bd1,3,0.26516,0.64724,0.53833
reddit,care_gnn,text,md_K3_matched,3,1,d42f91d73bd1,4,0.2352,0.62603,0.52568
reddit,care_gnn,text,md_K3_matched,3,1,d42f91d73bd1,5,0.21247,0.62498,0.52489
reddit,dga_gnn,text,md_K3_matched,0,0,2b1f229fb99e,1,0.33267,0.65355,0.55983
reddit,dga_gnn,text,md_K3_matched,0,0,2b1f229fb99e,2,0.30116,0.64218,0.52449
reddit,dga_gnn,text,md_K3_matched,0,0,2b1f229fb99e,3,0.29397,0.61396,0.54503
reddit,dga_gnn,text,md_K3_matched,0,0,2b1f229fb99e,4,0.28426,0.62266,0.53488
reddit,dga_gnn,text,md_K3_matched,0,0,2b1f229fb99e,5,0.27207,0.63245,0.55136
reddit,dga_gnn,text,md_K3_matched,0,1,d98e1fd56fae,1,0.35218,0.63131,0.53971
reddit,dga_gnn,text,md_K3_matched,0,1,d98e1fd56fae,2,0.30361,0.6521,0.54768
reddit,dga_gnn,text,md_K3_matched,0,1,d98e1fd56fae,3,0.29372,0.63597,0.5131
reddit,dga_gnn,text,md_K3_matched,0,1,d98e1fd56fae,4,0.29226,0.65113,0.54302
reddit,dga_gnn,text,md_K3_matched,0,1,d98e1fd56fae,5,0.27719,0.65114,0.53609
reddit,dga_gnn,text,md_K3_matched,1,0,b7e235e9a4c9,1,0.33701,0.61666,0.51405
reddit,dga_gnn,text,md_K3_matched,1,0,b7e235e9a4c9,2,0.31611,0.62798,0.47622
reddit,dga_gnn,text,md_K3_matched,1,0,b7e235e9a4c9,3,0.29156,0.62412,0.50591
reddit,dga_gnn,text,md_K3_matched,1,0,b7e235e9a4c9,4,0.28112,0.6441,0.53266
reddit,dga_gnn,text,md_K3_matched,1,0,b7e235e9a4c9,5,0.27329,0.64012,0.541
reddit,dga_gnn,text,md_K3_matched,1,1,2e8cee44d27a,1,0.33681,0.58764,0.51008
reddit,dga_gnn,text,md_K3_matched,1,1,2e8cee44d27a,2,0.31274,0.64231,0.50913
reddit,dga_gnn,text,md_K3_matched,1,1,2e8cee44d27a,3,0.29021,0.60702,0.5238
reddit,dga_gnn,text,md_K3_matched,1,1,2e8cee44d27a,4,0.29423,0.61755,0.50815
reddit,dga_gnn,text,md_K3_matched,1,1,2e8cee44d27a,5,0.27155,0.64424,0.53819
reddit,dga_gnn,text,md_K3_matched,2,0,d902938e440d,1,0.34217,0.58317,0.50974
reddit,dga_gnn,text,md_K3_matched,2,0,d902938e440d,2,0.30415,0.61857,0.52933
reddit,dga_gnn,text,md_K3_matched,2,0,d902938e440d,3,0.28996,0.63103,0.51675
reddit,dga_gnn,text,md_K3_matched,2,0,d902938e440d,4,0.28579,0.64855,0.54519
reddit,dga_gnn,text,md_K3_matched,2,0,d902938e440d,5,0.27821,0.65297,0.55126
reddit,dga_gnn,text,md_K3_matched,2,1,d15cf353c965,1,0.35091,0.58288,0.50607
reddit,dga_gnn,text,md_K3_matched,2,1,d15cf353c965,2,0.30745,0.61109,0.51968
reddit,dga_gnn,text,md_K3_matched,2,1,d15cf353c965,3,0.29582,0.64433,0.52765
reddit,dga_gnn,text,md_K3_matched,2,1,d15cf353c965,4,0.27761,0.64163,0.53858
reddit,dga_gnn,text,md_K3_matched,2,1,d15cf353c965,5,0.27152,0.65277,0.54846
reddit,dga_gnn,text,md_K3_matched,3,0,113566e848d6,1,0.32617,0.60403,0.49874
reddit,dga_gnn,text,md_K3_matched,3,0,113566e848d6,2,0.30684,0.64572,0.53513
reddit,dga_gnn,text,md_K3_matched,3,0,113566e848d6,3,0.29292,0.666,0.55694
reddit,dga_gnn,text,md_K3_matched,3,0,113566e848d6,4,0.29524,0.64034,0.48539
reddit,dga_gnn,text,md_K3_matched,3,0,113566e848d6,5,0.27887,0.62144,0.49867
reddit,dga_gnn,text,md_K3_matched,3,1,4788827d8417,1,0.33441,0.60721,0.52948
reddit,dga_gnn,text,md_K3_matched,3,1,4788827d8417,2,0.30128,0.61281,0.50022
reddit,dga_gnn,text,md_K3_matched,3,1,4788827d8417,3,0.29984,0.64146,0.53966
reddit,dga_gnn,text,md_K3_matched,3,1,4788827d8417,4,0.28111,0.62796,0.51309
reddit,dga_gnn,text,md_K3_matched,3,1,4788827d8417,5,0.26438,0.61604,0.53381
reddit,gat,text,md_K3_matched,0,0,d4faadc2705b,1,0.33833,0.65877,0.54489
reddit,gat,text,md_K3_matched,0,0,d4faadc2705b,2,0.3198,0.65076,0.54203
reddit,gat,text,md_K3_matched,0,0,d4faadc2705b,3,0.29634,0.65203,0.55531
reddit,gat,text,md_K3_matched,0,0,d4faadc2705b,4,0.28768,0.66281,0.53006
reddit,gat,text,md_K3_matched,0,0,d4faadc2705b,5,0.25828,0.66248,0.55701
reddit,gat,text,md_K3_matched,0,1,f6895f8a0e98,1,0.33773,0.66345,0.54846
reddit,gat,text,md_K3_matched,0,1,f6895f8a0e98,2,0.30988,0.66317,0.53193
reddit,gat,text,md_K3_matched,0,1,f6895f8a0e98,3,0.31344,0.66185,0.53582
reddit,gat,text,md_K3_matched,0,1,f6895f8a0e98,4,0.2954,0.6634,0.53418
reddit,gat,text,md_K3_matched,0,1,f6895f8a0e98,5,0.27635,0.69032,0.56448
reddit,gat,text,md_K3_matched,1,0,44b362c0891e,1,0.33726,0.63985,0.53164
reddit,gat,text,md_K3_matched,1,0,44b362c0891e,2,0.32563,0.67312,0.5552
reddit,gat,text,md_K3_matched,1,0,44b362c0891e,3,0.31162,0.64011,0.52676
reddit,gat,text,md_K3_matched,1,0,44b362c0891e,4,0.27495,0.66988,0.55699
reddit,gat,text,md_K3_matched,1,0,44b362c0891e,5,0.27692,0.69035,0.56199
reddit,gat,text,md_K3_matched,1,1,a8223c502591,1,0.33248,0.6546,0.54565
reddit,gat,text,md_K3_matched,1,1,a8223c502591,2,0.31671,0.65277,0.55163
reddit,gat,text,md_K3_matched,1,1,a8223c502591,3,0.30933,0.66755,0.55161
reddit,gat,text,md_K3_matched,1,1,a8223c502591,4,0.29846,0.66343,0.55442
reddit,gat,text,md_K3_matched,1,1,a8223c502591,5,0.28173,0.68914,0.56769
reddit,gat,text,md_K3_matched,2,0,c89ded0580dd,1,0.33951,0.65696,0.54725
reddit,gat,text,md_K3_matched,2,0,c89ded0580dd,2,0.31516,0.67156,0.53553
reddit,gat,text,md_K3_matched,2,0,c89ded0580dd,3,0.30078,0.6521,0.54858
reddit,gat,text,md_K3_matched,2,0,c89ded0580dd,4,0.30701,0.664,0.5448
reddit,gat,text,md_K3_matched,2,0,c89ded0580dd,5,0.26888,0.67147,0.55572
reddit,gat,text,md_K3_matched,2,1,31cbb8abdbd8,1,0.3342,0.64587,0.5434
reddit,gat,text,md_K3_matched,2,1,31cbb8abdbd8,2,0.3195,0.63398,0.52615
reddit,gat,text,md_K3_matched,2,1,31cbb8abdbd8,3,0.31163,0.661,0.5235
reddit,gat,text,md_K3_matched,2,1,31cbb8abdbd8,4,0.29474,0.65422,0.55507
reddit,gat,text,md_K3_matched,2,1,31cbb8abdbd8,5,0.27653,0.67523,0.55046
reddit,gat,text,md_K3_matched,3,0,4e010ff41299,1,0.34596,0.62999,0.51673
reddit,gat,text,md_K3_matched,3,0,4e010ff41299,2,0.31152,0.67979,0.54511
reddit,gat,text,md_K3_matched,3,0,4e010ff41299,3,0.30945,0.68739,0.55439
reddit,gat,text,md_K3_matched,3,0,4e010ff41299,4,0.28582,0.68615,0.55549
reddit,gat,text,md_K3_matched,3,0,4e010ff41299,5,0.29914,0.69373,0.56849
reddit,gat,text,md_K3_matched,3,1,13f0b68f155b,1,0.34039,0.62196,0.5113
reddit,gat,text,md_K3_matched,3,1,13f0b68f155b,2,0.31233,0.66101,0.54484
reddit,gat,text,md_K3_matched,3,1,13f0b68f155b,3,0.30955,0.69254,0.57224
reddit,gat,text,md_K3_matched,3,1,13f0b68f155b,4,0.29007,0.67054,0.55813
reddit,gat,text,md_K3_matched,3,1,13f0b68f155b,5,0.26673,0.69273,0.56153
reddit,gcn,text,md_K3_matched,0,0,a535a80dfbec,1,0.32572,0.59088,0.52742
reddit,gcn,text,md_K3_matched,0,0,a535a80dfbec,2,0.28431,0.5999,0.52567
reddit,gcn,text,md_K3_matched,0,0,a535a80dfbec,3,0.26473,0.60975,0.52667
reddit,gcn,text,md_K3_matched,0,0,a535a80dfbec,4,0.25391,0.60414,0.53427
reddit,gcn,text,md_K3_matched,0,0,a535a80dfbec,5,0.24435,0.602,0.54501
reddit,gcn,text,md_K3_matched,0,1,237944fab4ea,1,0.32816,0.58981,0.543
reddit,gcn,text,md_K3_matched,0,1,237944fab4ea,2,0.28549,0.61101,0.52266
reddit,gcn,text,md_K3_matched,0,1,237944fab4ea,3,0.26303,0.61383,0.53647
reddit,gcn,text,md_K3_matched,0,1,237944fab4ea,4,0.25513,0.60584,0.53081
reddit,gcn,text,md_K3_matched,0,1,237944fab4ea,5,0.24114,0.59406,0.53932
reddit,gcn,text,md_K3_matched,1,0,b9c4057cc702,1,0.33125,0.56311,0.52947
reddit,gcn,text,md_K3_matched,1,0,b9c4057cc702,2,0.28079,0.60489,0.54572
reddit,gcn,text,md_K3_matched,1,0,b9c4057cc702,3,0.26105,0.59143,0.53611
reddit,gcn,text,md_K3_matched,1,0,b9c4057cc702,4,0.25427,0.60663,0.53457
reddit,gcn,text,md_K3_matched,1,0,b9c4057cc702,5,0.24191,0.61523,0.53767
reddit,gcn,text,md_K3_matched,1,1,e638fb7561a1,1,0.33245,0.5526,0.511
reddit,gcn,text,md_K3_matched,1,1,e638fb7561a1,2,0.28072,0.60435,0.55231
reddit,gcn,text,md_K3_matched,1,1,e638fb7561a1,3,0.26598,0.59052,0.52949
reddit,gcn,text,md_K3_matched,1,1,e638fb7561a1,4,0.25451,0.60104,0.54031
reddit,gcn,text,md_K3_matched,1,1,e638fb7561a1,5,0.24344,0.61217,0.53504
reddit,gcn,text,md_K3_matched,2,0,547a37c7bd7c,1,0.33321,0.59052,0.5228
reddit,gcn,text,md_K3_matched,2,0,547a37c7bd7c,2,0.27997,0.59949,0.53907
reddit,gcn,text,md_K3_matched,2,0,547a37c7bd7c,3,0.26623,0.60494,0.52532
reddit,gcn,text,md_K3_matched,2,0,547a37c7bd7c,4,0.25525,0.61389,0.53806
reddit,gcn,text,md_K3_matched,2,0,547a37c7bd7c,5,0.25042,0.60391,0.53563
reddit,gcn,text,md_K3_matched,2,1,a0f0ac484894,1,0.33344,0.58829,0.53538
reddit,gcn,text,md_K3_matched,2,1,a0f0ac484894,2,0.28492,0.59479,0.53394
reddit,gcn,text,md_K3_matched,2,1,a0f0ac484894,3,0.26809,0.60719,0.53612
reddit,gcn,text,md_K3_matched,2,1,a0f0ac484894,4,0.25416,0.61489,0.54277
reddit,gcn,text,md_K3_matched,2,1,a0f0ac484894,5,0.25079,0.60323,0.5388
reddit,gcn,text,md_K3_matched,3,0,0079b9f12311,1,0.33157,0.56016,0.51882
reddit,gcn,text,md_K3_matched,3,0,0079b9f12311,2,0.27971,0.60769,0.53766
reddit,gcn,text,md_K3_matched,3,0,0079b9f12311,3,0.26435,0.61345,0.54063
reddit,gcn,text,md_K3_matched,3,0,0079b9f12311,4,0.25117,0.61087,0.53608
reddit,gcn,text,md_K3_matched,3,0,0079b9f12311,5,0.24093,0.6103,0.53486
reddit,gcn,text,md_K3_matched,3,1,6652c7c32f2c,1,0.33175,0.56453,0.51809
reddit,gcn,text,md_K3_matched,3,1,6652c7c32f2c,2,0.28124,0.60787,0.5446
reddit,gcn,text,md_K3_matched,3,1,6652c7c32f2c,3,0.26644,0.61563,0.5342
reddit,gcn,text,md_K3_matched,3,1,6652c7c32f2c,4,0.25029,0.61212,0.53382
reddit,gcn,text,md_K3_matched,3,1,6652c7c32f2c,5,0.24104,0.60967,0.53744
reddit,geniepath,text,md_K3_matched,0,0,02a63122e807,1,0.34023,0.6024,0.47622
reddit,geniepath,text,md_K3_matched,0,0,02a63122e807,2,0.30515,0.60493,0.52989
reddit,geniepath,text,md_K3_matched,0,0,02a63122e807,3,0.27386,0.60337,0.53259
reddit,geniepath,text,md_K3_matched,0,0,02a63122e807,4,0.2658,0.59934,0.52581
reddit,geniepath,text,md_K3_matched,0,0,02a63122e807,5,0.25747,0.59756,0.53493
reddit,geniepath,text,md_K3_matched,0,1,b55b095ee79f,1,0.32981,0.60839,0.49578
reddit,geniepath,text,md_K3_matched,0,1,b55b095ee79f,2,0.3044,0.60178,0.53666
reddit,geniepath,text,md_K3_matched,0,1,b55b095ee79f,3,0.27526,0.60251,0.53306
reddit,geniepath,text,md_K3_matched,0,1,b55b095ee79f,4,0.26614,0.59978,0.5355
reddit,geniepath,text,md_K3_matched,0,1,b55b095ee79f,5,0.26119,0.61055,0.53804
reddit,geniepath,text,md_K3_matched,1,0,02972aebf550,1,0.35314,0.61288,0.5392
reddit,geniepath,text,md_K3_matched,1,0,02972aebf550,2,0.30884,0.62398,0.55102
reddit,geniepath,text,md_K3_matched,1,0,02972aebf550,3,0.29101,0.57982,0.52042
reddit,geniepath,text,md_K3_matched,1,0,02972aebf550,4,0.30771,0.52476,0.51815
reddit,geniepath,text,md_K3_matched,1,0,02972aebf550,5,0.30373,0.57703,0.50824
reddit,geniepath,text,md_K3_matched,1,1,cfc50cc0b415,1,0.35986,0.59707,0.52873
reddit,geniepath,text,md_K3_matched,1,1,cfc50cc0b415,2,0.31669,0.60469,0.53088
reddit,geniepath,text,md_K3_matched,1,1,cfc50cc0b415,3,0.29092,0.59233,0.49036
reddit,geniepath,text,md_K3_matched,1,1,cfc50cc0b415,4,0.29826,0.57395,0.52072
reddit,geniepath,text,md_K3_matched,1,1,cfc50cc0b415,5,0.28508,0.6098,0.53691
reddit,geniepath,text,md_K3_matched,2,0,8ac5286467cf,1,0.34344,0.60904,0.5427
reddit,geniepath,text,md_K3_matched,2,0,8ac5286467cf,2,0.29449,0.61331,0.55613
reddit,geniepath,text,md_K3_matched,2,0,8ac5286467cf,3,0.28211,0.6013,0.51957
reddit,geniepath,text,md_K3_matched,2,0,8ac5286467cf,4,0.27667,0.601,0.54424
reddit,geniepath,text,md_K3_matched,2,0,8ac5286467cf,5,0.26752,0.5995,0.53085
reddit,geniepath,text,md_K3_matched,2,1,8003991bf92e,1,0.35581,0.61235,0.53829
reddit,geniepath,text,md_K3_matched,2,1,8003991bf92e,2,0.3063,0.61794,0.55481
reddit,geniepath,text,md_K3_matched,2,1,8003991bf92e,3,0.28744,0.61109,0.53781
reddit,geniepath,text,md_K3_matched,2,1,8003991bf92e,4,0.28958,0.60438,0.53538
reddit,geniepath,text,md_K3_matched,2,1,8003991bf92e,5,0.26983,0.60834,0.54636
reddit,geniepath,text,md_K3_matched,3,0,d981ed965c68,1,0.35169,0.59173,0.50864
reddit,geniepath,text,md_K3_matched,3,0,d981ed965c68,2,0.32638,0.58669,0.53419
reddit,geniepath,text,md_K3_matched,3,0,d981ed965c68,3,0.2841,0.60696,0.54327
reddit,geniepath,text,md_K3_matched,3,0,d981ed965c68,4,0.276,0.61287,0.54082
reddit,geniepath,text,md_K3_matched,3,0,d981ed965c68,5,0.29493,0.62742,0.53422
reddit,geniepath,text,md_K3_matched,3,1,72401e562bc5,1,0.35193,0.60371,0.51292
reddit,geniepath,text,md_K3_matched,3,1,72401e562bc5,2,0.30322,0.59556,0.53232
reddit,geniepath,text,md_K3_matched,3,1,72401e562bc5,3,0.28405,0.59703,0.53346
reddit,geniepath,text,md_K3_matched,3,1,72401e562bc5,4,0.26673,0.59791,0.53962
reddit,geniepath,text,md_K3_matched,3,1,72401e562bc5,5,0.27525,0.59671,0.53251
reddit,pmp,text,md_K3_matched,0,0,630124761e9c,1,0.33595,0.63038,0.52838
reddit,pmp,text,md_K3_matched,0,0,630124761e9c,2,0.30297,0.61444,0.51892
reddit,pmp,text,md_K3_matched,0,0,630124761e9c,3,0.274,0.62756,0.53588
reddit,pmp,text,md_K3_matched,0,0,630124761e9c,4,0.26492,0.62486,0.52075
reddit,pmp,text,md_K3_matched,0,0,630124761e9c,5,0.24437,0.6273,0.53449
reddit,pmp,text,md_K3_matched,0,1,5863f8b2a338,1,0.32657,0.62832,0.53073
reddit,pmp,text,md_K3_matched,0,1,5863f8b2a338,2,0.30037,0.61844,0.52594
reddit,pmp,text,md_K3_matched,0,1,5863f8b2a338,3,0.2748,0.61733,0.52156
reddit,pmp,text,md_K3_matched,0,1,5863f8b2a338,4,0.26485,0.6119,0.52839
reddit,pmp,text,md_K3_matched,0,1,5863f8b2a338,5,0.24738,0.62175,0.54043
reddit,pmp,text,md_K3_matched,1,0,e0a68230b688,1,0.33414,0.60252,0.52243
reddit,pmp,text,md_K3_matched,1,0,e0a68230b688,2,0.29738,0.62356,0.53539
reddit,pmp,text,md_K3_matched,1,0,e0a68230b688,3,0.26978,0.61449,0.53305
reddit,pmp,text,md_K3_matched,1,0,e0a68230b688,4,0.26437,0.59458,0.51869
reddit,pmp,text,md_K3_matched,1,0,e0a68230b688,5,0.24059,0.6184,0.53187
reddit,pmp,text,md_K3_matched,1,1,0bb14b1d3e59,1,0.32352,0.59751,0.51675
reddit,pmp,text,md_K3_matched,1,1,0bb14b1d3e59,2,0.29699,0.63032,0.53277
reddit,pmp,text,md_K3_matched,1,1,0bb14b1d3e59,3,0.27416,0.62406,0.5307
reddit,pmp,text,md_K3_matched,1,1,0bb14b1d3e59,4,0.2578,0.60648,0.518
reddit,pmp,text,md_K3_matched,1,1,0bb14b1d3e59,5,0.24005,0.6266,0.53407
reddit,pmp,text,md_K3_matched,2,0,d425f9e25c02,1,0.33791,0.60739,0.55076
reddit,pmp,text,md_K3_matched,2,0,d425f9e25c02,2,0.30089,0.6275,0.54675
reddit,pmp,text,md_K3_matched,2,0,d425f9e25c02,3,0.27063,0.62331,0.51808
reddit,pmp,text,md_K3_matched,2,0,d425f9e25c02,4,0.25821,0.63124,0.5303
reddit,pmp,text,md_K3_matched,2,0,d425f9e25c02,5,0.23906,0.62455,0.53273
reddit,pmp,text,md_K3_matched,2,1,006994b43aa7,1,0.33244,0.59825,0.53071
reddit,pmp,text,md_K3_matched,2,1,006994b43aa7,2,0.29634,0.62471,0.532
reddit,pmp,text,md_K3_matched,2,1,006994b43aa7,3,0.26807,0.61581,0.52204
reddit,pmp,text,md_K3_matched,2,1,006994b43aa7,4,0.25332,0.6263,0.54611
reddit,pmp,text,md_K3_matched,2,1,006994b43aa7,5,0.24694,0.62935,0.5326
reddit,pmp,text,md_K3_matched,3,0,642533b4fab2,1,0.34647,0.62359,0.51866
reddit,pmp,text,md_K3_matched,3,0,642533b4fab2,2,0.29078,0.6247,0.53109
reddit,pmp,text,md_K3_matched,3,0,642533b4fab2,3,0.27662,0.628,0.52248
reddit,pmp,text,md_K3_matched,3,0,642533b4fab2,4,0.25433,0.62558,0.53694
reddit,pmp,text,md_K3_matched,3,0,642533b4fab2,5,0.23394,0.61676,0.54862
reddit,pmp,text,md_K3_matched,3,1,2d0eabbd348c,1,0.33253,0.60905,0.53381
reddit,pmp,text,md_K3_matched,3,1,2d0eabbd348c,2,0.2924,0.63314,0.53972
reddit,pmp,text,md_K3_matched,3,1,2d0eabbd348c,3,0.27853,0.63084,0.52971
reddit,pmp,text,md_K3_matched,3,1,2d0eabbd348c,4,0.25935,0.62198,0.53164
reddit,pmp,text,md_K3_matched,3,1,2d0eabbd348c,5,0.24561,0.62375,0.53841
instagram,bwgnn,text,md_K5_matched,0,0,1abf957bf51b,1,0.45639,0.62133,0.54178
instagram,bwgnn,text,md_K5_matched,0,0,1abf957bf51b,2,0.29039,0.62812,0.55471
instagram,bwgnn,text,md_K5_matched,0,0,1abf957bf51b,3,0.2783,0.613,0.54927
instagram,bwgnn,text,md_K5_matched,0,0,1abf957bf51b,4,0.26473,0.60613,0.5492
instagram,bwgnn,text,md_K5_matched,0,0,1abf957bf51b,5,0.24856,0.57941,0.53449
instagram,bwgnn,text,md_K5_matched,0,1,f50046db858b,1,0.65121,0.61829,0.54456
instagram,bwgnn,text,md_K5_matched,0,1,f50046db858b,2,0.28973,0.60482,0.54911
instagram,bwgnn,text,md_K5_matched,0,1,f50046db858b,3,0.27587,0.59297,0.56803
instagram,bwgnn,text,md_K5_matched,0,1,f50046db858b,4,0.26895,0.57972,0.52651
instagram,bwgnn,text,md_K5_matched,0,1,f50046db858b,5,0.25076,0.57118,0.5257
instagram,bwgnn,text,md_K5_matched,1,0,c95abf91056c,1,0.47624,0.6476,0.56035
instagram,bwgnn,text,md_K5_matched,1,0,c95abf91056c,2,0.2927,0.62494,0.54601
instagram,bwgnn,text,md_K5_matched,1,0,c95abf91056c,3,0.2761,0.59064,0.52659
instagram,bwgnn,text,md_K5_matched,1,0,c95abf91056c,4,0.25812,0.5851,0.535
instagram,bwgnn,text,md_K5_matched,1,0,c95abf91056c,5,0.25124,0.56015,0.52237
instagram,bwgnn,text,md_K5_matched,1,1,6441b6ef9626,1,0.50729,0.62983,0.54967
instagram,bwgnn,text,md_K5_matched,1,1,6441b6ef9626,2,0.28802,0.61227,0.55927
instagram,bwgnn,text,md_K5_matched,1,1,6441b6ef9626,3,0.27493,0.61379,0.54942
instagram,bwgnn,text,md_K5_matched,1,1,6441b6ef9626,4,0.25726,0.62354,0.55034
instagram,bwgnn,text,md_K5_matched,1,1,6441b6ef9626,5,0.25682,0.56869,0.52469
instagram,bwgnn,text,md_K5_matched,2,0,8839c2e2cfe8,1,0.41256,0.60169,0.54451
instagram,bwgnn,text,md_K5_matched,2,0,8839c2e2cfe8,2,0.28933,0.6094,0.55294
instagram,bwgnn,text,md_K5_matched,2,0,8839c2e2cfe8,3,0.27406,0.59171,0.53177
instagram,bwgnn,text,md_K5_matched,2,0,8839c2e2cfe8,4,0.26068,0.5857,0.52761
instagram,bwgnn,text,md_K5_matched,2,0,8839c2e2cfe8,5,0.24936,0.5918,0.54355
instagram,bwgnn,text,md_K5_matched,2,1,798f43112917,1,0.49845,0.6356,0.54615
instagram,bwgnn,text,md_K5_matched,2,1,798f43112917,2,0.29556,0.60076,0.53268
instagram,bwgnn,text,md_K5_matched,2,1,798f43112917,3,0.27569,0.5757,0.5373
instagram,bwgnn,text,md_K5_matched,2,1,798f43112917,4,0.31711,0.58174,0.53228
instagram,bwgnn,text,md_K5_matched,2,1,798f43112917,5,0.2544,0.57404,0.53057
instagram,bwgnn,text,md_K5_matched,3,0,68888ab0313c,1,0.447,0.60057,0.54851
instagram,bwgnn,text,md_K5_matched,3,0,68888ab0313c,2,0.29727,0.60355,0.53542
instagram,bwgnn,text,md_K5_matched,3,0,68888ab0313c,3,0.27561,0.59393,0.54865
instagram,bwgnn,text,md_K5_matched,3,0,68888ab0313c,4,0.26669,0.58456,0.535
instagram,bwgnn,text,md_K5_matched,3,0,68888ab0313c,5,0.25753,0.57916,0.54311
instagram,bwgnn,text,md_K5_matched,3,1,354ec0f58358,1,0.39348,0.60911,0.54005
instagram,bwgnn,text,md_K5_matched,3,1,354ec0f58358,2,0.2919,0.60117,0.54212
instagram,bwgnn,text,md_K5_matched,3,1,354ec0f58358,3,0.27784,0.58085,0.52329
instagram,bwgnn,text,md_K5_matched,3,1,354ec0f58358,4,0.26253,0.562,0.51723
instagram,bwgnn,text,md_K5_matched,3,1,354ec0f58358,5,0.3216,0.63979,0.55812
instagram,care_gnn,text,md_K5_matched,0,0,579e401fad5a,1,0.32926,0.65482,0.58702
instagram,care_gnn,text,md_K5_matched,0,0,579e401fad5a,2,0.29457,0.63631,0.5528
instagram,care_gnn,text,md_K5_matched,0,0,579e401fad5a,3,0.28469,0.61386,0.57271
instagram,care_gnn,text,md_K5_matched,0,0,579e401fad5a,4,0.28624,0.59754,0.55721
instagram,care_gnn,text,md_K5_matched,0,0,579e401fad5a,5,0.2639,0.57477,0.55812
instagram,care_gnn,text,md_K5_matched,0,1,595dd5b17e7b,1,0.34626,0.68258,0.57936
instagram,care_gnn,text,md_K5_matched,0,1,595dd5b17e7b,2,0.29977,0.66228,0.56784
instagram,care_gnn,text,md_K5_matched,0,1,595dd5b17e7b,3,0.29235,0.64647,0.55418
instagram,care_gnn,text,md_K5_matched,0,1,595dd5b17e7b,4,0.28933,0.61904,0.55596
instagram,care_gnn,text,md_K5_matched,0,1,595dd5b17e7b,5,0.26814,0.58539,0.57259
instagram,care_gnn,text,md_K5_matched,1,0,8969ffc121e2,1,0.33554,0.64824,0.59042
instagram,care_gnn,text,md_K5_matched,1,0,8969ffc121e2,2,0.28859,0.63308,0.56149
instagram,care_gnn,text,md_K5_matched,1,0,8969ffc121e2,3,0.28009,0.61831,0.56463
instagram,care_gnn,text,md_K5_matched,1,0,8969ffc121e2,4,0.26485,0.59062,0.55417
instagram,care_gnn,text,md_K5_matched,1,0,8969ffc121e2,5,0.26223,0.59122,0.55382
instagram,care_gnn,text,md_K5_matched,1,1,0caaa76e86fe,1,0.35372,0.65522,0.56097
instagram,care_gnn,text,md_K5_matched,1,1,0caaa76e86fe,2,0.29227,0.64289,0.56764
instagram,care_gnn,text,md_K5_matched,1,1,0caaa76e86fe,3,0.28598,0.62917,0.56579
instagram,care_gnn,text,md_K5_matched,1,1,0caaa76e86fe,4,0.26979,0.60273,0.55219
instagram,care_gnn,text,md_K5_matched,1,1,0caaa76e86fe,5,0.2692,0.58578,0.55717
instagram,care_gnn,text,md_K5_matched,2,0,0abf44205f8f,1,0.33058,0.65911,0.58027
instagram,care_gnn,text,md_K5_matched,2,0,0abf44205f8f,2,0.29414,0.63866,0.5687
instagram,care_gnn,text,md_K5_matched,2,0,0abf44205f8f,3,0.28406,0.62131,0.54533
instagram,care_gnn,text,md_K5_matched,2,0,0abf44205f8f,4,0.26997,0.59272,0.54299
instagram,care_gnn,text,md_K5_matched,2,0,0abf44205f8f,5,0.25733,0.5785,0.54114
instagram,care_gnn,text,md_K5_matched,2,1,279c02b0b116,1,0.34795,0.65064,0.57053
instagram,care_gnn,text,md_K5_matched,2,1,279c02b0b116,2,0.29994,0.64075,0.5791
instagram,care_gnn,text,md_K5_matched,2,1,279c02b0b116,3,0.28919,0.63623,0.55917
instagram,care_gnn,text,md_K5_matched,2,1,279c02b0b116,4,0.27431,0.60696,0.56575
instagram,care_gnn,text,md_K5_matched,2,1,279c02b0b116,5,0.26391,0.59272,0.55144
instagram,care_gnn,text,md_K5_matched,3,0,af56c80a3ae7,1,0.32192,0.65374,0.57137
instagram,care_gnn,text,md_K5_matched,3,0,af56c80a3ae7,2,0.29579,0.64245,0.55801
instagram,care_gnn,text,md_K5_matched,3,0,af56c80a3ae7,3,0.27983,0.61149,0.57498
instagram,care_gnn,text,md_K5_matched,3,0,af56c80a3ae7,4,0.27272,0.59651,0.56035
instagram,care_gnn,text,md_K5_matched,3,0,af56c80a3ae7,5,0.26849,0.56107,0.55496
instagram,care_gnn,text,md_K5_matched,3,1,fb037246cc8e,1,0.33203,0.65564,0.56918
instagram,care_gnn,text,md_K5_matched,3,1,fb037246cc8e,2,0.29844,0.65353,0.57349
instagram,care_gnn,text,md_K5_matched,3,1,fb037246cc8e,3,0.28464,0.63216,0.56057
instagram,care_gnn,text,md_K5_matched,3,1,fb037246cc8e,4,0.27681,0.61746,0.56691
instagram,care_gnn,text,md_K5_matched,3,1,fb037246cc8e,5,0.27112,0.59306,0.55927
instagram,dga_gnn,text,md_K5_matched,0,0,f6178f808bec,1,0.37167,0.62989,0.57137
instagram,dga_gnn,text,md_K5_matched,0,0,f6178f808bec,2,0.31367,0.63425,0.58012
instagram,dga_gnn,text,md_K5_matched,0,0,f6178f808bec,3,0.30074,0.62308,0.56418
instagram,dga_gnn,text,md_K5_matched,0,0,f6178f808bec,4,0.32256,0.60755,0.52326
instagram,dga_gnn,text,md_K5_matched,0,0,f6178f808bec,5,0.28384,0.60732,0.54006
instagram,dga_gnn,text,md_K5_matched,0,1,0ad36f2b851d,1,0.37658,0.64318,0.6045
instagram,dga_gnn,text,md_K5_matched,0,1,0ad36f2b851d,2,0.3256,0.63127,0.56638
instagram,dga_gnn,text,md_K5_matched,0,1,0ad36f2b851d,3,0.30747,0.64718,0.56347
instagram,dga_gnn,text,md_K5_matched,0,1,0ad36f2b851d,4,0.30468,0.63162,0.55812
instagram,dga_gnn,text,md_K5_matched,0,1,0ad36f2b851d,5,0.29133,0.61317,0.54513
instagram,dga_gnn,text,md_K5_matched,1,0,9be978f3be3b,1,0.35379,0.63633,0.5386
instagram,dga_gnn,text,md_K5_matched,1,0,9be978f3be3b,2,0.31097,0.63077,0.56916
instagram,dga_gnn,text,md_K5_matched,1,0,9be978f3be3b,3,0.31142,0.61875,0.56579
instagram,dga_gnn,text,md_K5_matched,1,0,9be978f3be3b,4,0.28647,0.60161,0.56587
instagram,dga_gnn,text,md_K5_matched,1,0,9be978f3be3b,5,0.31209,0.58362,0.54505
instagram,dga_gnn,text,md_K5_matched,1,1,b13f4717b3eb,1,0.36548,0.63125,0.54202
instagram,dga_gnn,text,md_K5_matched,1,1,b13f4717b3eb,2,0.31385,0.62617,0.57177
instagram,dga_gnn,text,md_K5_matched,1,1,b13f4717b3eb,3,0.31553,0.61411,0.5678
instagram,dga_gnn,text,md_K5_matched,1,1,b13f4717b3eb,4,0.3,0.59643,0.54351
instagram,dga_gnn,text,md_K5_matched,1,1,b13f4717b3eb,5,0.2953,0.55532,0.53797
instagram,dga_gnn,text,md_K5_matched,2,0,52e0cfb78536,1,0.35152,0.6484,0.56603
instagram,dga_gnn,text,md_K5_matched,2,0,52e0cfb78536,2,0.32134,0.63775,0.58803
instagram,dga_gnn,text,md_K5_matched,2,0,52e0cfb78536,3,0.30249,0.62748,0.55956
instagram,dga_gnn,text,md_K5_matched,2,0,52e0cfb78536,4,0.30583,0.59161,0.53116
instagram,dga_gnn,text,md_K5_matched,2,0,52e0cfb78536,5,0.27138,0.58537,0.53848
instagram,dga_gnn,text,md_K5_matched,2,1,1a8ffd6bb73f,1,0.36726,0.64343,0.58363
instagram,dga_gnn,text,md_K5_matched,2,1,1a8ffd6bb73f,2,0.3247,0.63993,0.5036
instagram,dga_gnn,text,md_K5_matched,2,1,1a8ffd6bb73f,3,0.31354,0.63092,0.58384
instagram,dga_gnn,text,md_K5_matched,2,1,1a8ffd6bb73f,4,0.30232,0.61988,0.5462
instagram,dga_gnn,text,md_K5_matched,2,1,1a8ffd6bb73f,5,0.27619,0.61561,0.5703
instagram,dga_gnn,text,md_K5_matched,3,0,7e6ae5dc9dfc,1,0.36675,0.64002,0.57618
instagram,dga_gnn,text,md_K5_matched,3,0,7e6ae5dc9dfc,2,0.30679,0.64133,0.54063
instagram,dga_gnn,text,md_K5_matched,3,0,7e6ae5dc9dfc,3,0.30593,0.62692,0.53542
instagram,dga_gnn,text,md_K5_matched,3,0,7e6ae5dc9dfc,4,0.29952,0.61952,0.57181
instagram,dga_gnn,text,md_K5_matched,3,0,7e6ae5dc9dfc,5,0.29615,0.60821,0.56027
instagram,dga_gnn,text,md_K5_matched,3,1,3b07dd4997e1,1,0.35629,0.62887,0.55824
instagram,dga_gnn,text,md_K5_matched,3,1,3b07dd4997e1,2,0.31669,0.64616,0.57816
instagram,dga_gnn,text,md_K5_matched,3,1,3b07dd4997e1,3,0.30882,0.6346,0.54303
instagram,dga_gnn,text,md_K5_matched,3,1,3b07dd4997e1,4,0.30089,0.60876,0.58613
instagram,dga_gnn,text,md_K5_matched,3,1,3b07dd4997e1,5,0.28767,0.61036,0.55294
instagram,gat,text,md_K5_matched,0,0,da06b0fd66e2,1,0.37087,0.66111,0.57259
instagram,gat,text,md_K5_matched,0,0,da06b0fd66e2,2,0.34941,0.66451,0.59636
instagram,gat,text,md_K5_matched,0,0,da06b0fd66e2,3,0.3366,0.60763,0.56348
instagram,gat,text,md_K5_matched,0,0,da06b0fd66e2,4,0.34318,0.63352,0.56169
instagram,gat,text,md_K5_matched,0,0,da06b0fd66e2,5,0.31929,0.60586,0.56377
instagram,gat,text,md_K5_matched,0,1,8ee10a8647cf,1,0.36182,0.64989,0.5665
instagram,gat,text,md_K5_matched,0,1,8ee10a8647cf,2,0.34343,0.65863,0.57095
instagram,gat,text,md_K5_matched,0,1,8ee10a8647cf,3,0.34192,0.60861,0.56463
instagram,gat,text,md_K5_matched,0,1,8ee10a8647cf,4,0.31396,0.59624,0.57137
instagram,gat,text,md_K5_matched,0,1,8ee10a8647cf,5,0.31841,0.61238,0.57603
instagram,gat,text,md_K5_matched,1,0,6b4367e0cc32,1,0.34566,0.64591,0.54066
instagram,gat,text,md_K5_matched,1,0,6b4367e0cc32,2,0.30907,0.59491,0.56348
instagram,gat,text,md_K5_matched,1,0,6b4367e0cc32,3,0.32749,0.61756,0.54114
instagram,gat,text,md_K5_matched,1,0,6b4367e0cc32,4,0.31274,0.59078,0.56318
instagram,gat,text,md_K5_matched,1,0,6b4367e0cc32,5,0.32331,0.59915,0.57379
instagram,gat,text,md_K5_matched,1,1,1ba174445ab9,1,0.34556,0.6381,0.54108
instagram,gat,text,md_K5_matched,1,1,1ba174445ab9,2,0.30872,0.61577,0.58004
instagram,gat,text,md_K5_matched,1,1,1ba174445ab9,3,0.32504,0.57951,0.54631
instagram,gat,text,md_K5_matched,1,1,1ba174445ab9,4,0.29218,0.6009,0.56409
instagram,gat,text,md_K5_matched,1,1,1ba174445ab9,5,0.33987,0.58851,0.56522
instagram,gat,text,md_K5_matched,2,0,3c13f102590e,1,0.34239,0.65347,0.58018
instagram,gat,text,md_K5_matched,2,0,3c13f102590e,2,0.35861,0.6239,0.57398
instagram,gat,text,md_K5_matched,2,0,3c13f102590e,3,0.30234,0.63458,0.56522
instagram,gat,text,md_K5_matched,2,0,3c13f102590e,4,0.33257,0.60619,0.57023
instagram,gat,text,md_K5_matched,2,0,3c13f102590e,5,0.29525,0.60925,0.54638
instagram,gat,text,md_K5_matched,2,1,8916cba82957,1,0.33681,0.65693,0.57952
instagram,gat,text,md_K5_matched,2,1,8916cba82957,2,0.33998,0.64393,0.56638
instagram,gat,text,md_K5_matched,2,1,8916cba82957,3,0.30804,0.63189,0.57152
instagram,gat,text,md_K5_matched,2,1,8916cba82957,4,0.32816,0.62927,0.56024
instagram,gat,text,md_K5_matched,2,1,8916cba82957,5,0.32337,0.56785,0.56803
instagram,gat,text,md_K5_matched,3,0,24ee5c453aee,1,0.35964,0.63487,0.57414
instagram,gat,text,md_K5_matched,3,0,24ee5c453aee,2,0.32036,0.63364,0.56242
instagram,gat,text,md_K5_matched,3,0,24ee5c453aee,3,0.31838,0.61857,0.58532
instagram,gat,text,md_K5_matched,3,0,24ee5c453aee,4,0.31416,0.62952,0.56855
instagram,gat,text,md_K5_matched,3,0,24ee5c453aee,5,0.37058,0.58814,0.53991
instagram,gat,text,md_K5_matched,3,1,406e43ffd24e,1,0.34583,0.59974,0.55771
instagram,gat,text,md_K5_matched,3,1,406e43ffd24e,2,0.31966,0.62569,0.55116
instagram,gat,text,md_K5_matched,3,1,406e43ffd24e,3,0.33453,0.60349,0.54727
instagram,gat,text,md_K5_matched,3,1,406e43ffd24e,4,0.30958,0.60405,0.55031
instagram,gat,text,md_K5_matched,3,1,406e43ffd24e,5,0.3254,0.62313,0.57393
instagram,gcn,text,md_K5_matched,0,0,9fdb903c54a1,1,0.33316,0.66426,0.55148
instagram,gcn,text,md_K5_matched,0,0,9fdb903c54a1,2,0.28825,0.6372,0.58515
instagram,gcn,text,md_K5_matched,0,0,9fdb903c54a1,3,0.26866,0.62385,0.56433
instagram,gcn,text,md_K5_matched,0,0,9fdb903c54a1,4,0.25743,0.60786,0.55077
instagram,gcn,text,md_K5_matched,0,0,9fdb903c54a1,5,0.23737,0.60426,0.5536
instagram,gcn,text,md_K5_matched,0,1,9cb18f2d2030,1,0.33254,0.65426,0.55349
instagram,gcn,text,md_K5_matched,0,1,9cb18f2d2030,2,0.28666,0.63123,0.5776
instagram,gcn,text,md_K5_matched,0,1,9cb18f2d2030,3,0.27104,0.61271,0.56097
instagram,gcn,text,md_K5_matched,0,1,9cb18f2d2030,4,0.25743,0.59526,0.54656
instagram,gcn,text,md_K5_matched,0,1,9cb18f2d2030,5,0.236,0.59099,0.55141
instagram,gcn,text,md_K5_matched,1,0,9870d67b2c45,1,0.32417,0.65461,0.57259
instagram,gcn,text,md_K5_matched,1,0,9870d67b2c45,2,0.2839,0.63035,0.56097
instagram,gcn,text,md_K5_matched,1,0,9870d67b2c45,3,0.271,0.6179,0.54823
instagram,gcn,text,md_K5_matched,1,0,9870d67b2c45,4,0.24282,0.60798,0.56046
instagram,gcn,text,md_K5_matched,1,0,9870d67b2c45,5,0.2437,0.59082,0.54411
instagram,gcn,text,md_K5_matched,1,1,59e20535b09a,1,0.32345,0.65083,0.56377
instagram,gcn,text,md_K5_matched,1,1,59e20535b09a,2,0.28142,0.63381,0.5815
instagram,gcn,text,md_K5_matched,1,1,59e20535b09a,3,0.27127,0.6149,0.55476
instagram,gcn,text,md_K5_matched,1,1,59e20535b09a,4,0.24232,0.61229,0.55928
instagram,gcn,text,md_K5_matched,1,1,59e20535b09a,5,0.2423,0.60384,0.54544
instagram,gcn,text,md_K5_matched,2,0,e2b1c191b00b,1,0.32696,0.67011,0.59396
instagram,gcn,text,md_K5_matched,2,0,e2b1c191b00b,2,0.28145,0.64708,0.57506
instagram,gcn,text,md_K5_matched,2,0,e2b1c191b00b,3,0.26485,0.62929,0.57137
instagram,gcn,text,md_K5_matched,2,0,e2b1c191b00b,4,0.25311,0.59976,0.55471
instagram,gcn,text,md_K5_matched,2,0,e2b1c191b00b,5,0.23241,0.59541,0.55717
instagram,gcn,text,md_K5_matched,2,1,80a5b0be3283,1,0.32742,0.66307,0.58018
instagram,gcn,text,md_K5_matched,2,1,80a5b0be3283,2,0.28167,0.63616,0.5814
instagram,gcn,text,md_K5_matched,2,1,80a5b0be3283,3,0.26559,0.62054,0.55621
instagram,gcn,text,md_K5_matched,2,1,80a5b0be3283,4,0.25076,0.60673,0.55697
instagram,gcn,text,md_K5_matched,2,1,80a5b0be3283,5,0.23122,0.60446,0.54949
instagram,gcn,text,md_K5_matched,3,0,8387ddb487f1,1,0.33394,0.66251,0.5705
instagram,gcn,text,md_K5_matched,3,0,8387ddb487f1,2,0.2826,0.65424,0.56425
instagram,gcn,text,md_K5_matched,3,0,8387ddb487f1,3,0.26239,0.64362,0.58176
instagram,gcn,text,md_K5_matched,3,0,8387ddb487f1,4,0.25298,0.62941,0.5687
instagram,gcn,text,md_K5_matched,3,0,8387ddb487f1,5,0.2377,0.61561,0.55449
instagram,gcn,text,md_K5_matched,3,1,c36fa3a86cae,1,0.32858,0.65461,0.57045
instagram,gcn,text,md_K5_matched,3,1,c36fa3a86cae,2,0.28732,0.64506,0.56897
instagram,gcn,text,md_K5_matched,3,1,c36fa3a86cae,3,0.2591,0.63106,0.56897
instagram,gcn,text,md_K5_matched,3,1,c36fa3a86cae,4,0.25678,0.61205,0.54433
instagram,gcn,text,md_K5_matched,3,1,c36fa3a86cae,5,0.24238,0.60351,0.54838
instagram,geniepath,text,md_K5_matched,0,0,8e601b73987e,1,0.3437,0.62512,0.56409
instagram,geniepath,text,md_K5_matched,0,0,8e601b73987e,2,0.29772,0.59436,0.52553
instagram,geniepath,text,md_K5_matched,0,0,8e601b73987e,3,0.28911,0.59001,0.5383
instagram,geniepath,text,md_K5_matched,0,0,8e601b73987e,4,0.28595,0.57195,0.52824
instagram,geniepath,text,md_K5_matched,0,0,8e601b73987e,5,0.25446,0.56427,0.52237
instagram,geniepath,text,md_K5_matched,0,1,b475be296ddf,1,0.3429,0.61264,0.53891
instagram,geniepath,text,md_K5_matched,0,1,b475be296ddf,2,0.29903,0.58682,0.51976
instagram,geniepath,text,md_K5_matched,0,1,b475be296ddf,3,0.29085,0.58528,0.53816
instagram,geniepath,text,md_K5_matched,0,1,b475be296ddf,4,0.28748,0.56864,0.52641
instagram,geniepath,text,md_K5_matched,0,1,b475be296ddf,5,0.25495,0.56088,0.52417
instagram,geniepath,text,md_K5_matched,1,0,9abb2afe173a,1,0.3665,0.60076,0.5486
instagram,geniepath,text,md_K5_matched,1,0,9abb2afe173a,2,0.30042,0.5967,0.5124
instagram,geniepath,text,md_K5_matched,1,0,9abb2afe173a,3,0.30746,0.58112,0.50933
instagram,geniepath,text,md_K5_matched,1,0,9abb2afe173a,4,0.26814,0.56944,0.5175
instagram,geniepath,text,md_K5_matched,1,0,9abb2afe173a,5,0.28038,0.55652,0.51548
instagram,geniepath,text,md_K5_matched,1,1,46f7a45d2385,1,0.36603,0.58989,0.54631
instagram,geniepath,text,md_K5_matched,1,1,46f7a45d2385,2,0.29907,0.58947,0.52455
instagram,geniepath,text,md_K5_matched,1,1,46f7a45d2385,3,0.3029,0.57569,0.50711
instagram,geniepath,text,md_K5_matched,1,1,46f7a45d2385,4,0.26616,0.56665,0.51485
instagram,geniepath,text,md_K5_matched,1,1,46f7a45d2385,5,0.27915,0.55305,0.50685
instagram,geniepath,text,md_K5_matched,2,0,8619b674ba8a,1,0.36753,0.60771,0.53543
instagram,geniepath,text,md_K5_matched,2,0,8619b674ba8a,2,0.31186,0.59564,0.54128
instagram,geniepath,text,md_K5_matched,2,0,8619b674ba8a,3,0.28374,0.56739,0.52854
instagram,geniepath,text,md_K5_matched,2,0,8619b674ba8a,4,0.26542,0.55823,0.51297
instagram,geniepath,text,md_K5_matched,2,0,8619b674ba8a,5,0.2513,0.5612,0.51559
instagram,geniepath,text,md_K5_matched,2,1,76368a38507d,1,0.35902,0.59774,0.52326
instagram,geniepath,text,md_K5_matched,2,1,76368a38507d,2,0.30145,0.58572,0.53124
instagram,geniepath,text,md_K5_matched,2,1,76368a38507d,3,0.2872,0.56623,0.53435
instagram,geniepath,text,md_K5_matched,2,1,76368a38507d,4,0.25934,0.55779,0.51458
instagram,geniepath,text,md_K5_matched,2,1,76368a38507d,5,0.24853,0.55783,0.51966
instagram,geniepath,text,md_K5_matched,3,0,29ae6c147045,1,0.32666,0.60201,0.5486
instagram,geniepath,text,md_K5_matched,3,0,29ae6c147045,2,0.30836,0.59364,0.47625
instagram,geniepath,text,md_K5_matched,3,0,29ae6c147045,3,0.29026,0.5837,0.52133
instagram,geniepath,text,md_K5_matched,3,0,29ae6c147045,4,0.27429,0.57195,0.52075
instagram,geniepath,text,md_K5_matched,3,0,29ae6c147045,5,0.27249,0.56127,0.52237
instagram,geniepath,text,md_K5_matched,3,1,6d343583c56c,1,0.33225,0.58657,0.52939
instagram,geniepath,text,md_K5_matched,3,1,6d343583c56c,2,0.31021,0.57793,0.53145
instagram,geniepath,text,md_K5_matched,3,1,6d343583c56c,3,0.35939,0.5654,0.5264
instagram,geniepath,text,md_K5_matched,3,1,6d343583c56c,4,0.30423,0.55811,0.50784
instagram,geniepath,text,md_K5_matched,3,1,6d343583c56c,5,0.30048,0.56156,0.51085
instagram,pmp,text,md_K5_matched,0,0,229e20ffe658,1,0.35842,0.63495,0.54792
instagram,pmp,text,md_K5_matched,0,0,229e20ffe658,2,0.30477,0.62396,0.57461
instagram,pmp,text,md_K5_matched,0,0,229e20ffe658,3,0.29946,0.58462,0.57636
instagram,pmp,text,md_K5_matched,0,0,229e20ffe658,4,0.28877,0.59766,0.55932
instagram,pmp,text,md_K5_matched,0,0,229e20ffe658,5,0.26141,0.59051,0.57939
instagram,pmp,text,md_K5_matched,0,1,b5f9c14da7d9,1,0.34771,0.64077,0.55004
instagram,pmp,text,md_K5_matched,0,1,b5f9c14da7d9,2,0.30318,0.63,0.56272
instagram,pmp,text,md_K5_matched,0,1,b5f9c14da7d9,3,0.29119,0.59314,0.55801
instagram,pmp,text,md_K5_matched,0,1,b5f9c14da7d9,4,0.28344,0.59351,0.5703
instagram,pmp,text,md_K5_matched,0,1,b5f9c14da7d9,5,0.26737,0.57864,0.56455
instagram,pmp,text,md_K5_matched,1,0,d685a4ccbd83,1,0.35953,0.66011,0.58047
instagram,pmp,text,md_K5_matched,1,0,d685a4ccbd83,2,0.30069,0.61388,0.54433
instagram,pmp,text,md_K5_matched,1,0,d685a4ccbd83,3,0.29131,0.61205,0.56097
instagram,pmp,text,md_K5_matched,1,0,d685a4ccbd83,4,0.27164,0.58029,0.5538
instagram,pmp,text,md_K5_matched,1,0,d685a4ccbd83,5,0.26263,0.56733,0.56144
instagram,pmp,text,md_K5_matched,1,1,6a8eb9cac95f,1,0.35064,0.65255,0.56255
instagram,pmp,text,md_K5_matched,1,1,6a8eb9cac95f,2,0.29585,0.61302,0.55192
instagram,pmp,text,md_K5_matched,1,1,6a8eb9cac95f,3,0.29681,0.59774,0.55034
instagram,pmp,text,md_K5_matched,1,1,6a8eb9cac95f,4,0.27786,0.57643,0.55838
instagram,pmp,text,md_K5_matched,1,1,6a8eb9cac95f,5,0.26044,0.57243,0.5486
instagram,pmp,text,md_K5_matched,2,0,8a94f1fd04f7,1,0.3515,0.61207,0.55471
instagram,pmp,text,md_K5_matched,2,0,8a94f1fd04f7,2,0.29958,0.58439,0.55471
instagram,pmp,text,md_K5_matched,2,0,8a94f1fd04f7,3,0.30438,0.54426,0.54601
instagram,pmp,text,md_K5_matched,2,0,8a94f1fd04f7,4,0.26161,0.55784,0.56148
instagram,pmp,text,md_K5_matched,2,0,8a94f1fd04f7,5,0.26932,0.55829,0.55518
instagram,pmp,text,md_K5_matched,2,1,70da5bce1f8f,1,0.33111,0.63156,0.5612
instagram,pmp,text,md_K5_matched,2,1,70da5bce1f8f,2,0.30385,0.60659,0.54315
instagram,pmp,text,md_K5_matched,2,1,70da5bce1f8f,3,0.31429,0.59765,0.54842
instagram,pmp,text,md_K5_matched,2,1,70da5bce1f8f,4,0.26334,0.55919,0.55293
instagram,pmp,text,md_K5_matched,2,1,70da5bce1f8f,5,0.26282,0.56729,0.53438
instagram,pmp,text,md_K5_matched,3,0,323ec3b4ac1c,1,0.34193,0.61573,0.57574
instagram,pmp,text,md_K5_matched,3,0,323ec3b4ac1c,2,0.31028,0.59434,0.58533
instagram,pmp,text,md_K5_matched,3,0,323ec3b4ac1c,3,0.2862,0.59776,0.56055
instagram,pmp,text,md_K5_matched,3,0,323ec3b4ac1c,4,0.28003,0.57025,0.55246
instagram,pmp,text,md_K5_matched,3,0,323ec3b4ac1c,5,0.26519,0.565,0.53217
instagram,pmp,text,md_K5_matched,3,1,ed9b1f3c61f5,1,0.33595,0.6568,0.57259
instagram,pmp,text,md_K5_matched,3,1,ed9b1f3c61f5,2,0.30152,0.63614,0.5629
instagram,pmp,text,md_K5_matched,3,1,ed9b1f3c61f5,3,0.29214,0.59905,0.56208
instagram,pmp,text,md_K5_matched,3,1,ed9b1f3c61f5,4,0.27339,0.6169,0.56433
instagram,pmp,text,md_K5_matched,3,1,ed9b1f3c61f5,5,0.27392,0.56756,0.53989
reddit,bwgnn,text,md_K5_matched,0,0,1a1a0d8baebf,1,0.33703,0.62853,0.53194
reddit,bwgnn,text,md_K5_matched,0,0,1a1a0d8baebf,2,0.28918,0.62473,0.54223
reddit,bwgnn,text,md_K5_matched,0,0,1a1a0d8baebf,3,0.26825,0.63868,0.55036
reddit,bwgnn,text,md_K5_matched,0,0,1a1a0d8baebf,4,0.24761,0.62823,0.56336
reddit,bwgnn,text,md_K5_matched,0,0,1a1a0d8baebf,5,0.22948,0.62147,0.54763
reddit,bwgnn,text,md_K5_matched,0,1,561d901a6006,1,0.33123,0.64631,0.55477
reddit,bwgnn,text,md_K5_matched,0,1,561d901a6006,2,0.27454,0.64232,0.57301
reddit,bwgnn,text,md_K5_matched,0,1,561d901a6006,3,0.25344,0.60745,0.55883
reddit,bwgnn,text,md_K5_matched,0,1,561d901a6006,4,0.23567,0.62536,0.54752
reddit,bwgnn,text,md_K5_matched,0,1,561d901a6006,5,0.18937,0.64369,0.5579
reddit,bwgnn,text,md_K5_matched,1,0,42404710e488,1,0.32714,0.62328,0.53322
reddit,bwgnn,text,md_K5_matched,1,0,42404710e488,2,0.28427,0.68623,0.59593
reddit,bwgnn,text,md_K5_matched,1,0,42404710e488,3,0.27647,0.62354,0.54442
reddit,bwgnn,text,md_K5_matched,1,0,42404710e488,4,0.23817,0.63944,0.54394
reddit,bwgnn,text,md_K5_matched,1,0,42404710e488,5,0.20382,0.62867,0.54833
reddit,bwgnn,text,md_K5_matched,1,1,fac5c2fa60ba,1,0.31983,0.61048,0.53621
reddit,bwgnn,text,md_K5_matched,1,1,fac5c2fa60ba,2,0.27862,0.67473,0.60419
reddit,bwgnn,text,md_K5_matched,1,1,fac5c2fa60ba,3,0.26557,0.62272,0.55571
reddit,bwgnn,text,md_K5_matched,1,1,fac5c2fa60ba,4,0.24565,0.63867,0.56649
reddit,bwgnn,text,md_K5_matched,1,1,fac5c2fa60ba,5,0.2277,0.60633,0.54227
reddit,bwgnn,text,md_K5_matched,2,0,a316b46a737c,1,0.34669,0.62173,0.5399
reddit,bwgnn,text,md_K5_matched,2,0,a316b46a737c,2,0.29387,0.63146,0.5488
reddit,bwgnn,text,md_K5_matched,2,0,a316b46a737c,3,0.2652,0.64386,0.55042
reddit,bwgnn,text,md_K5_matched,2,0,a316b46a737c,4,0.24782,0.63367,0.55769
reddit,bwgnn,text,md_K5_matched,2,0,a316b46a737c,5,0.28579,0.54424,0.54034
reddit,bwgnn,text,md_K5_matched,2,1,d18fafcbb7e7,1,0.33559,0.62763,0.55206
reddit,bwgnn,text,md_K5_matched,2,1,d18fafcbb7e7,2,0.28257,0.63724,0.56438
reddit,bwgnn,text,md_K5_matched,2,1,d18fafcbb7e7,3,0.2578,0.63545,0.55742
reddit,bwgnn,text,md_K5_matched,2,1,d18fafcbb7e7,4,0.24199,0.60101,0.5624
reddit,bwgnn,text,md_K5_matched,2,1,d18fafcbb7e7,5,0.20558,0.58865,0.54763
reddit,bwgnn,text,md_K5_matched,3,0,8f4bc7c4503f,1,0.32926,0.60213,0.52541
reddit,bwgnn,text,md_K5_matched,3,0,8f4bc7c4503f,2,0.28627,0.63343,0.55878
reddit,bwgnn,text,md_K5_matched,3,0,8f4bc7c4503f,3,0.25808,0.62983,0.55422
reddit,bwgnn,text,md_K5_matched,3,0,8f4bc7c4503f,4,0.25055,0.60494,0.53802
reddit,bwgnn,text,md_K5_matched,3,0,8f4bc7c4503f,5,0.23004,0.62738,0.5578
reddit,bwgnn,text,md_K5_matched,3,1,6e083037400d,1,0.31822,0.62992,0.54324
reddit,bwgnn,text,md_K5_matched,3,1,6e083037400d,2,0.28705,0.61977,0.54003
reddit,bwgnn,text,md_K5_matched,3,1,6e083037400d,3,0.27552,0.61683,0.54374
reddit,bwgnn,text,md_K5_matched,3,1,6e083037400d,4,0.26009,0.6081,0.54593
reddit,bwgnn,text,md_K5_matched,3,1,6e083037400d,5,0.23641,0.60873,0.54429
reddit,care_gnn,text,md_K5_matched,0,0,9107e6636fbb,1,0.32071,0.62594,0.51991
reddit,care_gnn,text,md_K5_matched,0,0,9107e6636fbb,2,0.28831,0.63186,0.516
reddit,care_gnn,text,md_K5_matched,0,0,9107e6636fbb,3,0.2656,0.64407,0.51808
reddit,care_gnn,text,md_K5_matched,0,0,9107e6636fbb,4,0.25336,0.63068,0.51608
reddit,care_gnn,text,md_K5_matched,0,0,9107e6636fbb,5,0.22952,0.6503,0.53237
reddit,care_gnn,text,md_K5_matched,0,1,faea8ad61b85,1,0.32768,0.61717,0.51983
reddit,care_gnn,text,md_K5_matched,0,1,faea8ad61b85,2,0.28939,0.622,0.5141
reddit,care_gnn,text,md_K5_matched,0,1,faea8ad61b85,3,0.26372,0.64078,0.52156
reddit,care_gnn,text,md_K5_matched,0,1,faea8ad61b85,4,0.24429,0.61581,0.51183
reddit,care_gnn,text,md_K5_matched,0,1,faea8ad61b85,5,0.21649,0.61929,0.51484
reddit,care_gnn,text,md_K5_matched,1,0,4dc60d9dbf25,1,0.32539,0.5958,0.50971
reddit,care_gnn,text,md_K5_matched,1,0,4dc60d9dbf25,2,0.28639,0.63237,0.52539
reddit,care_gnn,text,md_K5_matched,1,0,4dc60d9dbf25,3,0.26657,0.63035,0.51969
reddit,care_gnn,text,md_K5_matched,1,0,4dc60d9dbf25,4,0.24792,0.60581,0.50988
reddit,care_gnn,text,md_K5_matched,1,0,4dc60d9dbf25,5,0.21724,0.61915,0.5112
reddit,care_gnn,text,md_K5_matched,1,1,e87de9050807,1,0.3315,0.59665,0.49867
reddit,care_gnn,text,md_K5_matched,1,1,e87de9050807,2,0.28504,0.63835,0.53348
reddit,care_gnn,text,md_K5_matched,1,1,e87de9050807,3,0.26383,0.64317,0.541
reddit,care_gnn,text,md_K5_matched,1,1,e87de9050807,4,0.24229,0.61617,0.50962
reddit,care_gnn,text,md_K5_matched,1,1,e87de9050807,5,0.21241,0.64834,0.52719
reddit,care_gnn,text,md_K5_matched,2,0,042e46917f2b,1,0.32469,0.61169,0.52565
reddit,care_gnn,text,md_K5_matched,2,0,042e46917f2b,2,0.28376,0.63756,0.5482
reddit,care_gnn,text,md_K5_matched,2,0,042e46917f2b,3,0.26374,0.63055,0.51636
reddit,care_gnn,text,md_K5_matched,2,0,042e46917f2b,4,0.23887,0.63871,0.52656
reddit,care_gnn,text,md_K5_matched,2,0,042e46917f2b,5,0.21984,0.63876,0.52565
reddit,care_gnn,text,md_K5_matched,2,1,82b28de64d8f,1,0.33194,0.61511,0.53287
reddit,care_gnn,text,md_K5_matched,2,1,82b28de64d8f,2,0.28287,0.63838,0.53344
reddit,care_gnn,text,md_K5_matched,2,1,82b28de64d8f,3,0.26259,0.63821,0.51985
reddit,care_gnn,text,md_K5_matched,2,1,82b28de64d8f,4,0.23688,0.64022,0.53023
reddit,care_gnn,text,md_K5_matched,2,1,82b28de64d8f,5,0.21629,0.6347,0.51849
reddit,care_gnn,text,md_K5_matched,3,0,b1736ef15e69,1,0.32405,0.61602,0.52016
reddit,care_gnn,text,md_K5_matched,3,0,b1736ef15e69,2,0.28527,0.62985,0.52274
reddit,care_gnn,text,md_K5_matched,3,0,b1736ef15e69,3,0.26794,0.64044,0.51675
reddit,care_gnn,text,md_K5_matched,3,0,b1736ef15e69,4,0.24242,0.61096,0.5118
reddit,care_gnn,text,md_K5_matched,3,0,b1736ef15e69,5,0.22707,0.61209,0.51644
reddit,care_gnn,text,md_K5_matched,3,1,76c5aaa634ef,1,0.33201,0.61782,0.51349
reddit,care_gnn,text,md_K5_matched,3,1,76c5aaa634ef,2,0.28347,0.63283,0.52436
reddit,care_gnn,text,md_K5_matched,3,1,76c5aaa634ef,3,0.26688,0.65197,0.52156
reddit,care_gnn,text,md_K5_matched,3,1,76c5aaa634ef,4,0.23749,0.62476,0.51329
reddit,care_gnn,text,md_K5_matched,3,1,76c5aaa634ef,5,0.21562,0.64555,0.52261
reddit,dga_gnn,text,md_K5_matched,0,0,bfad051cb988,1,0.331,0.65977,0.48574
reddit,dga_gnn,text,md_K5_matched,0,0,bfad051cb988,2,0.30312,0.65263,0.52381
reddit,dga_gnn,text,md_K5_matched,0,0,bfad051cb988,3,0.29369,0.58893,0.50041
reddit,dga_gnn,text,md_K5_matched,0,0,bfad051cb988,4,0.28753,0.63462,0.54425
reddit,dga_gnn,text,md_K5_matched,0,0,bfad051cb988,5,0.27342,0.65796,0.55424
reddit,dga_gnn,text,md_K5_matched,0,1,2aa782bd77af,1,0.33906,0.57691,0.51076
reddit,dga_gnn,text,md_K5_matched,0,1,2aa782bd77af,2,0.30829,0.64651,0.5196
reddit,dga_gnn,text,md_K5_matched,0,1,2aa782bd77af,3,0.29792,0.63221,0.53411
reddit,dga_gnn,text,md_K5_matched,0,1,2aa782bd77af,4,0.29607,0.64442,0.52821
reddit,dga_gnn,text,md_K5_matched,0,1,2aa782bd77af,5,0.28441,0.63529,0.57619
reddit,dga_gnn,text,md_K5_matched,1,0,95444de11500,1,0.32731,0.63568,0.53529
reddit,dga_gnn,text,md_K5_matched,1,0,95444de11500,2,0.30448,0.65936,0.53998
reddit,dga_gnn,text,md_K5_matched,1,0,95444de11500,3,0.28937,0.63022,0.51739
reddit,dga_gnn,text,md_K5_matched,1,0,95444de11500,4,0.27888,0.63779,0.55102
reddit,dga_gnn,text,md_K5_matched,1,0,95444de11500,5,0.27379,0.64428,0.54554
reddit,dga_gnn,text,md_K5_matched,1,1,ecb13013a5e0,1,0.33831,0.60152,0.5276
reddit,dga_gnn,text,md_K5_matched,1,1,ecb13013a5e0,2,0.30842,0.64708,0.50907
reddit,dga_gnn,text,md_K5_matched,1,1,ecb13013a5e0,3,0.29566,0.59525,0.50307
reddit,dga_gnn,text,md_K5_matched,1,1,ecb13013a5e0,4,0.2946,0.63319,0.5373
reddit,dga_gnn,text,md_K5_matched,1,1,ecb13013a5e0,5,0.27479,0.65189,0.52933
reddit,dga_gnn,text,md_K5_matched,2,0,d2f3c4e1d53f,1,0.34075,0.59565,0.53372
reddit,dga_gnn,text,md_K5_matched,2,0,d2f3c4e1d53f,2,0.30762,0.62016,0.52439
reddit,dga_gnn,text,md_K5_matched,2,0,d2f3c4e1d53f,3,0.29857,0.60997,0.51393
reddit,dga_gnn,text,md_K5_matched,2,0,d2f3c4e1d53f,4,0.28458,0.64516,0.52752
reddit,dga_gnn,text,md_K5_matched,2,0,d2f3c4e1d53f,5,0.26265,0.67498,0.56017
reddit,dga_gnn,text,md_K5_matched,2,1,500817a86d9c,1,0.34252,0.57711,0.51901
reddit,dga_gnn,text,md_K5_matched,2,1,500817a86d9c,2,0.30384,0.62537,0.52066
reddit,dga_gnn,text,md_K5_matched,2,1,500817a86d9c,3,0.29511,0.64843,0.53402
reddit,dga_gnn,text,md_K5_matched,2,1,500817a86d9c,4,0.2759,0.62385,0.54315
reddit,dga_gnn,text,md_K5_matched,2,1,500817a86d9c,5,0.26999,0.61951,0.53519
reddit,dga_gnn,text,md_K5_matched,3,0,2d003b7d26a5,1,0.33643,0.6068,0.51625
reddit,dga_gnn,text,md_K5_matched,3,0,2d003b7d26a5,2,0.30089,0.64626,0.5408
reddit,dga_gnn,text,md_K5_matched,3,0,2d003b7d26a5,3,0.29588,0.65252,0.52544
reddit,dga_gnn,text,md_K5_matched,3,0,2d003b7d26a5,4,0.27795,0.63751,0.54843
reddit,dga_gnn,text,md_K5_matched,3,0,2d003b7d26a5,5,0.27289,0.64291,0.52503
reddit,dga_gnn,text,md_K5_matched,3,1,fc0813fcff18,1,0.34564,0.62815,0.50419
reddit,dga_gnn,text,md_K5_matched,3,1,fc0813fcff18,2,0.30378,0.65672,0.55522
reddit,dga_gnn,text,md_K5_matched,3,1,fc0813fcff18,3,0.29268,0.6526,0.53274
reddit,dga_gnn,text,md_K5_matched,3,1,fc0813fcff18,4,0.29691,0.65247,0.52088
reddit,dga_gnn,text,md_K5_matched,3,1,fc0813fcff18,5,0.27896,0.64396,0.53224
reddit,gat,text,md_K5_matched,0,0,fc881dc67eb9,1,0.33361,0.68246,0.55772
reddit,gat,text,md_K5_matched,0,0,fc881dc67eb9,2,0.3222,0.68889,0.54666
reddit,gat,text,md_K5_matched,0,0,fc881dc67eb9,3,0.30424,0.67999,0.56081
reddit,gat,text,md_K5_matched,0,0,fc881dc67eb9,4,0.29029,0.673,0.54479
reddit,gat,text,md_K5_matched,0,0,fc881dc67eb9,5,0.26544,0.68118,0.55765
reddit,gat,text,md_K5_matched,0,1,a63e193a5d84,1,0.326,0.66443,0.54018
reddit,gat,text,md_K5_matched,0,1,a63e193a5d84,2,0.31931,0.67096,0.55103
reddit,gat,text,md_K5_matched,0,1,a63e193a5d84,3,0.28793,0.6752,0.55895
reddit,gat,text,md_K5_matched,0,1,a63e193a5d84,4,0.30277,0.62704,0.52544
reddit,gat,text,md_K5_matched,0,1,a63e193a5d84,5,0.26482,0.64165,0.54519
reddit,gat,text,md_K5_matched,1,0,d88cec6d3eeb,1,0.33758,0.65734,0.5369
reddit,gat,text,md_K5_matched,1,0,d88cec6d3eeb,2,0.32783,0.67882,0.56085
reddit,gat,text,md_K5_matched,1,0,d88cec6d3eeb,3,0.29863,0.65331,0.53232
reddit,gat,text,md_K5_matched,1,0,d88cec6d3eeb,4,0.28003,0.64095,0.54677
reddit,gat,text,md_K5_matched,1,0,d88cec6d3eeb,5,0.29461,0.6794,0.5669
reddit,gat,text,md_K5_matched,1,1,4df8a8dac706,1,0.33486,0.65577,0.54675
reddit,gat,text,md_K5_matched,1,1,4df8a8dac706,2,0.31825,0.67065,0.53871
reddit,gat,text,md_K5_matched,1,1,4df8a8dac706,3,0.28477,0.64162,0.52785
reddit,gat,text,md_K5_matched,1,1,4df8a8dac706,4,0.30173,0.66255,0.55634
reddit,gat,text,md_K5_matched,1,1,4df8a8dac706,5,0.27953,0.67962,0.55194
reddit,gat,text,md_K5_matched,2,0,4ee6c9eb32c8,1,0.33446,0.66016,0.53773
reddit,gat,text,md_K5_matched,2,0,4ee6c9eb32c8,2,0.30751,0.63934,0.53466
reddit,gat,text,md_K5_matched,2,0,4ee6c9eb32c8,3,0.31689,0.66928,0.54023
reddit,gat,text,md_K5_matched,2,0,4ee6c9eb32c8,4,0.3033,0.67902,0.54247
reddit,gat,text,md_K5_matched,2,0,4ee6c9eb32c8,5,0.27546,0.653,0.54015
reddit,gat,text,md_K5_matched,2,1,59398fb45bde,1,0.34008,0.6885,0.55919
reddit,gat,text,md_K5_matched,2,1,59398fb45bde,2,0.31169,0.67154,0.53401
reddit,gat,text,md_K5_matched,2,1,59398fb45bde,3,0.32284,0.68908,0.56438
reddit,gat,text,md_K5_matched,2,1,59398fb45bde,4,0.28427,0.67175,0.53473
reddit,gat,text,md_K5_matched,2,1,59398fb45bde,5,0.29106,0.6352,0.53199
reddit,gat,text,md_K5_matched,3,0,606f44ba0b33,1,0.33611,0.64523,0.51786
reddit,gat,text,md_K5_matched,3,0,606f44ba0b33,2,0.31211,0.67517,0.55816
reddit,gat,text,md_K5_matched,3,0,606f44ba0b33,3,0.30833,0.70624,0.58091
reddit,gat,text,md_K5_matched,3,0,606f44ba0b33,4,0.27143,0.68424,0.56241
reddit,gat,text,md_K5_matched,3,0,606f44ba0b33,5,0.29116,0.6584,0.55883
reddit,gat,text,md_K5_matched,3,1,6cc7ff41a468,1,0.33093,0.63009,0.533
reddit,gat,text,md_K5_matched,3,1,6cc7ff41a468,2,0.31002,0.68739,0.54634
reddit,gat,text,md_K5_matched,3,1,6cc7ff41a468,3,0.30038,0.66871,0.5483
reddit,gat,text,md_K5_matched,3,1,6cc7ff41a468,4,0.2822,0.67012,0.539
reddit,gat,text,md_K5_matched,3,1,6cc7ff41a468,5,0.27839,0.67009,0.54691
reddit,gcn,text,md_K5_matched,0,0,df01351c02d0,1,0.32406,0.58894,0.52123
reddit,gcn,text,md_K5_matched,0,0,df01351c02d0,2,0.28739,0.60893,0.53012
reddit,gcn,text,md_K5_matched,0,0,df01351c02d0,3,0.26505,0.614,0.53872
reddit,gcn,text,md_K5_matched,0,0,df01351c02d0,4,0.25929,0.60991,0.53962
reddit,gcn,text,md_K5_matched,0,0,df01351c02d0,5,0.24253,0.60773,0.54079
reddit,gcn,text,md_K5_matched,0,1,69af00f1d6c5,1,0.32651,0.59993,0.53541
reddit,gcn,text,md_K5_matched,0,1,69af00f1d6c5,2,0.28353,0.61313,0.53142
reddit,gcn,text,md_K5_matched,0,1,69af00f1d6c5,3,0.26536,0.59352,0.52013
reddit,gcn,text,md_K5_matched,0,1,69af00f1d6c5,4,0.25653,0.61426,0.54446
reddit,gcn,text,md_K5_matched,0,1,69af00f1d6c5,5,0.23759,0.6007,0.52631
reddit,gcn,text,md_K5_matched,1,0,af47f654a9f5,1,0.33348,0.55972,0.53306
reddit,gcn,text,md_K5_matched,1,0,af47f654a9f5,2,0.28157,0.60612,0.53661
reddit,gcn,text,md_K5_matched,1,0,af47f654a9f5,3,0.26736,0.60277,0.54846
reddit,gcn,text,md_K5_matched,1,0,af47f654a9f5,4,0.25465,0.60186,0.53879
reddit,gcn,text,md_K5_matched,1,0,af47f654a9f5,5,0.24164,0.61326,0.54594
reddit,gcn,text,md_K5_matched,1,1,fe5a174ba232,1,0.33308,0.55257,0.51335
reddit,gcn,text,md_K5_matched,1,1,fe5a174ba232,2,0.28243,0.61214,0.54116
reddit,gcn,text,md_K5_matched,1,1,fe5a174ba232,3,0.26844,0.59642,0.5406
reddit,gcn,text,md_K5_matched,1,1,fe5a174ba232,4,0.25803,0.5999,0.5304
reddit,gcn,text,md_K5_matched,1,1,fe5a174ba232,5,0.24207,0.61664,0.54069
reddit,gcn,text,md_K5_matched,2,0,ff3a14ed09ef,1,0.33375,0.57555,0.53466
reddit,gcn,text,md_K5_matched,2,0,ff3a14ed09ef,2,0.28531,0.59818,0.52646
reddit,gcn,text,md_K5_matched,2,0,ff3a14ed09ef,3,0.26654,0.60899,0.53563
reddit,gcn,text,md_K5_matched,2,0,ff3a14ed09ef,4,0.25599,0.61108,0.54716
reddit,gcn,text,md_K5_matched,2,0,ff3a14ed09ef,5,0.24876,0.61499,0.54535
reddit,gcn,text,md_K5_matched,2,1,154584c2f1d8,1,0.33426,0.58182,0.52692
reddit,gcn,text,md_K5_matched,2,1,154584c2f1d8,2,0.28407,0.61117,0.54101
reddit,gcn,text,md_K5_matched,2,1,154584c2f1d8,3,0.26374,0.60185,0.52978
reddit,gcn,text,md_K5_matched,2,1,154584c2f1d8,4,0.25567,0.61365,0.53944
reddit,gcn,text,md_K5_matched,2,1,154584c2f1d8,5,0.24346,0.61185,0.53193
reddit,gcn,text,md_K5_matched,3,0,f4b2f000c71b,1,0.32699,0.57055,0.5248
reddit,gcn,text,md_K5_matched,3,0,f4b2f000c71b,2,0.28171,0.6067,0.53608
reddit,gcn,text,md_K5_matched,3,0,f4b2f000c71b,3,0.26437,0.61125,0.54079
reddit,gcn,text,md_K5_matched,3,0,f4b2f000c71b,4,0.25534,0.61319,0.53589
reddit,gcn,text,md_K5_matched,3,0,f4b2f000c71b,5,0.24186,0.61589,0.53269
reddit,gcn,text,md_K5_matched,3,1,484126564b7e,1,0.32764,0.56464,0.52314
reddit,gcn,text,md_K5_matched,3,1,484126564b7e,2,0.28285,0.60642,0.53032
reddit,gcn,text,md_K5_matched,3,1,484126564b7e,3,0.26446,0.61031,0.53904
reddit,gcn,text,md_K5_matched,3,1,484126564b7e,4,0.2529,0.6137,0.53235
reddit,gcn,text,md_K5_matched,3,1,484126564b7e,5,0.24634,0.61002,0.53675
reddit,geniepath,text,md_K5_matched,0,0,adcd165881fa,1,0.33246,0.62296,0.52107
reddit,geniepath,text,md_K5_matched,0,0,adcd165881fa,2,0.29389,0.57846,0.51417
reddit,geniepath,text,md_K5_matched,0,0,adcd165881fa,3,0.29005,0.61426,0.532
reddit,geniepath,text,md_K5_matched,0,0,adcd165881fa,4,0.2934,0.61741,0.55978
reddit,geniepath,text,md_K5_matched,0,0,adcd165881fa,5,0.28585,0.60754,0.55119
reddit,geniepath,text,md_K5_matched,0,1,24aec717c835,1,0.34152,0.47484,0.4812
reddit,geniepath,text,md_K5_matched,0,1,24aec717c835,2,0.32022,0.607,0.53136
reddit,geniepath,text,md_K5_matched,0,1,24aec717c835,3,0.28554,0.60675,0.52565
reddit,geniepath,text,md_K5_matched,0,1,24aec717c835,4,0.31316,0.60767,0.54247
reddit,geniepath,text,md_K5_matched,0,1,24aec717c835,5,0.28369,0.60051,0.51715
reddit,geniepath,text,md_K5_matched,1,0,dba241f84b7d,1,0.35639,0.59539,0.53305
reddit,geniepath,text,md_K5_matched,1,0,dba241f84b7d,2,0.32768,0.59745,0.52596
reddit,geniepath,text,md_K5_matched,1,0,dba241f84b7d,3,0.28846,0.56034,0.50339
reddit,geniepath,text,md_K5_matched,1,0,dba241f84b7d,4,0.30697,0.62068,0.5435
reddit,geniepath,text,md_K5_matched,1,0,dba241f84b7d,5,0.27834,0.63042,0.53779
reddit,geniepath,text,md_K5_matched,1,1,e5393e04a350,1,0.34272,0.60462,0.53499
reddit,geniepath,text,md_K5_matched,1,1,e5393e04a350,2,0.30219,0.60514,0.5345
reddit,geniepath,text,md_K5_matched,1,1,e5393e04a350,3,0.2787,0.60645,0.48745
reddit,geniepath,text,md_K5_matched,1,1,e5393e04a350,4,0.29827,0.6002,0.53983
reddit,geniepath,text,md_K5_matched,1,1,e5393e04a350,5,0.28903,0.60595,0.53588
reddit,geniepath,text,md_K5_matched,2,0,54c67181a3cc,1,0.34343,0.60899,0.5427
reddit,geniepath,text,md_K5_matched,2,0,54c67181a3cc,2,0.29447,0.61332,0.55398
reddit,geniepath,text,md_K5_matched,2,0,54c67181a3cc,3,0.28221,0.60133,0.51957
reddit,geniepath,text,md_K5_matched,2,0,54c67181a3cc,4,0.27682,0.60093,0.54742
reddit,geniepath,text,md_K5_matched,2,0,54c67181a3cc,5,0.26827,0.5995,0.52876
reddit,geniepath,text,md_K5_matched,2,1,0d6bc04ea894,1,0.35543,0.61226,0.54417
reddit,geniepath,text,md_K5_matched,2,1,0d6bc04ea894,2,0.31259,0.57681,0.49755
reddit,geniepath,text,md_K5_matched,2,1,0d6bc04ea894,3,0.29505,0.63518,0.53965
reddit,geniepath,text,md_K5_matched,2,1,0d6bc04ea894,4,0.28622,0.6023,0.54393
reddit,geniepath,text,md_K5_matched,2,1,0d6bc04ea894,5,0.27163,0.61411,0.53551
reddit,geniepath,text,md_K5_matched,3,0,776f076215ae,1,0.35489,0.60134,0.50466
reddit,geniepath,text,md_K5_matched,3,0,776f076215ae,2,0.30024,0.60493,0.5341
reddit,geniepath,text,md_K5_matched,3,0,776f076215ae,3,0.28659,0.59283,0.53377
reddit,geniepath,text,md_K5_matched,3,0,776f076215ae,4,0.30314,0.58226,0.51985
reddit,geniepath,text,md_K5_matched,3,0,776f076215ae,5,0.29944,0.57197,0.54267
reddit,geniepath,text,md_K5_matched,3,1,8a9a86129b73,1,0.36125,0.56777,0.50758
reddit,geniepath,text,md_K5_matched,3,1,8a9a86129b73,2,0.31472,0.61936,0.53734
reddit,geniepath,text,md_K5_matched,3,1,8a9a86129b73,3,0.29904,0.59415,0.52425
reddit,geniepath,text,md_K5_matched,3,1,8a9a86129b73,4,0.27754,0.60331,0.52896
reddit,geniepath,text,md_K5_matched,3,1,8a9a86129b73,5,0.28156,0.58221,0.53214
reddit,pmp,text,md_K5_matched,0,0,d7905cd0609d,1,0.33549,0.62801,0.52676
reddit,pmp,text,md_K5_matched,0,0,d7905cd0609d,2,0.29666,0.63092,0.53344
reddit,pmp,text,md_K5_matched,0,0,d7905cd0609d,3,0.28128,0.62207,0.53493
reddit,pmp,text,md_K5_matched,0,0,d7905cd0609d,4,0.26093,0.62352,0.54704
reddit,pmp,text,md_K5_matched,0,0,d7905cd0609d,5,0.23078,0.63065,0.53935
reddit,pmp,text,md_K5_matched,0,1,5efed291a776,1,0.32841,0.62991,0.54624
reddit,pmp,text,md_K5_matched,0,1,5efed291a776,2,0.29934,0.61242,0.52039
reddit,pmp,text,md_K5_matched,0,1,5efed291a776,3,0.28532,0.6187,0.52979
reddit,pmp,text,md_K5_matched,0,1,5efed291a776,4,0.25798,0.61246,0.52932
reddit,pmp,text,md_K5_matched,0,1,5efed291a776,5,0.23394,0.6149,0.53995
reddit,pmp,text,md_K5_matched,1,0,b1ed2b3bc5f6,1,0.33939,0.6214,0.52585
reddit,pmp,text,md_K5_matched,1,0,b1ed2b3bc5f6,2,0.28541,0.62085,0.52543
reddit,pmp,text,md_K5_matched,1,0,b1ed2b3bc5f6,3,0.2706,0.60521,0.52704
reddit,pmp,text,md_K5_matched,1,0,b1ed2b3bc5f6,4,0.24526,0.62523,0.51697
reddit,pmp,text,md_K5_matched,1,0,b1ed2b3bc5f6,5,0.2372,0.62166,0.53833
reddit,pmp,text,md_K5_matched,1,1,e2a89c413d9a,1,0.33777,0.61478,0.5172
reddit,pmp,text,md_K5_matched,1,1,e2a89c413d9a,2,0.29591,0.628,0.52261
reddit,pmp,text,md_K5_matched,1,1,e2a89c413d9a,3,0.27489,0.61928,0.53461
reddit,pmp,text,md_K5_matched,1,1,e2a89c413d9a,4,0.26399,0.61609,0.5298
reddit,pmp,text,md_K5_matched,1,1,e2a89c413d9a,5,0.23334,0.63103,0.53784
reddit,pmp,text,md_K5_matched,2,0,240ffc58d59b,1,0.33728,0.60437,0.52092
reddit,pmp,text,md_K5_matched,2,0,240ffc58d59b,2,0.30164,0.62169,0.52538
reddit,pmp,text,md_K5_matched,2,0,240ffc58d59b,3,0.27662,0.62164,0.52272
reddit,pmp,text,md_K5_matched,2,0,240ffc58d59b,4,0.26204,0.63244,0.54282
reddit,pmp,text,md_K5_matched,2,0,240ffc58d59b,5,0.2403,0.62207,0.52895
reddit,pmp,text,md_K5_matched,2,1,ea632f215af7,1,0.32894,0.598,0.5373
reddit,pmp,text,md_K5_matched,2,1,ea632f215af7,2,0.29498,0.61832,0.53661
reddit,pmp,text,md_K5_matched,2,1,ea632f215af7,3,0.27087,0.62596,0.52631
reddit,pmp,text,md_K5_matched,2,1,ea632f215af7,4,0.25612,0.60877,0.53419
reddit,pmp,text,md_K5_matched,2,1,ea632f215af7,5,0.24148,0.61357,0.51705
reddit,pmp,text,md_K5_matched,3,0,75cd3caeddeb,1,0.33674,0.60872,0.51478
reddit,pmp,text,md_K5_matched,3,0,75cd3caeddeb,2,0.28931,0.62702,0.52962
reddit,pmp,text,md_K5_matched,3,0,75cd3caeddeb,3,0.27757,0.60584,0.52343
reddit,pmp,text,md_K5_matched,3,0,75cd3caeddeb,4,0.25591,0.60318,0.52029
reddit,pmp,text,md_K5_matched,3,0,75cd3caeddeb,5,0.24006,0.60844,0.53105
reddit,pmp,text,md_K5_matched,3,1,2c31c29722e4,1,0.33592,0.60533,0.50619
reddit,pmp,text,md_K5_matched,3,1,2c31c29722e4,2,0.29221,0.61952,0.52489
reddit,pmp,text,md_K5_matched,3,1,2c31c29722e4,3,0.28043,0.63024,0.54823
reddit,pmp,text,md_K5_matched,3,1,2c31c29722e4,4,0.26068,0.61198,0.51573
reddit,pmp,text,md_K5_matched,3,1,2c31c29722e4,5,0.24335,0.61002,0.53167
instagram,bwgnn,flag,cosine,0,0,45194c941762,1,0.37621,0.63231,0.55373
instagram,bwgnn,flag,cosine,0,0,45194c941762,2,0.3248,0.60776,0.55518
instagram,bwgnn,flag,cosine,0,0,45194c941762,3,0.28104,0.60338,0.54083
instagram,bwgnn,flag,cosine,0,0,45194c941762,4,0.26631,0.60082,0.54195
instagram,bwgnn,flag,cosine,0,0,45194c941762,5,0.25323,0.59613,0.5383
instagram,bwgnn,flag,cosine,0,1,f9e539172cfb,1,0.3722,0.63133,0.56756
instagram,bwgnn,flag,cosine,0,1,f9e539172cfb,2,0.3052,0.61852,0.54808
instagram,bwgnn,flag,cosine,0,1,f9e539172cfb,3,0.28398,0.64549,0.58
instagram,bwgnn,flag,cosine,0,1,f9e539172cfb,4,0.27108,0.61469,0.55091
instagram,bwgnn,flag,cosine,0,1,f9e539172cfb,5,0.25747,0.61471,0.55824
instagram,bwgnn,flag,cosine,1,0,71f4643ee825,1,0.5323,0.59497,0.55177
instagram,bwgnn,flag,cosine,1,0,71f4643ee825,2,0.29213,0.62077,0.55928
instagram,bwgnn,flag,cosine,1,0,71f4643ee825,3,0.27943,0.60923,0.54964
instagram,bwgnn,flag,cosine,1,0,71f4643ee825,4,0.26614,0.61084,0.5528
instagram,bwgnn,flag,cosine,1,0,71f4643ee825,5,0.25156,0.60526,0.54638
instagram,bwgnn,flag,cosine,1,1,63400e9c5f5a,1,0.61249,0.5933,0.54161
instagram,bwgnn,flag,cosine,1,1,63400e9c5f5a,2,0.29113,0.61009,0.55606
instagram,bwgnn,flag,cosine,1,1,63400e9c5f5a,3,0.27801,0.58934,0.5632
instagram,bwgnn,flag,cosine,1,1,63400e9c5f5a,4,0.26939,0.60241,0.55704
instagram,bwgnn,flag,cosine,1,1,63400e9c5f5a,5,0.26162,0.59713,0.54964
instagram,bwgnn,flag,cosine,2,0,d8b036f8d6b8,1,0.40673,0.57689,0.51976
instagram,bwgnn,flag,cosine,2,0,d8b036f8d6b8,2,0.30193,0.60274,0.54173
instagram,bwgnn,flag,cosine,2,0,d8b036f8d6b8,3,0.27893,0.59955,0.5426
instagram,bwgnn,flag,cosine,2,0,d8b036f8d6b8,4,0.26618,0.58782,0.54299
instagram,bwgnn,flag,cosine,2,0,d8b036f8d6b8,5,0.254,0.58179,0.53116
instagram,bwgnn,flag,cosine,2,1,001e8054fab9,1,0.37114,0.63993,0.55997
instagram,bwgnn,flag,cosine,2,1,001e8054fab9,2,0.30619,0.60386,0.55173
instagram,bwgnn,flag,cosine,2,1,001e8054fab9,3,0.27976,0.60332,0.54656
instagram,bwgnn,flag,cosine,2,1,001e8054fab9,4,0.26626,0.59287,0.54893
instagram,bwgnn,flag,cosine,2,1,001e8054fab9,5,0.25445,0.5896,0.5297
instagram,bwgnn,flag,cosine,3,0,572d9c456140,1,0.42308,0.60496,0.52417
instagram,bwgnn,flag,cosine,3,0,572d9c456140,2,0.29315,0.60919,0.54727
instagram,bwgnn,flag,cosine,3,0,572d9c456140,3,0.2787,0.60871,0.53901
instagram,bwgnn,flag,cosine,3,0,572d9c456140,4,0.2683,0.60413,0.5392
instagram,bwgnn,flag,cosine,3,0,572d9c456140,5,0.25772,0.59151,0.54093
instagram,bwgnn,flag,cosine,3,1,1693657894c1,1,0.42039,0.65661,0.55848
instagram,bwgnn,flag,cosine,3,1,1693657894c1,2,0.29661,0.62429,0.54273
instagram,bwgnn,flag,cosine,3,1,1693657894c1,3,0.27951,0.64491,0.56006
instagram,bwgnn,flag,cosine,3,1,1693657894c1,4,0.27228,0.60796,0.54114
instagram,bwgnn,flag,cosine,3,1,1693657894c1,5,0.25744,0.6049,0.5518
instagram,care_gnn,flag,cosine,0,0,49ee06635220,1,0.34887,0.66921,0.54842
instagram,care_gnn,flag,cosine,0,0,49ee06635220,2,0.30045,0.66894,0.58421
instagram,care_gnn,flag,cosine,0,0,49ee06635220,3,0.29974,0.65045,0.57271
instagram,care_gnn,flag,cosine,0,0,49ee06635220,4,0.28276,0.62092,0.57391
instagram,care_gnn,flag,cosine,0,0,49ee06635220,5,0.27084,0.60725,0.56663
instagram,care_gnn,flag,cosine,0,1,1cbe26ea2b53,1,0.34773,0.65266,0.55822
instagram,care_gnn,flag,cosine,0,1,1cbe26ea2b53,2,0.30167,0.64862,0.55894
instagram,care_gnn,flag,cosine,0,1,1cbe26ea2b53,3,0.30106,0.63633,0.55862
instagram,care_gnn,flag,cosine,0,1,1cbe26ea2b53,4,0.28328,0.6037,0.57035
instagram,care_gnn,flag,cosine,0,1,1cbe26ea2b53,5,0.27129,0.57945,0.55664
instagram,care_gnn,flag,cosine,1,0,9061935e6e5c,1,0.35792,0.65968,0.56463
instagram,care_gnn,flag,cosine,1,0,9061935e6e5c,2,0.29378,0.65849,0.57073
instagram,care_gnn,flag,cosine,1,0,9061935e6e5c,3,0.28858,0.63443,0.55863
instagram,care_gnn,flag,cosine,1,0,9061935e6e5c,4,0.27905,0.60301,0.57759
instagram,care_gnn,flag,cosine,1,0,9061935e6e5c,5,0.2633,0.5745,0.55928
instagram,care_gnn,flag,cosine,1,1,52b9e58890ef,1,0.36015,0.64899,0.57349
instagram,care_gnn,flag,cosine,1,1,52b9e58890ef,2,0.29454,0.64127,0.55611
instagram,care_gnn,flag,cosine,1,1,52b9e58890ef,3,0.29054,0.61513,0.57181
instagram,care_gnn,flag,cosine,1,1,52b9e58890ef,4,0.28078,0.59211,0.56803
instagram,care_gnn,flag,cosine,1,1,52b9e58890ef,5,0.26482,0.57558,0.56262
instagram,care_gnn,flag,cosine,2,0,c145a0d3e785,1,0.35781,0.66734,0.58504
instagram,care_gnn,flag,cosine,2,0,c145a0d3e785,2,0.29734,0.66251,0.56981
instagram,care_gnn,flag,cosine,2,0,c145a0d3e785,3,0.28979,0.64204,0.56783
instagram,care_gnn,flag,cosine,2,0,c145a0d3e785,4,0.28045,0.61796,0.56272
instagram,care_gnn,flag,cosine,2,0,c145a0d3e785,5,0.2717,0.60809,0.58733
instagram,care_gnn,flag,cosine,2,1,51503b3bc565,1,0.35626,0.65551,0.56567
instagram,care_gnn,flag,cosine,2,1,51503b3bc565,2,0.29718,0.64874,0.56009
instagram,care_gnn,flag,cosine,2,1,51503b3bc565,3,0.29012,0.63037,0.55564
instagram,care_gnn,flag,cosine,2,1,51503b3bc565,4,0.27994,0.59366,0.55813
instagram,care_gnn,flag,cosine,2,1,51503b3bc565,5,0.26977,0.59636,0.56908
instagram,care_gnn,flag,cosine,3,0,d202fa8f18b1,1,0.34196,0.67475,0.60091
instagram,care_gnn,flag,cosine,3,0,d202fa8f18b1,2,0.29918,0.65843,0.582
instagram,care_gnn,flag,cosine,3,0,d202fa8f18b1,3,0.29101,0.65234,0.57259
instagram,care_gnn,flag,cosine,3,0,d202fa8f18b1,4,0.29116,0.6264,0.58651
instagram,care_gnn,flag,cosine,3,0,d202fa8f18b1,5,0.28088,0.6079,0.57095
instagram,care_gnn,flag,cosine,3,1,916f8a2ce9c1,1,0.34634,0.65943,0.56961
instagram,care_gnn,flag,cosine,3,1,916f8a2ce9c1,2,0.29974,0.64474,0.57075
instagram,care_gnn,flag,cosine,3,1,916f8a2ce9c1,3,0.29359,0.63727,0.55284
instagram,care_gnn,flag,cosine,3,1,916f8a2ce9c1,4,0.28957,0.61579,0.57699
instagram,care_gnn,flag,cosine,3,1,916f8a2ce9c1,5,0.27599,0.56337,0.54823
instagram,dga_gnn,flag,cosine,0,0,803a07d3fbc9,1,0.32419,0.6216,0.5162
instagram,dga_gnn,flag,cosine,0,0,803a07d3fbc9,2,0.3008,0.59536,0.5197
instagram,dga_gnn,flag,cosine,0,0,803a07d3fbc9,3,0.31212,0.59518,0.53671
instagram,dga_gnn,flag,cosine,0,0,803a07d3fbc9,4,0.29243,0.56558,0.53633
instagram,dga_gnn,flag,cosine,0,0,803a07d3fbc9,5,0.28231,0.56061,0.55063
instagram,dga_gnn,flag,cosine,0,1,0fe5ee943dd9,1,0.32364,0.61113,0.52021
instagram,dga_gnn,flag,cosine,0,1,0fe5ee943dd9,2,0.30951,0.59432,0.53182
instagram,dga_gnn,flag,cosine,0,1,0fe5ee943dd9,3,0.31369,0.59401,0.52711
instagram,dga_gnn,flag,cosine,0,1,0fe5ee943dd9,4,0.31102,0.56471,0.51296
instagram,dga_gnn,flag,cosine,0,1,0fe5ee943dd9,5,0.28124,0.56748,0.53783
instagram,dga_gnn,flag,cosine,1,0,223d61426d37,1,0.34137,0.63181,0.55241
instagram,dga_gnn,flag,cosine,1,0,223d61426d37,2,0.30219,0.61859,0.55449
instagram,dga_gnn,flag,cosine,1,0,223d61426d37,3,0.28814,0.62269,0.55489
instagram,dga_gnn,flag,cosine,1,0,223d61426d37,4,0.29127,0.5886,0.54456
instagram,dga_gnn,flag,cosine,1,0,223d61426d37,5,0.2598,0.559,0.53124
instagram,dga_gnn,flag,cosine,1,1,02eaa8555ef7,1,0.34573,0.59318,0.52836
instagram,dga_gnn,flag,cosine,1,1,02eaa8555ef7,2,0.30829,0.56531,0.52929
instagram,dga_gnn,flag,cosine,1,1,02eaa8555ef7,3,0.30634,0.58187,0.53177
instagram,dga_gnn,flag,cosine,1,1,02eaa8555ef7,4,0.29338,0.53263,0.50801
instagram,dga_gnn,flag,cosine,1,1,02eaa8555ef7,5,0.27113,0.54138,0.49522
instagram,dga_gnn,flag,cosine,2,0,1fca2f3a236b,1,0.33936,0.62538,0.52055
instagram,dga_gnn,flag,cosine,2,0,1fca2f3a236b,2,0.30281,0.59709,0.55018
instagram,dga_gnn,flag,cosine,2,0,1fca2f3a236b,3,0.29918,0.55242,0.55917
instagram,dga_gnn,flag,cosine,2,0,1fca2f3a236b,4,0.27258,0.51733,0.5093
instagram,dga_gnn,flag,cosine,2,0,1fca2f3a236b,5,0.26582,0.60169,0.5426
instagram,dga_gnn,flag,cosine,2,1,cc2f5901bd49,1,0.33692,0.61313,0.54411
instagram,dga_gnn,flag,cosine,2,1,cc2f5901bd49,2,0.30738,0.58999,0.53001
instagram,dga_gnn,flag,cosine,2,1,cc2f5901bd49,3,0.2993,0.58249,0.53388
instagram,dga_gnn,flag,cosine,2,1,cc2f5901bd49,4,0.28479,0.50427,0.53848
instagram,dga_gnn,flag,cosine,2,1,cc2f5901bd49,5,0.27813,0.59078,0.53641
instagram,dga_gnn,flag,cosine,3,0,2cc5b6e911f2,1,0.33019,0.61711,0.52761
instagram,dga_gnn,flag,cosine,3,0,2cc5b6e911f2,2,0.30578,0.58526,0.55216
instagram,dga_gnn,flag,cosine,3,0,2cc5b6e911f2,3,0.29873,0.61184,0.56447
instagram,dga_gnn,flag,cosine,3,0,2cc5b6e911f2,4,0.2873,0.54801,0.5267
instagram,dga_gnn,flag,cosine,3,0,2cc5b6e911f2,5,0.26736,0.54692,0.52854
instagram,dga_gnn,flag,cosine,3,1,70dac8272c3d,1,0.33287,0.63512,0.52516
instagram,dga_gnn,flag,cosine,3,1,70dac8272c3d,2,0.30296,0.61407,0.56587
instagram,dga_gnn,flag,cosine,3,1,70dac8272c3d,3,0.30219,0.58945,0.59248
instagram,dga_gnn,flag,cosine,3,1,70dac8272c3d,4,0.29316,0.59107,0.5383
instagram,dga_gnn,flag,cosine,3,1,70dac8272c3d,5,0.28209,0.58012,0.56035
instagram,gat,flag,cosine,0,0,7747af4740a3,1,0.33211,0.64453,0.54989
instagram,gat,flag,cosine,0,0,7747af4740a3,2,0.31362,0.54063,0.5536
instagram,gat,flag,cosine,0,0,7747af4740a3,3,0.29389,0.60796,0.5611
instagram,gat,flag,cosine,0,0,7747af4740a3,4,0.30172,0.58814,0.55513
instagram,gat,flag,cosine,0,0,7747af4740a3,5,0.2674,0.57214,0.54512
instagram,gat,flag,cosine,0,1,2c35d05a52aa,1,0.33369,0.63972,0.53618
instagram,gat,flag,cosine,0,1,2c35d05a52aa,2,0.30894,0.48838,0.51433
instagram,gat,flag,cosine,0,1,2c35d05a52aa,3,0.29122,0.60813,0.53841
instagram,gat,flag,cosine,0,1,2c35d05a52aa,4,0.30847,0.49515,0.50325
instagram,gat,flag,cosine,0,1,2c35d05a52aa,5,0.2872,0.53559,0.51479
instagram,gat,flag,cosine,1,0,59745f78cb42,1,0.36122,0.6486,0.53953
instagram,gat,flag,cosine,1,0,59745f78cb42,2,0.31466,0.61509,0.54725
instagram,gat,flag,cosine,1,0,59745f78cb42,3,0.30802,0.5927,0.53088
instagram,gat,flag,cosine,1,0,59745f78cb42,4,0.28552,0.5626,0.51806
instagram,gat,flag,cosine,1,0,59745f78cb42,5,0.26311,0.56202,0.54221
instagram,gat,flag,cosine,1,1,9fb91afa993e,1,0.37075,0.61842,0.52191
instagram,gat,flag,cosine,1,1,9fb91afa993e,2,0.3239,0.6249,0.54442
instagram,gat,flag,cosine,1,1,9fb91afa993e,3,0.31613,0.61221,0.54266
instagram,gat,flag,cosine,1,1,9fb91afa993e,4,0.31341,0.48546,0.51354
instagram,gat,flag,cosine,1,1,9fb91afa993e,5,0.27973,0.57023,0.55811
instagram,gat,flag,cosine,2,0,59ee9dadb2eb,1,0.36935,0.58341,0.52761
instagram,gat,flag,cosine,2,0,59ee9dadb2eb,2,0.33206,0.63427,0.56342
instagram,gat,flag,cosine,2,0,59ee9dadb2eb,3,0.29631,0.59793,0.5486
instagram,gat,flag,cosine,2,0,59ee9dadb2eb,4,0.2787,0.51887,0.52714
instagram,gat,flag,cosine,2,0,59ee9dadb2eb,5,0.28623,0.60282,0.55349
instagram,gat,flag,cosine,2,1,4756d76353ea,1,0.35576,0.58137,0.54168
instagram,gat,flag,cosine,2,1,4756d76353ea,2,0.31609,0.63398,0.57861
instagram,gat,flag,cosine,2,1,4756d76353ea,3,0.2975,0.55717,0.52149
instagram,gat,flag,cosine,2,1,4756d76353ea,4,0.29808,0.46166,0.52748
instagram,gat,flag,cosine,2,1,4756d76353ea,5,0.28512,0.58166,0.56575
instagram,gat,flag,cosine,3,0,01697822e642,1,0.33666,0.63554,0.55909
instagram,gat,flag,cosine,3,0,01697822e642,2,0.31135,0.65074,0.57401
instagram,gat,flag,cosine,3,0,01697822e642,3,0.2869,0.61754,0.56575
instagram,gat,flag,cosine,3,0,01697822e642,4,0.30804,0.58741,0.53797
instagram,gat,flag,cosine,3,0,01697822e642,5,0.31478,0.55673,0.53449
instagram,gat,flag,cosine,3,1,9eba195de525,1,0.33522,0.63848,0.5441
instagram,gat,flag,cosine,3,1,9eba195de525,2,0.32272,0.63277,0.55222
instagram,gat,flag,cosine,3,1,9eba195de525,3,0.29914,0.61026,0.53886
instagram,gat,flag,cosine,3,1,9eba195de525,4,0.30214,0.52553,0.51297
instagram,gat,flag,cosine,3,1,9eba195de525,5,0.28523,0.51087,0.50288
instagram,gcn,flag,cosine,0,0,a7fbeaae23ce,1,0.32453,0.67457,0.54311
instagram,gcn,flag,cosine,0,0,a7fbeaae23ce,2,0.29228,0.64616,0.58379
instagram,gcn,flag,cosine,0,0,a7fbeaae23ce,3,0.27774,0.64651,0.55406
instagram,gcn,flag,cosine,0,0,a7fbeaae23ce,4,0.25391,0.62048,0.5776
instagram,gcn,flag,cosine,0,0,a7fbeaae23ce,5,0.24106,0.62602,0.57513
instagram,gcn,flag,cosine,0,1,be40bab4b694,1,0.32593,0.66855,0.53387
instagram,gcn,flag,cosine,0,1,be40bab4b694,2,0.29424,0.63262,0.55876
instagram,gcn,flag,cosine,0,1,be40bab4b694,3,0.28275,0.64049,0.57739
instagram,gcn,flag,cosine,0,1,be40bab4b694,4,0.26192,0.61292,0.57759
instagram,gcn,flag,cosine,0,1,be40bab4b694,5,0.23873,0.626,0.55924
instagram,gcn,flag,cosine,1,0,75f6ea4ab3b4,1,0.34473,0.67344,0.59272
instagram,gcn,flag,cosine,1,0,75f6ea4ab3b4,2,0.28375,0.65622,0.59221
instagram,gcn,flag,cosine,1,0,75f6ea4ab3b4,3,0.27253,0.63466,0.58622
instagram,gcn,flag,cosine,1,0,75f6ea4ab3b4,4,0.26235,0.61998,0.56663
instagram,gcn,flag,cosine,1,0,75f6ea4ab3b4,5,0.24255,0.59366,0.56046
instagram,gcn,flag,cosine,1,1,9dd2132dd94c,1,0.34524,0.66919,0.57803
instagram,gcn,flag,cosine,1,1,9dd2132dd94c,2,0.28897,0.65112,0.58307
instagram,gcn,flag,cosine,1,1,9dd2132dd94c,3,0.27376,0.63183,0.57391
instagram,gcn,flag,cosine,1,1,9dd2132dd94c,4,0.26724,0.60773,0.56241
instagram,gcn,flag,cosine,1,1,9dd2132dd94c,5,0.24495,0.59934,0.55621
instagram,gcn,flag,cosine,2,0,f434ef7f0573,1,0.32608,0.6699,0.57935
instagram,gcn,flag,cosine,2,0,f434ef7f0573,2,0.28658,0.65214,0.57151
instagram,gcn,flag,cosine,2,0,f434ef7f0573,3,0.27256,0.6259,0.58273
instagram,gcn,flag,cosine,2,0,f434ef7f0573,4,0.25473,0.6114,0.57053
instagram,gcn,flag,cosine,2,0,f434ef7f0573,5,0.24442,0.62946,0.57473
instagram,gcn,flag,cosine,2,1,29c6baaa8eef,1,0.33187,0.65984,0.56149
instagram,gcn,flag,cosine,2,1,29c6baaa8eef,2,0.28773,0.65401,0.56376
instagram,gcn,flag,cosine,2,1,29c6baaa8eef,3,0.27654,0.63445,0.57878
instagram,gcn,flag,cosine,2,1,29c6baaa8eef,4,0.25966,0.59607,0.57473
instagram,gcn,flag,cosine,2,1,29c6baaa8eef,5,0.24593,0.63139,0.58483
instagram,gcn,flag,cosine,3,0,50c6c30c2bf6,1,0.33441,0.68063,0.58803
instagram,gcn,flag,cosine,3,0,50c6c30c2bf6,2,0.28296,0.6502,0.56949
instagram,gcn,flag,cosine,3,0,50c6c30c2bf6,3,0.27678,0.65472,0.57636
instagram,gcn,flag,cosine,3,0,50c6c30c2bf6,4,0.26071,0.62827,0.58651
instagram,gcn,flag,cosine,3,0,50c6c30c2bf6,5,0.23613,0.62158,0.55824
instagram,gcn,flag,cosine,3,1,a6b1b36f41b2,1,0.33732,0.67956,0.57506
instagram,gcn,flag,cosine,3,1,a6b1b36f41b2,2,0.29142,0.65451,0.56851
instagram,gcn,flag,cosine,3,1,a6b1b36f41b2,3,0.27774,0.65468,0.57152
instagram,gcn,flag,cosine,3,1,a6b1b36f41b2,4,0.26226,0.63585,0.58418
instagram,gcn,flag,cosine,3,1,a6b1b36f41b2,5,0.24518,0.624,0.56241
instagram,geniepath,flag,cosine,0,0,dfcffc2dfdd2,1,0.3477,0.60698,0.47625
instagram,geniepath,flag,cosine,0,0,dfcffc2dfdd2,2,0.30275,0.59847,0.54927
instagram,geniepath,flag,cosine,0,0,dfcffc2dfdd2,3,0.28903,0.59311,0.54451
instagram,geniepath,flag,cosine,0,0,dfcffc2dfdd2,4,0.32366,0.55209,0.53173
instagram,geniepath,flag,cosine,0,0,dfcffc2dfdd2,5,0.28414,0.55692,0.5263
instagram,geniepath,flag,cosine,0,1,be6382d8f069,1,0.37973,0.58991,0.52678
instagram,geniepath,flag,cosine,0,1,be6382d8f069,2,0.30012,0.58449,0.53543
instagram,geniepath,flag,cosine,0,1,be6382d8f069,3,0.28814,0.58776,0.54017
instagram,geniepath,flag,cosine,0,1,be6382d8f069,4,0.28185,0.58516,0.55453
instagram,geniepath,flag,cosine,0,1,be6382d8f069,5,0.25356,0.57489,0.51831
instagram,geniepath,flag,cosine,1,0,5ccffc0fec4f,1,0.36887,0.60242,0.53599
instagram,geniepath,flag,cosine,1,0,5ccffc0fec4f,2,0.30328,0.58912,0.53803
instagram,geniepath,flag,cosine,1,0,5ccffc0fec4f,3,0.28312,0.58215,0.50833
instagram,geniepath,flag,cosine,1,0,5ccffc0fec4f,4,0.29512,0.57273,0.52824
instagram,geniepath,flag,cosine,1,0,5ccffc0fec4f,5,0.24874,0.57371,0.52942
instagram,geniepath,flag,cosine,1,1,1a10dc9364fa,1,0.3804,0.60351,0.52149
instagram,geniepath,flag,cosine,1,1,1a10dc9364fa,2,0.30505,0.58618,0.53109
instagram,geniepath,flag,cosine,1,1,1a10dc9364fa,3,0.28545,0.57949,0.52139
instagram,geniepath,flag,cosine,1,1,1a10dc9364fa,4,0.30311,0.57154,0.52815
instagram,geniepath,flag,cosine,1,1,1a10dc9364fa,5,0.24948,0.57228,0.52139
instagram,geniepath,flag,cosine,2,0,a97b49fd9c4d,1,0.37063,0.60659,0.54237
instagram,geniepath,flag,cosine,2,0,a97b49fd9c4d,2,0.29645,0.5906,0.53083
instagram,geniepath,flag,cosine,2,0,a97b49fd9c4d,3,0.29152,0.57497,0.53437
instagram,geniepath,flag,cosine,2,0,a97b49fd9c4d,4,0.26412,0.56194,0.53631
instagram,geniepath,flag,cosine,2,0,a97b49fd9c4d,5,0.2683,0.56044,0.51806
instagram,geniepath,flag,cosine,2,1,892a82958ff4,1,0.37395,0.61257,0.54453
instagram,geniepath,flag,cosine,2,1,892a82958ff4,2,0.29744,0.59516,0.52763
instagram,geniepath,flag,cosine,2,1,892a82958ff4,3,0.29445,0.57489,0.51854
instagram,geniepath,flag,cosine,2,1,892a82958ff4,4,0.28523,0.56244,0.52883
instagram,geniepath,flag,cosine,2,1,892a82958ff4,5,0.29604,0.55752,0.50797
instagram,geniepath,flag,cosine,3,0,1a615ef38451,1,0.36096,0.63383,0.49721
instagram,geniepath,flag,cosine,3,0,1a615ef38451,2,0.30804,0.59393,0.52659
instagram,geniepath,flag,cosine,3,0,1a615ef38451,3,0.27333,0.58208,0.52824
instagram,geniepath,flag,cosine,3,0,1a615ef38451,4,0.26611,0.56981,0.51377
instagram,geniepath,flag,cosine,3,0,1a615ef38451,5,0.27849,0.56592,0.51623
instagram,geniepath,flag,cosine,3,1,6e9c75c24230,1,0.33737,0.62877,0.54078
instagram,geniepath,flag,cosine,3,1,6e9c75c24230,2,0.29502,0.6022,0.51789
instagram,geniepath,flag,cosine,3,1,6e9c75c24230,3,0.28219,0.59636,0.5197
instagram,geniepath,flag,cosine,3,1,6e9c75c24230,4,0.26238,0.57523,0.5257
instagram,geniepath,flag,cosine,3,1,6e9c75c24230,5,0.25924,0.56744,0.52312
instagram,pmp,flag,cosine,0,0,e5f7f30edf4e,1,0.33467,0.65436,0.54838
instagram,pmp,flag,cosine,0,0,e5f7f30edf4e,2,0.30344,0.62998,0.57479
instagram,pmp,flag,cosine,0,0,e5f7f30edf4e,3,0.28387,0.63158,0.56764
instagram,pmp,flag,cosine,0,0,e5f7f30edf4e,4,0.27257,0.57193,0.5411
instagram,pmp,flag,cosine,0,0,e5f7f30edf4e,5,0.24759,0.59222,0.56894
instagram,pmp,flag,cosine,0,1,17606a6e9e64,1,0.34241,0.64783,0.56409
instagram,pmp,flag,cosine,0,1,17606a6e9e64,2,0.30137,0.62348,0.57382
instagram,pmp,flag,cosine,0,1,17606a6e9e64,3,0.28554,0.61748,0.57259
instagram,pmp,flag,cosine,0,1,17606a6e9e64,4,0.26653,0.56708,0.5426
instagram,pmp,flag,cosine,0,1,17606a6e9e64,5,0.23687,0.57749,0.55107
instagram,pmp,flag,cosine,1,0,e176091bef7c,1,0.3534,0.65364,0.5645
instagram,pmp,flag,cosine,1,0,e176091bef7c,2,0.29447,0.63748,0.58483
instagram,pmp,flag,cosine,1,0,e176091bef7c,3,0.28956,0.60109,0.56242
instagram,pmp,flag,cosine,1,0,e176091bef7c,4,0.26996,0.56808,0.55173
instagram,pmp,flag,cosine,1,0,e176091bef7c,5,0.24015,0.57554,0.55293
instagram,pmp,flag,cosine,1,1,62259baa3c0d,1,0.34555,0.63935,0.57259
instagram,pmp,flag,cosine,1,1,62259baa3c0d,2,0.29853,0.60474,0.54216
instagram,pmp,flag,cosine,1,1,62259baa3c0d,3,0.27694,0.56423,0.5703
instagram,pmp,flag,cosine,1,1,62259baa3c0d,4,0.25662,0.55077,0.54645
instagram,pmp,flag,cosine,1,1,62259baa3c0d,5,0.22263,0.56515,0.52737
instagram,pmp,flag,cosine,2,0,3a13f0d811ae,1,0.3342,0.6472,0.53901
instagram,pmp,flag,cosine,2,0,3a13f0d811ae,2,0.29735,0.61983,0.57187
instagram,pmp,flag,cosine,2,0,3a13f0d811ae,3,0.28194,0.58972,0.55471
instagram,pmp,flag,cosine,2,0,3a13f0d811ae,4,0.272,0.57745,0.56663
instagram,pmp,flag,cosine,2,0,3a13f0d811ae,5,0.25279,0.59586,0.55121
instagram,pmp,flag,cosine,2,1,391d7539b4df,1,0.34022,0.65212,0.55034
instagram,pmp,flag,cosine,2,1,391d7539b4df,2,0.30214,0.61596,0.56691
instagram,pmp,flag,cosine,2,1,391d7539b4df,3,0.27882,0.58555,0.56286
instagram,pmp,flag,cosine,2,1,391d7539b4df,4,0.26115,0.56025,0.55091
instagram,pmp,flag,cosine,2,1,391d7539b4df,5,0.25111,0.56115,0.55219
instagram,pmp,flag,cosine,3,0,b7c6fa11fd32,1,0.3392,0.66796,0.59957
instagram,pmp,flag,cosine,3,0,b7c6fa11fd32,2,0.29715,0.63689,0.58755
instagram,pmp,flag,cosine,3,0,b7c6fa11fd32,3,0.29054,0.61781,0.55697
instagram,pmp,flag,cosine,3,0,b7c6fa11fd32,4,0.27566,0.58289,0.56732
instagram,pmp,flag,cosine,3,0,b7c6fa11fd32,5,0.24602,0.5762,0.54615
instagram,pmp,flag,cosine,3,1,d9c583a9344f,1,0.34451,0.66517,0.56031
instagram,pmp,flag,cosine,3,1,d9c583a9344f,2,0.28909,0.63877,0.54285
instagram,pmp,flag,cosine,3,1,d9c583a9344f,3,0.27948,0.62242,0.56133
instagram,pmp,flag,cosine,3,1,d9c583a9344f,4,0.25798,0.56489,0.56658
instagram,pmp,flag,cosine,3,1,d9c583a9344f,5,0.24413,0.56306,0.53264
reddit,bwgnn,flag,cosine,0,0,ce3ad07a5a24,1,0.33328,0.61814,0.54401
reddit,bwgnn,flag,cosine,0,0,ce3ad07a5a24,2,0.27996,0.65971,0.55878
reddit,bwgnn,flag,cosine,0,0,ce3ad07a5a24,3,0.26178,0.64711,0.55511
reddit,bwgnn,flag,cosine,0,0,ce3ad07a5a24,4,0.23323,0.61997,0.58651
reddit,bwgnn,flag,cosine,0,0,ce3ad07a5a24,5,0.2087,0.59767,0.55278
reddit,bwgnn,flag,cosine,0,1,88ec19b2209d,1,0.34042,0.61632,0.53862
reddit,bwgnn,flag,cosine,0,1,88ec19b2209d,2,0.28844,0.639,0.55793
reddit,bwgnn,flag,cosine,0,1,88ec19b2209d,3,0.26866,0.62112,0.55894
reddit,bwgnn,flag,cosine,0,1,88ec19b2209d,4,0.25419,0.59999,0.54038
reddit,bwgnn,flag,cosine,0,1,88ec19b2209d,5,0.23107,0.62707,0.5557
reddit,bwgnn,flag,cosine,1,0,a64c44d0b402,1,0.34251,0.63767,0.54301
reddit,bwgnn,flag,cosine,1,0,a64c44d0b402,2,0.28222,0.64851,0.57469
reddit,bwgnn,flag,cosine,1,0,a64c44d0b402,3,0.26056,0.63122,0.54704
reddit,bwgnn,flag,cosine,1,0,a64c44d0b402,4,0.23325,0.63116,0.58061
reddit,bwgnn,flag,cosine,1,0,a64c44d0b402,5,0.20706,0.58881,0.56579
reddit,bwgnn,flag,cosine,1,1,24cfded51c41,1,0.34156,0.64453,0.54254
reddit,bwgnn,flag,cosine,1,1,24cfded51c41,2,0.27791,0.61252,0.55829
reddit,bwgnn,flag,cosine,1,1,24cfded51c41,3,0.24739,0.60917,0.56065
reddit,bwgnn,flag,cosine,1,1,24cfded51c41,4,0.2133,0.58349,0.55908
reddit,bwgnn,flag,cosine,1,1,24cfded51c41,5,0.16963,0.59371,0.5602
reddit,bwgnn,flag,cosine,2,0,d2b82aba0201,1,0.32271,0.62442,0.5404
reddit,bwgnn,flag,cosine,2,0,d2b82aba0201,2,0.28305,0.63558,0.55657
reddit,bwgnn,flag,cosine,2,0,d2b82aba0201,3,0.26143,0.60808,0.55866
reddit,bwgnn,flag,cosine,2,0,d2b82aba0201,4,0.24987,0.66568,0.58783
reddit,bwgnn,flag,cosine,2,0,d2b82aba0201,5,0.21661,0.65749,0.5672
reddit,bwgnn,flag,cosine,2,1,218ce2693669,1,0.3214,0.63386,0.56502
reddit,bwgnn,flag,cosine,2,1,218ce2693669,2,0.28231,0.6306,0.54694
reddit,bwgnn,flag,cosine,2,1,218ce2693669,3,0.25899,0.62999,0.55458
reddit,bwgnn,flag,cosine,2,1,218ce2693669,4,0.23643,0.62545,0.55649
reddit,bwgnn,flag,cosine,2,1,218ce2693669,5,0.22017,0.61244,0.55564
reddit,bwgnn,flag,cosine,3,0,708a122d1e8d,1,0.35092,0.6151,0.54959
reddit,bwgnn,flag,cosine,3,0,708a122d1e8d,2,0.29629,0.63488,0.54103
reddit,bwgnn,flag,cosine,3,0,708a122d1e8d,3,0.26604,0.6426,0.55235
reddit,bwgnn,flag,cosine,3,0,708a122d1e8d,4,0.2547,0.62092,0.54143
reddit,bwgnn,flag,cosine,3,0,708a122d1e8d,5,0.25083,0.6311,0.54794
reddit,bwgnn,flag,cosine,3,1,7f87d0dfd7b8,1,0.36026,0.6269,0.54003
reddit,bwgnn,flag,cosine,3,1,7f87d0dfd7b8,2,0.28865,0.64987,0.54953
reddit,bwgnn,flag,cosine,3,1,7f87d0dfd7b8,3,0.26784,0.59772,0.53844
reddit,bwgnn,flag,cosine,3,1,7f87d0dfd7b8,4,0.25842,0.62336,0.55345
reddit,bwgnn,flag,cosine,3,1,7f87d0dfd7b8,5,0.25035,0.65395,0.56861
reddit,care_gnn,flag,cosine,0,0,387bd7c8ddcd,1,0.33523,0.65977,0.53018
reddit,care_gnn,flag,cosine,0,0,387bd7c8ddcd,2,0.28722,0.67101,0.53609
reddit,care_gnn,flag,cosine,0,0,387bd7c8ddcd,3,0.26726,0.66588,0.54054
reddit,care_gnn,flag,cosine,0,0,387bd7c8ddcd,4,0.24511,0.65756,0.54947
reddit,care_gnn,flag,cosine,0,0,387bd7c8ddcd,5,0.22327,0.65617,0.53544
reddit,care_gnn,flag,cosine,0,1,4d50d52397c9,1,0.3311,0.6499,0.53106
reddit,care_gnn,flag,cosine,0,1,4d50d52397c9,2,0.28622,0.66631,0.54397
reddit,care_gnn,flag,cosine,0,1,4d50d52397c9,3,0.26821,0.66466,0.53997
reddit,care_gnn,flag,cosine,0,1,4d50d52397c9,4,0.25059,0.65015,0.54187
reddit,care_gnn,flag,cosine,0,1,4d50d52397c9,5,0.22877,0.65852,0.54667
reddit,care_gnn,flag,cosine,1,0,988794600772,1,0.33366,0.66629,0.55278
reddit,care_gnn,flag,cosine,1,0,988794600772,2,0.285,0.67356,0.55642
reddit,care_gnn,flag,cosine,1,0,988794600772,3,0.26769,0.65972,0.54403
reddit,care_gnn,flag,cosine,1,0,988794600772,4,0.2418,0.64289,0.53592
reddit,care_gnn,flag,cosine,1,0,988794600772,5,0.22571,0.65366,0.51966
reddit,care_gnn,flag,cosine,1,1,5c93846c76f3,1,0.33288,0.66614,0.55235
reddit,care_gnn,flag,cosine,1,1,5c93846c76f3,2,0.28387,0.66968,0.56176
reddit,care_gnn,flag,cosine,1,1,5c93846c76f3,3,0.26719,0.65392,0.53315
reddit,care_gnn,flag,cosine,1,1,5c93846c76f3,4,0.24704,0.62206,0.52131
reddit,care_gnn,flag,cosine,1,1,5c93846c76f3,5,0.23699,0.65762,0.53918
reddit,care_gnn,flag,cosine,2,0,359938cadf86,1,0.33484,0.63954,0.54019
reddit,care_gnn,flag,cosine,2,0,359938cadf86,2,0.28327,0.64945,0.52877
reddit,care_gnn,flag,cosine,2,0,359938cadf86,3,0.26912,0.6624,0.53462
reddit,care_gnn,flag,cosine,2,0,359938cadf86,4,0.25076,0.66659,0.55269
reddit,care_gnn,flag,cosine,2,0,359938cadf86,5,0.2267,0.65131,0.52788
reddit,care_gnn,flag,cosine,2,1,eff0bf51d2df,1,0.33027,0.64263,0.54357
reddit,care_gnn,flag,cosine,2,1,eff0bf51d2df,2,0.28374,0.64915,0.52199
reddit,care_gnn,flag,cosine,2,1,eff0bf51d2df,3,0.26867,0.66466,0.54517
reddit,care_gnn,flag,cosine,2,1,eff0bf51d2df,4,0.2519,0.66002,0.54351
reddit,care_gnn,flag,cosine,2,1,eff0bf51d2df,5,0.23304,0.66185,0.53017
reddit,care_gnn,flag,cosine,3,0,e95a116918cb,1,0.33687,0.64127,0.55675
reddit,care_gnn,flag,cosine,3,0,e95a116918cb,2,0.28962,0.67212,0.55515
reddit,care_gnn,flag,cosine,3,0,e95a116918cb,3,0.27213,0.66906,0.54317
reddit,care_gnn,flag,cosine,3,0,e95a116918cb,4,0.24753,0.65019,0.53047
reddit,care_gnn,flag,cosine,3,0,e95a116918cb,5,0.235,0.66948,0.53364
reddit,care_gnn,flag,cosine,3,1,49ee9036c157,1,0.33623,0.64184,0.53386
reddit,care_gnn,flag,cosine,3,1,49ee9036c157,2,0.28718,0.66986,0.5435
reddit,care_gnn,flag,cosine,3,1,49ee9036c157,3,0.26815,0.64203,0.52687
reddit,care_gnn,flag,cosine,3,1,49ee9036c157,4,0.24121,0.64804,0.52319
reddit,care_gnn,flag,cosine,3,1,49ee9036c157,5,0.22368,0.65236,0.53663
reddit,dga_gnn,flag,cosine,0,0,9efd03fa3cd7,1,0.32589,0.65497,0.52112
reddit,dga_gnn,flag,cosine,0,0,9efd03fa3cd7,2,0.29388,0.66315,0.5442
reddit,dga_gnn,flag,cosine,0,0,9efd03fa3cd7,3,0.28691,0.66792,0.5511
reddit,dga_gnn,flag,cosine,0,0,9efd03fa3cd7,4,0.26587,0.65156,0.54846
reddit,dga_gnn,flag,cosine,0,0,9efd03fa3cd7,5,0.24464,0.61992,0.53141
reddit,dga_gnn,flag,cosine,0,1,ac6aac5b1017,1,0.32898,0.64036,0.52835
reddit,dga_gnn,flag,cosine,0,1,ac6aac5b1017,2,0.29964,0.67298,0.50696
reddit,dga_gnn,flag,cosine,0,1,ac6aac5b1017,3,0.29169,0.66481,0.55472
reddit,dga_gnn,flag,cosine,0,1,ac6aac5b1017,4,0.27294,0.65348,0.54144
reddit,dga_gnn,flag,cosine,0,1,ac6aac5b1017,5,0.2636,0.65385,0.54888
reddit,dga_gnn,flag,cosine,1,0,5144839aee2c,1,0.33807,0.66423,0.52408
reddit,dga_gnn,flag,cosine,1,0,5144839aee2c,2,0.29401,0.65389,0.53687
reddit,dga_gnn,flag,cosine,1,0,5144839aee2c,3,0.28178,0.64532,0.54188
reddit,dga_gnn,flag,cosine,1,0,5144839aee2c,4,0.26639,0.6313,0.53539
reddit,dga_gnn,flag,cosine,1,0,5144839aee2c,5,0.25908,0.63088,0.53109
reddit,dga_gnn,flag,cosine,1,1,fc0de513afc5,1,0.33741,0.64228,0.47622
reddit,dga_gnn,flag,cosine,1,1,fc0de513afc5,2,0.30241,0.66271,0.55251
reddit,dga_gnn,flag,cosine,1,1,fc0de513afc5,3,0.29127,0.64513,0.54081
reddit,dga_gnn,flag,cosine,1,1,fc0de513afc5,4,0.26902,0.64127,0.54905
reddit,dga_gnn,flag,cosine,1,1,fc0de513afc5,5,0.25463,0.65996,0.54966
reddit,dga_gnn,flag,cosine,2,0,273780bb2b55,1,0.32765,0.60131,0.51828
reddit,dga_gnn,flag,cosine,2,0,273780bb2b55,2,0.30231,0.66538,0.5435
reddit,dga_gnn,flag,cosine,2,0,273780bb2b55,3,0.28697,0.65884,0.55524
reddit,dga_gnn,flag,cosine,2,0,273780bb2b55,4,0.27282,0.64638,0.53866
reddit,dga_gnn,flag,cosine,2,0,273780bb2b55,5,0.25354,0.6374,0.55569
reddit,dga_gnn,flag,cosine,2,1,fbca7505fa40,1,0.32778,0.65299,0.50761
reddit,dga_gnn,flag,cosine,2,1,fbca7505fa40,2,0.29967,0.63746,0.53673
reddit,dga_gnn,flag,cosine,2,1,fbca7505fa40,3,0.28109,0.65223,0.55015
reddit,dga_gnn,flag,cosine,2,1,fbca7505fa40,4,0.26774,0.63966,0.5464
reddit,dga_gnn,flag,cosine,2,1,fbca7505fa40,5,0.24679,0.62959,0.52395
reddit,dga_gnn,flag,cosine,3,0,e935df892dee,1,0.33264,0.67425,0.49764
reddit,dga_gnn,flag,cosine,3,0,e935df892dee,2,0.3025,0.64969,0.53192
reddit,dga_gnn,flag,cosine,3,0,e935df892dee,3,0.28729,0.66072,0.54594
reddit,dga_gnn,flag,cosine,3,0,e935df892dee,4,0.27166,0.63365,0.53983
reddit,dga_gnn,flag,cosine,3,0,e935df892dee,5,0.26359,0.65069,0.56008
reddit,dga_gnn,flag,cosine,3,1,b8abc333e963,1,0.33124,0.63628,0.5466
reddit,dga_gnn,flag,cosine,3,1,b8abc333e963,2,0.30751,0.65456,0.47622
reddit,dga_gnn,flag,cosine,3,1,b8abc333e963,3,0.29129,0.66245,0.52384
reddit,dga_gnn,flag,cosine,3,1,b8abc333e963,4,0.28183,0.64296,0.53711
reddit,dga_gnn,flag,cosine,3,1,b8abc333e963,5,0.26046,0.65998,0.56004
reddit,gat,flag,cosine,0,0,2a111831d919,1,0.33582,0.67193,0.54558
reddit,gat,flag,cosine,0,0,2a111831d919,2,0.30134,0.65687,0.5589
reddit,gat,flag,cosine,0,0,2a111831d919,3,0.28564,0.68863,0.56718
reddit,gat,flag,cosine,0,0,2a111831d919,4,0.25126,0.67345,0.55897
reddit,gat,flag,cosine,0,0,2a111831d919,5,0.25008,0.68097,0.55309
reddit,gat,flag,cosine,0,1,b12806cb278f,1,0.34183,0.64311,0.53927
reddit,gat,flag,cosine,0,1,b12806cb278f,2,0.29511,0.67856,0.56802
reddit,gat,flag,cosine,0,1,b12806cb278f,3,0.27293,0.68855,0.57202
reddit,gat,flag,cosine,0,1,b12806cb278f,4,0.26336,0.66198,0.55224
reddit,gat,flag,cosine,0,1,b12806cb278f,5,0.24722,0.64752,0.55434
reddit,gat,flag,cosine,1,0,10e1ba233568,1,0.34513,0.6753,0.56599
reddit,gat,flag,cosine,1,0,10e1ba233568,2,0.30244,0.67931,0.57796
reddit,gat,flag,cosine,1,0,10e1ba233568,3,0.27467,0.6668,0.56339
reddit,gat,flag,cosine,1,0,10e1ba233568,4,0.27147,0.66103,0.54967
reddit,gat,flag,cosine,1,0,10e1ba233568,5,0.23369,0.67667,0.54597
reddit,gat,flag,cosine,1,1,bcb17a7c0cf0,1,0.35143,0.67103,0.55769
reddit,gat,flag,cosine,1,1,bcb17a7c0cf0,2,0.30674,0.69872,0.56818
reddit,gat,flag,cosine,1,1,bcb17a7c0cf0,3,0.27874,0.64605,0.54837
reddit,gat,flag,cosine,1,1,bcb17a7c0cf0,4,0.26321,0.65746,0.55705
reddit,gat,flag,cosine,1,1,bcb17a7c0cf0,5,0.24234,0.66589,0.54758
reddit,gat,flag,cosine,2,0,20a73fdd3887,1,0.3314,0.65057,0.53155
reddit,gat,flag,cosine,2,0,20a73fdd3887,2,0.30199,0.62963,0.51899
reddit,gat,flag,cosine,2,0,20a73fdd3887,3,0.2774,0.66535,0.53461
reddit,gat,flag,cosine,2,0,20a73fdd3887,4,0.25555,0.65591,0.5446
reddit,gat,flag,cosine,2,0,20a73fdd3887,5,0.24188,0.69648,0.57719
reddit,gat,flag,cosine,2,1,49d32d9871ae,1,0.33288,0.63843,0.53857
reddit,gat,flag,cosine,2,1,49d32d9871ae,2,0.3057,0.63734,0.52031
reddit,gat,flag,cosine,2,1,49d32d9871ae,3,0.27346,0.66592,0.54322
reddit,gat,flag,cosine,2,1,49d32d9871ae,4,0.25006,0.65973,0.55985
reddit,gat,flag,cosine,2,1,49d32d9871ae,5,0.24489,0.6647,0.55346
reddit,gat,flag,cosine,3,0,ba55742df738,1,0.3415,0.66501,0.56007
reddit,gat,flag,cosine,3,0,ba55742df738,2,0.30059,0.68505,0.56399
reddit,gat,flag,cosine,3,0,ba55742df738,3,0.28485,0.6688,0.55565
reddit,gat,flag,cosine,3,0,ba55742df738,4,0.258,0.66107,0.55256
reddit,gat,flag,cosine,3,0,ba55742df738,5,0.25838,0.67003,0.56448
reddit,gat,flag,cosine,3,1,4de3ac4f1e2c,1,0.34644,0.67174,0.55396
reddit,gat,flag,cosine,3,1,4de3ac4f1e2c,2,0.30715,0.6912,0.5663
reddit,gat,flag,cosine,3,1,4de3ac4f1e2c,3,0.28849,0.68359,0.55521
reddit,gat,flag,cosine,3,1,4de3ac4f1e2c,4,0.26115,0.69233,0.5577
reddit,gat,flag,cosine,3,1,4de3ac4f1e2c,5,0.23131,0.70915,0.57629
reddit,gcn,flag,cosine,0,0,d07bab514f3f,1,0.32139,0.62512,0.54733
reddit,gcn,flag,cosine,0,0,d07bab514f3f,2,0.28036,0.63809,0.55439
reddit,gcn,flag,cosine,0,0,d07bab514f3f,3,0.25965,0.62909,0.54996
reddit,gcn,flag,cosine,0,0,d07bab514f3f,4,0.24755,0.6349,0.55249
reddit,gcn,flag,cosine,0,0,d07bab514f3f,5,0.24142,0.64019,0.54406
reddit,gcn,flag,cosine,0,1,626050d71d20,1,0.32366,0.61378,0.53914
reddit,gcn,flag,cosine,0,1,626050d71d20,2,0.28106,0.64474,0.55124
reddit,gcn,flag,cosine,0,1,626050d71d20,3,0.26029,0.63223,0.54994
reddit,gcn,flag,cosine,0,1,626050d71d20,4,0.24671,0.63976,0.54346
reddit,gcn,flag,cosine,0,1,626050d71d20,5,0.24095,0.63563,0.54911
reddit,gcn,flag,cosine,1,0,68cdd6032b0c,1,0.33107,0.64297,0.54719
reddit,gcn,flag,cosine,1,0,68cdd6032b0c,2,0.2761,0.63923,0.55077
reddit,gcn,flag,cosine,1,0,68cdd6032b0c,3,0.25669,0.63822,0.55862
reddit,gcn,flag,cosine,1,0,68cdd6032b0c,4,0.244,0.63292,0.54234
reddit,gcn,flag,cosine,1,0,68cdd6032b0c,5,0.23581,0.6407,0.5404
reddit,gcn,flag,cosine,1,1,96ac46c7f107,1,0.33354,0.63599,0.5444
reddit,gcn,flag,cosine,1,1,96ac46c7f107,2,0.27859,0.63426,0.5514
reddit,gcn,flag,cosine,1,1,96ac46c7f107,3,0.25939,0.63589,0.56109
reddit,gcn,flag,cosine,1,1,96ac46c7f107,4,0.24737,0.62428,0.5404
reddit,gcn,flag,cosine,1,1,96ac46c7f107,5,0.23593,0.64187,0.54473
reddit,gcn,flag,cosine,2,0,5961c22961a6,1,0.32429,0.63217,0.54971
reddit,gcn,flag,cosine,2,0,5961c22961a6,2,0.27348,0.64032,0.54907
reddit,gcn,flag,cosine,2,0,5961c22961a6,3,0.25718,0.64018,0.54306
reddit,gcn,flag,cosine,2,0,5961c22961a6,4,0.24533,0.64824,0.54777
reddit,gcn,flag,cosine,2,0,5961c22961a6,5,0.23519,0.64389,0.54552
reddit,gcn,flag,cosine,2,1,bfa5bd6a8a7c,1,0.32483,0.62981,0.54612
reddit,gcn,flag,cosine,2,1,bfa5bd6a8a7c,2,0.27426,0.63257,0.54696
reddit,gcn,flag,cosine,2,1,bfa5bd6a8a7c,3,0.26058,0.64492,0.54819
reddit,gcn,flag,cosine,2,1,bfa5bd6a8a7c,4,0.24948,0.64546,0.5534
reddit,gcn,flag,cosine,2,1,bfa5bd6a8a7c,5,0.23683,0.64164,0.54878
reddit,gcn,flag,cosine,3,0,ec47b3e2ef05,1,0.32836,0.61444,0.53633
reddit,gcn,flag,cosine,3,0,ec47b3e2ef05,2,0.27838,0.64569,0.5386
reddit,gcn,flag,cosine,3,0,ec47b3e2ef05,3,0.26408,0.63252,0.55127
reddit,gcn,flag,cosine,3,0,ec47b3e2ef05,4,0.24316,0.63202,0.54626
reddit,gcn,flag,cosine,3,0,ec47b3e2ef05,5,0.23592,0.62533,0.54268
reddit,gcn,flag,cosine,3,1,c5f4b076d15a,1,0.32796,0.60027,0.52977
reddit,gcn,flag,cosine,3,1,c5f4b076d15a,2,0.28114,0.64353,0.54355
reddit,gcn,flag,cosine,3,1,c5f4b076d15a,3,0.26634,0.61557,0.54244
reddit,gcn,flag,cosine,3,1,c5f4b076d15a,4,0.24737,0.63775,0.54622
reddit,gcn,flag,cosine,3,1,c5f4b076d15a,5,0.23588,0.63458,0.5493
reddit,geniepath,flag,cosine,0,0,7ec7399292fe,1,0.34237,0.60832,0.51538
reddit,geniepath,flag,cosine,0,0,7ec7399292fe,2,0.30869,0.61036,0.55287
reddit,geniepath,flag,cosine,0,0,7ec7399292fe,3,0.2898,0.6118,0.54624
reddit,geniepath,flag,cosine,0,0,7ec7399292fe,4,0.29169,0.59924,0.53802
reddit,geniepath,flag,cosine,0,0,7ec7399292fe,5,0.32878,0.61186,0.53918
reddit,geniepath,flag,cosine,0,1,56fe5e01717e,1,0.35182,0.58264,0.5009
reddit,geniepath,flag,cosine,0,1,56fe5e01717e,2,0.30114,0.62563,0.56498
reddit,geniepath,flag,cosine,0,1,56fe5e01717e,3,0.29464,0.61904,0.54796
reddit,geniepath,flag,cosine,0,1,56fe5e01717e,4,0.2796,0.63733,0.55528
reddit,geniepath,flag,cosine,0,1,56fe5e01717e,5,0.27454,0.61657,0.54366
reddit,geniepath,flag,cosine,1,0,5a07a47ac27b,1,0.32926,0.60485,0.54375
reddit,geniepath,flag,cosine,1,0,5a07a47ac27b,2,0.32259,0.61464,0.54103
reddit,geniepath,flag,cosine,1,0,5a07a47ac27b,3,0.30658,0.63318,0.55825
reddit,geniepath,flag,cosine,1,0,5a07a47ac27b,4,0.28605,0.62075,0.54132
reddit,geniepath,flag,cosine,1,0,5a07a47ac27b,5,0.28037,0.62062,0.55407
reddit,geniepath,flag,cosine,1,1,32fca095c937,1,0.3259,0.60671,0.5444
reddit,geniepath,flag,cosine,1,1,32fca095c937,2,0.29496,0.61333,0.54628
reddit,geniepath,flag,cosine,1,1,32fca095c937,3,0.29354,0.61141,0.55317
reddit,geniepath,flag,cosine,1,1,32fca095c937,4,0.33984,0.65835,0.52661
reddit,geniepath,flag,cosine,1,1,32fca095c937,5,0.28314,0.60885,0.53116
reddit,geniepath,flag,cosine,2,0,ab5f0155ef19,1,0.35412,0.61688,0.54789
reddit,geniepath,flag,cosine,2,0,ab5f0155ef19,2,0.30207,0.61711,0.55366
reddit,geniepath,flag,cosine,2,0,ab5f0155ef19,3,0.2945,0.63675,0.54079
reddit,geniepath,flag,cosine,2,0,ab5f0155ef19,4,0.29574,0.62296,0.54297
reddit,geniepath,flag,cosine,2,0,ab5f0155ef19,5,0.29612,0.64399,0.53923
reddit,geniepath,flag,cosine,2,1,1ccfa91152fc,1,0.36548,0.61834,0.54949
reddit,geniepath,flag,cosine,2,1,1ccfa91152fc,2,0.30651,0.62003,0.54931
reddit,geniepath,flag,cosine,2,1,1ccfa91152fc,3,0.30249,0.62588,0.48175
reddit,geniepath,flag,cosine,2,1,1ccfa91152fc,4,0.28998,0.62663,0.55691
reddit,geniepath,flag,cosine,2,1,1ccfa91152fc,5,0.30153,0.5943,0.54455
reddit,geniepath,flag,cosine,3,0,1064596f812b,1,0.35478,0.59656,0.53767
reddit,geniepath,flag,cosine,3,0,1064596f812b,2,0.31073,0.60969,0.53146
reddit,geniepath,flag,cosine,3,0,1064596f812b,3,0.28907,0.60823,0.5446
reddit,geniepath,flag,cosine,3,0,1064596f812b,4,0.2824,0.5995,0.53524
reddit,geniepath,flag,cosine,3,0,1064596f812b,5,0.30013,0.60464,0.54288
reddit,geniepath,flag,cosine,3,1,5747dcdbadee,1,0.35857,0.60022,0.53333
reddit,geniepath,flag,cosine,3,1,5747dcdbadee,2,0.31136,0.61406,0.54185
reddit,geniepath,flag,cosine,3,1,5747dcdbadee,3,0.28929,0.61582,0.54863
reddit,geniepath,flag,cosine,3,1,5747dcdbadee,4,0.28553,0.60967,0.5335
reddit,geniepath,flag,cosine,3,1,5747dcdbadee,5,0.30566,0.61324,0.54428
reddit,pmp,flag,cosine,0,0,fb0018259060,1,0.31988,0.67273,0.55216
reddit,pmp,flag,cosine,0,0,fb0018259060,2,0.28804,0.67063,0.54927
reddit,pmp,flag,cosine,0,0,fb0018259060,3,0.26356,0.65053,0.55615
reddit,pmp,flag,cosine,0,0,fb0018259060,4,0.22918,0.6329,0.5458
reddit,pmp,flag,cosine,0,0,fb0018259060,5,0.19577,0.64999,0.55954
reddit,pmp,flag,cosine,0,1,eaa83f19802a,1,0.33071,0.67107,0.54606
reddit,pmp,flag,cosine,0,1,eaa83f19802a,2,0.28847,0.65961,0.55109
reddit,pmp,flag,cosine,0,1,eaa83f19802a,3,0.2631,0.64656,0.54559
reddit,pmp,flag,cosine,0,1,eaa83f19802a,4,0.24202,0.63435,0.54862
reddit,pmp,flag,cosine,0,1,eaa83f19802a,5,0.21889,0.64348,0.54036
reddit,pmp,flag,cosine,1,0,f6c3806cc88d,1,0.32435,0.67597,0.56013
reddit,pmp,flag,cosine,1,0,f6c3806cc88d,2,0.2876,0.67706,0.56185
reddit,pmp,flag,cosine,1,0,f6c3806cc88d,3,0.26639,0.6544,0.54831
reddit,pmp,flag,cosine,1,0,f6c3806cc88d,4,0.24104,0.63314,0.54906
reddit,pmp,flag,cosine,1,0,f6c3806cc88d,5,0.20481,0.61972,0.54572
reddit,pmp,flag,cosine,1,1,360fad76d4e6,1,0.33445,0.66654,0.56175
reddit,pmp,flag,cosine,1,1,360fad76d4e6,2,0.28222,0.65926,0.5534
reddit,pmp,flag,cosine,1,1,360fad76d4e6,3,0.26388,0.61978,0.54228
reddit,pmp,flag,cosine,1,1,360fad76d4e6,4,0.23957,0.63368,0.55366
reddit,pmp,flag,cosine,1,1,360fad76d4e6,5,0.22282,0.62419,0.54888
reddit,pmp,flag,cosine,2,0,f5db6eb4a040,1,0.32132,0.65438,0.56101
reddit,pmp,flag,cosine,2,0,f5db6eb4a040,2,0.28333,0.65268,0.54406
reddit,pmp,flag,cosine,2,0,f5db6eb4a040,3,0.2589,0.65614,0.54487
reddit,pmp,flag,cosine,2,0,f5db6eb4a040,4,0.23144,0.64942,0.54501
reddit,pmp,flag,cosine,2,0,f5db6eb4a040,5,0.19719,0.63011,0.54144
reddit,pmp,flag,cosine,2,1,f78298d35797,1,0.32732,0.6388,0.55499
reddit,pmp,flag,cosine,2,1,f78298d35797,2,0.28066,0.65038,0.56728
reddit,pmp,flag,cosine,2,1,f78298d35797,3,0.26717,0.64381,0.55287
reddit,pmp,flag,cosine,2,1,f78298d35797,4,0.23622,0.63912,0.55206
reddit,pmp,flag,cosine,2,1,f78298d35797,5,0.20629,0.62122,0.5495
reddit,pmp,flag,cosine,3,0,d20d2cfc26fe,1,0.32773,0.64837,0.53902
reddit,pmp,flag,cosine,3,0,d20d2cfc26fe,2,0.28924,0.65823,0.55038
reddit,pmp,flag,cosine,3,0,d20d2cfc26fe,3,0.27158,0.64454,0.53655
reddit,pmp,flag,cosine,3,0,d20d2cfc26fe,4,0.24023,0.63278,0.53162
reddit,pmp,flag,cosine,3,0,d20d2cfc26fe,5,0.21413,0.6198,0.53976
reddit,pmp,flag,cosine,3,1,34af9f20767c,1,0.33548,0.63194,0.54896
reddit,pmp,flag,cosine,3,1,34af9f20767c,2,0.28974,0.65996,0.55204
reddit,pmp,flag,cosine,3,1,34af9f20767c,3,0.26792,0.62772,0.54062
reddit,pmp,flag,cosine,3,1,34af9f20767c,4,0.23601,0.60706,0.5217
reddit,pmp,flag,cosine,3,1,34af9f20767c,5,0.20783,0.61433,0.53668
instagram,bwgnn,flag,md_K2_matched,0,0,1416b24c2376,1,0.41718,0.5994,0.54949
instagram,bwgnn,flag,md_K2_matched,0,0,1416b24c2376,2,0.29521,0.61294,0.55294
instagram,bwgnn,flag,md_K2_matched,0,0,1416b24c2376,3,0.28114,0.60374,0.53268
instagram,bwgnn,flag,md_K2_matched,0,0,1416b24c2376,4,0.26675,0.59672,0.54511
instagram,bwgnn,flag,md_K2_matched,0,0,1416b24c2376,5,0.2512,0.6124,0.56579
instagram,bwgnn,flag,md_K2_matched,0,1,e7ac3f4b8bfe,1,0.38649,0.64764,0.54758
instagram,bwgnn,flag,md_K2_matched,0,1,e7ac3f4b8bfe,2,0.30071,0.61342,0.54451
instagram,bwgnn,flag,md_K2_matched,0,1,e7ac3f4b8bfe,3,0.31044,0.59784,0.5482
instagram,bwgnn,flag,md_K2_matched,0,1,e7ac3f4b8bfe,4,0.26699,0.60301,0.53803
instagram,bwgnn,flag,md_K2_matched,0,1,e7ac3f4b8bfe,5,0.25538,0.59611,0.53887
instagram,bwgnn,flag,md_K2_matched,1,0,ac9f86409c4e,1,0.54304,0.61111,0.56564
instagram,bwgnn,flag,md_K2_matched,1,0,ac9f86409c4e,2,0.29373,0.60018,0.55583
instagram,bwgnn,flag,md_K2_matched,1,0,ac9f86409c4e,3,0.27855,0.60105,0.54456
instagram,bwgnn,flag,md_K2_matched,1,0,ac9f86409c4e,4,0.26599,0.59686,0.54114
instagram,bwgnn,flag,md_K2_matched,1,0,ac9f86409c4e,5,0.25226,0.59628,0.53991
instagram,bwgnn,flag,md_K2_matched,1,1,e45478baab40,1,0.59606,0.59572,0.54161
instagram,bwgnn,flag,md_K2_matched,1,1,e45478baab40,2,0.29173,0.61268,0.55496
instagram,bwgnn,flag,md_K2_matched,1,1,e45478baab40,3,0.27841,0.60587,0.56097
instagram,bwgnn,flag,md_K2_matched,1,1,e45478baab40,4,0.26616,0.59778,0.54411
instagram,bwgnn,flag,md_K2_matched,1,1,e45478baab40,5,0.25272,0.59424,0.54511
instagram,bwgnn,flag,md_K2_matched,2,0,94d7a78481a8,1,0.36833,0.57766,0.54758
instagram,bwgnn,flag,md_K2_matched,2,0,94d7a78481a8,2,0.29258,0.59961,0.53173
instagram,bwgnn,flag,md_K2_matched,2,0,94d7a78481a8,3,0.27865,0.60084,0.54623
instagram,bwgnn,flag,md_K2_matched,2,0,94d7a78481a8,4,0.26678,0.58976,0.54601
instagram,bwgnn,flag,md_K2_matched,2,0,94d7a78481a8,5,0.25446,0.5848,0.53324
instagram,bwgnn,flag,md_K2_matched,2,1,91beba8cc3d5,1,0.3741,0.58603,0.52761
instagram,bwgnn,flag,md_K2_matched,2,1,91beba8cc3d5,2,0.29288,0.61227,0.54942
instagram,bwgnn,flag,md_K2_matched,2,1,91beba8cc3d5,3,0.27724,0.6113,0.56916
instagram,bwgnn,flag,md_K2_matched,2,1,91beba8cc3d5,4,0.26422,0.59454,0.56693
instagram,bwgnn,flag,md_K2_matched,2,1,91beba8cc3d5,5,0.25206,0.59691,0.53992
instagram,bwgnn,flag,md_K2_matched,3,0,72cac81d76fb,1,0.37617,0.60542,0.55496
instagram,bwgnn,flag,md_K2_matched,3,0,72cac81d76fb,2,0.29277,0.60915,0.54631
instagram,bwgnn,flag,md_K2_matched,3,0,72cac81d76fb,3,0.27852,0.60809,0.54831
instagram,bwgnn,flag,md_K2_matched,3,0,72cac81d76fb,4,0.26825,0.6034,0.54411
instagram,bwgnn,flag,md_K2_matched,3,0,72cac81d76fb,5,0.25771,0.59089,0.53824
instagram,bwgnn,flag,md_K2_matched,3,1,c97543acdb28,1,0.38546,0.63893,0.57574
instagram,bwgnn,flag,md_K2_matched,3,1,c97543acdb28,2,0.30873,0.61442,0.54831
instagram,bwgnn,flag,md_K2_matched,3,1,c97543acdb28,3,0.2799,0.60917,0.53887
instagram,bwgnn,flag,md_K2_matched,3,1,c97543acdb28,4,0.269,0.60465,0.54411
instagram,bwgnn,flag,md_K2_matched,3,1,c97543acdb28,5,0.25797,0.59072,0.54511
instagram,care_gnn,flag,md_K2_matched,0,0,67b8652853dd,1,0.34911,0.66753,0.55478
instagram,care_gnn,flag,md_K2_matched,0,0,67b8652853dd,2,0.30064,0.66434,0.57494
instagram,care_gnn,flag,md_K2_matched,0,0,67b8652853dd,3,0.29971,0.64689,0.56548
instagram,care_gnn,flag,md_K2_matched,0,0,67b8652853dd,4,0.28264,0.61669,0.57739
instagram,care_gnn,flag,md_K2_matched,0,0,67b8652853dd,5,0.27054,0.60301,0.57861
instagram,care_gnn,flag,md_K2_matched,0,1,ad89a484b7cc,1,0.34844,0.65035,0.55729
instagram,care_gnn,flag,md_K2_matched,0,1,ad89a484b7cc,2,0.30171,0.64497,0.55799
instagram,care_gnn,flag,md_K2_matched,0,1,ad89a484b7cc,3,0.30101,0.63248,0.55259
instagram,care_gnn,flag,md_K2_matched,0,1,ad89a484b7cc,4,0.28327,0.59903,0.56803
instagram,care_gnn,flag,md_K2_matched,0,1,ad89a484b7cc,5,0.27162,0.57298,0.5596
instagram,care_gnn,flag,md_K2_matched,1,0,c40ef1bb07e9,1,0.35784,0.65755,0.55664
instagram,care_gnn,flag,md_K2_matched,1,0,c40ef1bb07e9,2,0.29384,0.65501,0.5784
instagram,care_gnn,flag,md_K2_matched,1,0,c40ef1bb07e9,3,0.28883,0.62958,0.54831
instagram,care_gnn,flag,md_K2_matched,1,0,c40ef1bb07e9,4,0.27883,0.59961,0.56494
instagram,care_gnn,flag,md_K2_matched,1,0,c40ef1bb07e9,5,0.26362,0.57614,0.56861
instagram,care_gnn,flag,md_K2_matched,1,1,96d730c2ab9e,1,0.36002,0.6476,0.56638
instagram,care_gnn,flag,md_K2_matched,1,1,96d730c2ab9e,2,0.29566,0.63631,0.55319
instagram,care_gnn,flag,md_K2_matched,1,1,96d730c2ab9e,3,0.28895,0.60848,0.56213
instagram,care_gnn,flag,md_K2_matched,1,1,96d730c2ab9e,4,0.28087,0.58274,0.56295
instagram,care_gnn,flag,md_K2_matched,1,1,96d730c2ab9e,5,0.26366,0.56323,0.57152
instagram,care_gnn,flag,md_K2_matched,2,0,fd27e3886864,1,0.35785,0.66528,0.57686
instagram,care_gnn,flag,md_K2_matched,2,0,fd27e3886864,2,0.29753,0.65968,0.57094
instagram,care_gnn,flag,md_K2_matched,2,0,fd27e3886864,3,0.28995,0.63785,0.5636
instagram,care_gnn,flag,md_K2_matched,2,0,fd27e3886864,4,0.28035,0.61338,0.56272
instagram,care_gnn,flag,md_K2_matched,2,0,fd27e3886864,5,0.27129,0.60303,0.58273
instagram,care_gnn,flag,md_K2_matched,2,1,28c7496719b6,1,0.3556,0.65499,0.56536
instagram,care_gnn,flag,md_K2_matched,2,1,28c7496719b6,2,0.29727,0.64731,0.558
instagram,care_gnn,flag,md_K2_matched,2,1,28c7496719b6,3,0.29024,0.62554,0.55465
instagram,care_gnn,flag,md_K2_matched,2,1,28c7496719b6,4,0.27973,0.5892,0.55068
instagram,care_gnn,flag,md_K2_matched,2,1,28c7496719b6,5,0.26971,0.59339,0.56587
instagram,care_gnn,flag,md_K2_matched,3,0,c54e8a010bed,1,0.34183,0.67236,0.59788
instagram,care_gnn,flag,md_K2_matched,3,0,c54e8a010bed,2,0.29924,0.65526,0.575
instagram,care_gnn,flag,md_K2_matched,3,0,c54e8a010bed,3,0.29066,0.64924,0.56213
instagram,care_gnn,flag,md_K2_matched,3,0,c54e8a010bed,4,0.2905,0.62169,0.58411
instagram,care_gnn,flag,md_K2_matched,3,0,c54e8a010bed,5,0.28048,0.6019,0.58491
instagram,care_gnn,flag,md_K2_matched,3,1,76ba5a8feab7,1,0.34524,0.6572,0.57261
instagram,care_gnn,flag,md_K2_matched,3,1,76ba5a8feab7,2,0.29974,0.64297,0.5614
instagram,care_gnn,flag,md_K2_matched,3,1,76ba5a8feab7,3,0.29316,0.63325,0.55102
instagram,care_gnn,flag,md_K2_matched,3,1,76ba5a8feab7,4,0.28804,0.61019,0.56579
instagram,care_gnn,flag,md_K2_matched,3,1,76ba5a8feab7,5,0.27609,0.56065,0.56272
instagram,dga_gnn,flag,md_K2_matched,0,0,605f5c68d63e,1,0.32664,0.63071,0.54085
instagram,dga_gnn,flag,md_K2_matched,0,0,605f5c68d63e,2,0.31069,0.57025,0.53886
instagram,dga_gnn,flag,md_K2_matched,0,0,605f5c68d63e,3,0.31408,0.61904,0.53929
instagram,dga_gnn,flag,md_K2_matched,0,0,605f5c68d63e,4,0.30331,0.6002,0.55596
instagram,dga_gnn,flag,md_K2_matched,0,0,605f5c68d63e,5,0.2635,0.60101,0.53808
instagram,dga_gnn,flag,md_K2_matched,0,1,1b0650e77de5,1,0.32789,0.62183,0.54442
instagram,dga_gnn,flag,md_K2_matched,0,1,1b0650e77de5,2,0.30539,0.52333,0.51966
instagram,dga_gnn,flag,md_K2_matched,0,1,1b0650e77de5,3,0.30707,0.59272,0.54273
instagram,dga_gnn,flag,md_K2_matched,0,1,1b0650e77de5,4,0.30044,0.56389,0.52418
instagram,dga_gnn,flag,md_K2_matched,0,1,1b0650e77de5,5,0.27922,0.5661,0.53733
instagram,dga_gnn,flag,md_K2_matched,1,0,5b31fcef772e,1,0.34834,0.62727,0.57997
instagram,dga_gnn,flag,md_K2_matched,1,0,5b31fcef772e,2,0.29851,0.60074,0.53146
instagram,dga_gnn,flag,md_K2_matched,1,0,5b31fcef772e,3,0.30349,0.56757,0.54358
instagram,dga_gnn,flag,md_K2_matched,1,0,5b31fcef772e,4,0.28118,0.45522,0.485
instagram,dga_gnn,flag,md_K2_matched,1,0,5b31fcef772e,5,0.26604,0.59297,0.56445
instagram,dga_gnn,flag,md_K2_matched,1,1,23cf32dbb2f9,1,0.34439,0.61873,0.53802
instagram,dga_gnn,flag,md_K2_matched,1,1,23cf32dbb2f9,2,0.30532,0.61667,0.55909
instagram,dga_gnn,flag,md_K2_matched,1,1,23cf32dbb2f9,3,0.30494,0.59603,0.54533
instagram,dga_gnn,flag,md_K2_matched,1,1,23cf32dbb2f9,4,0.30168,0.58692,0.54893
instagram,dga_gnn,flag,md_K2_matched,1,1,23cf32dbb2f9,5,0.28758,0.56352,0.53395
instagram,dga_gnn,flag,md_K2_matched,2,0,7d996c0c7a9f,1,0.35546,0.58362,0.47625
instagram,dga_gnn,flag,md_K2_matched,2,0,7d996c0c7a9f,2,0.311,0.61452,0.56169
instagram,dga_gnn,flag,md_K2_matched,2,0,7d996c0c7a9f,3,0.28511,0.58001,0.535
instagram,dga_gnn,flag,md_K2_matched,2,0,7d996c0c7a9f,4,0.27673,0.52632,0.54949
instagram,dga_gnn,flag,md_K2_matched,2,0,7d996c0c7a9f,5,0.26402,0.56746,0.5445
instagram,dga_gnn,flag,md_K2_matched,2,1,bdc20955cb2f,1,0.34477,0.622,0.56893
instagram,dga_gnn,flag,md_K2_matched,2,1,bdc20955cb2f,2,0.31077,0.60561,0.53822
instagram,dga_gnn,flag,md_K2_matched,2,1,bdc20955cb2f,3,0.29144,0.59768,0.5392
instagram,dga_gnn,flag,md_K2_matched,2,1,bdc20955cb2f,4,0.2862,0.5528,0.51674
instagram,dga_gnn,flag,md_K2_matched,2,1,bdc20955cb2f,5,0.27268,0.58889,0.5464
instagram,dga_gnn,flag,md_K2_matched,3,0,0e833cb8847a,1,0.33398,0.62623,0.53401
instagram,dga_gnn,flag,md_K2_matched,3,0,0e833cb8847a,2,0.3104,0.6143,0.54511
instagram,dga_gnn,flag,md_K2_matched,3,0,0e833cb8847a,3,0.29825,0.62102,0.57006
instagram,dga_gnn,flag,md_K2_matched,3,0,0e833cb8847a,4,0.291,0.58612,0.54066
instagram,dga_gnn,flag,md_K2_matched,3,0,0e833cb8847a,5,0.28651,0.58156,0.54441
instagram,dga_gnn,flag,md_K2_matched,3,1,172271324039,1,0.33416,0.63468,0.53228
instagram,dga_gnn,flag,md_K2_matched,3,1,172271324039,2,0.30504,0.61352,0.54967
instagram,dga_gnn,flag,md_K2_matched,3,1,172271324039,3,0.30277,0.62346,0.54737
instagram,dga_gnn,flag,md_K2_matched,3,1,172271324039,4,0.2971,0.59686,0.52667
instagram,dga_gnn,flag,md_K2_matched,3,1,172271324039,5,0.28168,0.59924,0.55579
instagram,gat,flag,md_K2_matched,0,0,747dea3bd678,1,0.3286,0.64177,0.55828
instagram,gat,flag,md_K2_matched,0,0,747dea3bd678,2,0.3172,0.54407,0.55488
instagram,gat,flag,md_K2_matched,0,0,747dea3bd678,3,0.29772,0.62127,0.58498
instagram,gat,flag,md_K2_matched,0,0,747dea3bd678,4,0.3049,0.54436,0.55024
instagram,gat,flag,md_K2_matched,0,0,747dea3bd678,5,0.26879,0.55494,0.53141
instagram,gat,flag,md_K2_matched,0,1,9e9d3183319f,1,0.33734,0.61881,0.53966
instagram,gat,flag,md_K2_matched,0,1,9e9d3183319f,2,0.30757,0.43054,0.526
instagram,gat,flag,md_K2_matched,0,1,9e9d3183319f,3,0.31105,0.59709,0.56009
instagram,gat,flag,md_K2_matched,0,1,9e9d3183319f,4,0.30964,0.54896,0.53636
instagram,gat,flag,md_K2_matched,0,1,9e9d3183319f,5,0.26669,0.54353,0.51541
instagram,gat,flag,md_K2_matched,1,0,0e3b8990555f,1,0.3621,0.64176,0.55277
instagram,gat,flag,md_K2_matched,1,0,0e3b8990555f,2,0.316,0.62456,0.56967
instagram,gat,flag,md_K2_matched,1,0,0e3b8990555f,3,0.30594,0.61336,0.54331
instagram,gat,flag,md_K2_matched,1,0,0e3b8990555f,4,0.30109,0.52651,0.51218
instagram,gat,flag,md_K2_matched,1,0,0e3b8990555f,5,0.28153,0.56244,0.52992
instagram,gat,flag,md_K2_matched,1,1,ea9ca1acc933,1,0.36701,0.63275,0.5232
instagram,gat,flag,md_K2_matched,1,1,ea9ca1acc933,2,0.31933,0.60422,0.55246
instagram,gat,flag,md_K2_matched,1,1,ea9ca1acc933,3,0.31953,0.6205,0.5426
instagram,gat,flag,md_K2_matched,1,1,ea9ca1acc933,4,0.31438,0.54142,0.51041
instagram,gat,flag,md_K2_matched,1,1,ea9ca1acc933,5,0.2772,0.57602,0.56425
instagram,gat,flag,md_K2_matched,2,0,cacc8f6d8f02,1,0.37094,0.60569,0.55917
instagram,gat,flag,md_K2_matched,2,0,cacc8f6d8f02,2,0.32539,0.5771,0.52482
instagram,gat,flag,md_K2_matched,2,0,cacc8f6d8f02,3,0.31241,0.59355,0.5175
instagram,gat,flag,md_K2_matched,2,0,cacc8f6d8f02,4,0.29191,0.53751,0.52748
instagram,gat,flag,md_K2_matched,2,0,cacc8f6d8f02,5,0.28288,0.59574,0.55488
instagram,gat,flag,md_K2_matched,2,1,f977135907da,1,0.37341,0.52684,0.51803
instagram,gat,flag,md_K2_matched,2,1,f977135907da,2,0.32642,0.60086,0.53369
instagram,gat,flag,md_K2_matched,2,1,f977135907da,3,0.31594,0.54224,0.5141
instagram,gat,flag,md_K2_matched,2,1,f977135907da,4,0.29158,0.57335,0.53088
instagram,gat,flag,md_K2_matched,2,1,f977135907da,5,0.28292,0.59482,0.55127
instagram,gat,flag,md_K2_matched,3,0,8b1af64b8bf1,1,0.33468,0.6235,0.54274
instagram,gat,flag,md_K2_matched,3,0,8b1af64b8bf1,2,0.32399,0.63081,0.55453
instagram,gat,flag,md_K2_matched,3,0,8b1af64b8bf1,3,0.28531,0.64712,0.56579
instagram,gat,flag,md_K2_matched,3,0,8b1af64b8bf1,4,0.3059,0.56415,0.54017
instagram,gat,flag,md_K2_matched,3,0,8b1af64b8bf1,5,0.28588,0.47784,0.51912
instagram,gat,flag,md_K2_matched,3,1,101afb3eead1,1,0.33966,0.63473,0.53693
instagram,gat,flag,md_K2_matched,3,1,101afb3eead1,2,0.32186,0.61219,0.54351
instagram,gat,flag,md_K2_matched,3,1,101afb3eead1,3,0.29345,0.57772,0.51911
instagram,gat,flag,md_K2_matched,3,1,101afb3eead1,4,0.28955,0.51966,0.51438
instagram,gat,flag,md_K2_matched,3,1,101afb3eead1,5,0.27416,0.48205,0.52554
instagram,gcn,flag,md_K2_matched,0,0,7a16eaefab7f,1,0.32384,0.67038,0.56242
instagram,gcn,flag,md_K2_matched,0,0,7a16eaefab7f,2,0.28706,0.64479,0.58237
instagram,gcn,flag,md_K2_matched,0,0,7a16eaefab7f,3,0.27675,0.63889,0.57391
instagram,gcn,flag,md_K2_matched,0,0,7a16eaefab7f,4,0.25856,0.61475,0.5776
instagram,gcn,flag,md_K2_matched,0,0,7a16eaefab7f,5,0.23679,0.61979,0.57636
instagram,gcn,flag,md_K2_matched,0,1,66352609e386,1,0.32582,0.66871,0.56579
instagram,gcn,flag,md_K2_matched,0,1,66352609e386,2,0.29165,0.64466,0.57464
instagram,gcn,flag,md_K2_matched,0,1,66352609e386,3,0.27719,0.64589,0.58235
instagram,gcn,flag,md_K2_matched,0,1,66352609e386,4,0.2602,0.61444,0.57861
instagram,gcn,flag,md_K2_matched,0,1,66352609e386,5,0.23801,0.6119,0.56169
instagram,gcn,flag,md_K2_matched,1,0,d94afbd94786,1,0.34436,0.67194,0.59086
instagram,gcn,flag,md_K2_matched,1,0,d94afbd94786,2,0.28168,0.65339,0.5908
instagram,gcn,flag,md_K2_matched,1,0,d94afbd94786,3,0.27138,0.63418,0.58622
instagram,gcn,flag,md_K2_matched,1,0,d94afbd94786,4,0.25709,0.61794,0.57636
instagram,gcn,flag,md_K2_matched,1,0,d94afbd94786,5,0.23501,0.613,0.56908
instagram,gcn,flag,md_K2_matched,1,1,8343585c5a19,1,0.34838,0.67063,0.592
instagram,gcn,flag,md_K2_matched,1,1,8343585c5a19,2,0.287,0.65672,0.59295
instagram,gcn,flag,md_K2_matched,1,1,8343585c5a19,3,0.27318,0.63391,0.57984
instagram,gcn,flag,md_K2_matched,1,1,8343585c5a19,4,0.25982,0.62065,0.57401
instagram,gcn,flag,md_K2_matched,1,1,8343585c5a19,5,0.23854,0.61263,0.57023
instagram,gcn,flag,md_K2_matched,2,0,494fdd49cd1a,1,0.32556,0.65872,0.56395
instagram,gcn,flag,md_K2_matched,2,0,494fdd49cd1a,2,0.27916,0.64681,0.56897
instagram,gcn,flag,md_K2_matched,2,0,494fdd49cd1a,3,0.26928,0.6174,0.57603
instagram,gcn,flag,md_K2_matched,2,0,494fdd49cd1a,4,0.24666,0.6124,0.56975
instagram,gcn,flag,md_K2_matched,2,0,494fdd49cd1a,5,0.23651,0.61134,0.55319
instagram,gcn,flag,md_K2_matched,2,1,e4e4e3b3b153,1,0.32385,0.65932,0.56971
instagram,gcn,flag,md_K2_matched,2,1,e4e4e3b3b153,2,0.2814,0.65766,0.57073
instagram,gcn,flag,md_K2_matched,2,1,e4e4e3b3b153,3,0.2679,0.62,0.57095
instagram,gcn,flag,md_K2_matched,2,1,e4e4e3b3b153,4,0.25396,0.61923,0.5653
instagram,gcn,flag,md_K2_matched,2,1,e4e4e3b3b153,5,0.23654,0.62829,0.58183
instagram,gcn,flag,md_K2_matched,3,0,8ad7f67ac3dd,1,0.32768,0.67944,0.57668
instagram,gcn,flag,md_K2_matched,3,0,8ad7f67ac3dd,2,0.28386,0.65151,0.57119
instagram,gcn,flag,md_K2_matched,3,0,8ad7f67ac3dd,3,0.27663,0.65205,0.57152
instagram,gcn,flag,md_K2_matched,3,0,8ad7f67ac3dd,4,0.24846,0.62677,0.57095
instagram,gcn,flag,md_K2_matched,3,0,8ad7f67ac3dd,5,0.24591,0.60873,0.55349
instagram,gcn,flag,md_K2_matched,3,1,1919c31c63e7,1,0.32989,0.67763,0.57132
instagram,gcn,flag,md_K2_matched,3,1,1919c31c63e7,2,0.28825,0.6463,0.57127
instagram,gcn,flag,md_K2_matched,3,1,1919c31c63e7,3,0.27341,0.6512,0.58363
instagram,gcn,flag,md_K2_matched,3,1,1919c31c63e7,4,0.26038,0.62842,0.58176
instagram,gcn,flag,md_K2_matched,3,1,1919c31c63e7,5,0.24457,0.61315,0.56688
instagram,geniepath,flag,md_K2_matched,0,0,9c81a2baf0f2,1,0.34787,0.60744,0.49027
instagram,geniepath,flag,md_K2_matched,0,0,9c81a2baf0f2,2,0.30234,0.59893,0.54311
instagram,geniepath,flag,md_K2_matched,0,0,9c81a2baf0f2,3,0.28499,0.59272,0.53597
instagram,geniepath,flag,md_K2_matched,0,0,9c81a2baf0f2,4,0.30363,0.58158,0.54656
instagram,geniepath,flag,md_K2_matched,0,0,9c81a2baf0f2,5,0.27334,0.57289,0.52482
instagram,geniepath,flag,md_K2_matched,0,1,c5083d6b8204,1,0.401,0.5787,0.50182
instagram,geniepath,flag,md_K2_matched,0,1,c5083d6b8204,2,0.32093,0.57949,0.52384
instagram,geniepath,flag,md_K2_matched,0,1,c5083d6b8204,3,0.31317,0.60013,0.52627
instagram,geniepath,flag,md_K2_matched,0,1,c5083d6b8204,4,0.29053,0.57541,0.5373
instagram,geniepath,flag,md_K2_matched,0,1,c5083d6b8204,5,0.26482,0.58197,0.5167
instagram,geniepath,flag,md_K2_matched,1,0,b86f2510986a,1,0.37084,0.60176,0.53707
instagram,geniepath,flag,md_K2_matched,1,0,b86f2510986a,2,0.30476,0.58855,0.53404
instagram,geniepath,flag,md_K2_matched,1,0,b86f2510986a,3,0.28473,0.5821,0.51641
instagram,geniepath,flag,md_K2_matched,1,0,b86f2510986a,4,0.29837,0.57295,0.5263
instagram,geniepath,flag,md_K2_matched,1,0,b86f2510986a,5,0.24926,0.57455,0.52587
instagram,geniepath,flag,md_K2_matched,1,1,37cbf8f719a9,1,0.38052,0.60372,0.52149
instagram,geniepath,flag,md_K2_matched,1,1,37cbf8f719a9,2,0.30457,0.5868,0.54078
instagram,geniepath,flag,md_K2_matched,1,1,37cbf8f719a9,3,0.28533,0.57972,0.52139
instagram,geniepath,flag,md_K2_matched,1,1,37cbf8f719a9,4,0.30144,0.5715,0.51454
instagram,geniepath,flag,md_K2_matched,1,1,37cbf8f719a9,5,0.24923,0.57197,0.52225
instagram,geniepath,flag,md_K2_matched,2,0,99cbb1160f3b,1,0.36787,0.60749,0.54566
instagram,geniepath,flag,md_K2_matched,2,0,99cbb1160f3b,2,0.29528,0.59126,0.53228
instagram,geniepath,flag,md_K2_matched,2,0,99cbb1160f3b,3,0.29072,0.57498,0.53228
instagram,geniepath,flag,md_K2_matched,2,0,99cbb1160f3b,4,0.26354,0.56213,0.54266
instagram,geniepath,flag,md_K2_matched,2,0,99cbb1160f3b,5,0.26577,0.5604,0.51511
instagram,geniepath,flag,md_K2_matched,2,1,192b467dc918,1,0.37283,0.59003,0.54792
instagram,geniepath,flag,md_K2_matched,2,1,192b467dc918,2,0.29984,0.58785,0.51485
instagram,geniepath,flag,md_K2_matched,2,1,192b467dc918,3,0.28952,0.56998,0.5252
instagram,geniepath,flag,md_K2_matched,2,1,192b467dc918,4,0.26106,0.55625,0.51983
instagram,geniepath,flag,md_K2_matched,2,1,192b467dc918,5,0.26058,0.55057,0.50858
instagram,geniepath,flag,md_K2_matched,3,0,24d0ee2e705d,1,0.36131,0.634,0.49914
instagram,geniepath,flag,md_K2_matched,3,0,24d0ee2e705d,2,0.30748,0.59153,0.52077
instagram,geniepath,flag,md_K2_matched,3,0,24d0ee2e705d,3,0.27426,0.58122,0.52824
instagram,geniepath,flag,md_K2_matched,3,0,24d0ee2e705d,4,0.2663,0.56892,0.51458
instagram,geniepath,flag,md_K2_matched,3,0,24d0ee2e705d,5,0.27839,0.56639,0.51623
instagram,geniepath,flag,md_K2_matched,3,1,8217fcf8a981,1,0.34178,0.62867,0.53083
instagram,geniepath,flag,md_K2_matched,3,1,8217fcf8a981,2,0.29445,0.59455,0.50349
instagram,geniepath,flag,md_K2_matched,3,1,8217fcf8a981,3,0.28382,0.59486,0.51139
instagram,geniepath,flag,md_K2_matched,3,1,8217fcf8a981,4,0.26296,0.57281,0.52289
instagram,geniepath,flag,md_K2_matched,3,1,8217fcf8a981,5,0.25832,0.56333,0.51662
instagram,pmp,flag,md_K2_matched,0,0,5a8807e648df,1,0.3376,0.64252,0.55406
instagram,pmp,flag,md_K2_matched,0,0,5a8807e648df,2,0.30028,0.61794,0.56469
instagram,pmp,flag,md_K2_matched,0,0,5a8807e648df,3,0.29141,0.63839,0.57585
instagram,pmp,flag,md_K2_matched,0,0,5a8807e648df,4,0.28519,0.59245,0.55801
instagram,pmp,flag,md_K2_matched,0,0,5a8807e648df,5,0.26231,0.57793,0.56693
instagram,pmp,flag,md_K2_matched,0,1,f6019bfc3606,1,0.3393,0.65676,0.55997
instagram,pmp,flag,md_K2_matched,0,1,f6019bfc3606,2,0.3032,0.62002,0.57492
instagram,pmp,flag,md_K2_matched,0,1,f6019bfc3606,3,0.3035,0.62475,0.56658
instagram,pmp,flag,md_K2_matched,0,1,f6019bfc3606,4,0.26368,0.55781,0.54456
instagram,pmp,flag,md_K2_matched,0,1,f6019bfc3606,5,0.25132,0.57329,0.55741
instagram,pmp,flag,md_K2_matched,1,0,9dd987b8466f,1,0.35195,0.65993,0.55406
instagram,pmp,flag,md_K2_matched,1,0,9dd987b8466f,2,0.29275,0.6385,0.56575
instagram,pmp,flag,md_K2_matched,1,0,9dd987b8466f,3,0.27803,0.58039,0.56371
instagram,pmp,flag,md_K2_matched,1,0,9dd987b8466f,4,0.26242,0.56569,0.55173
instagram,pmp,flag,md_K2_matched,1,0,9dd987b8466f,5,0.24285,0.55902,0.53693
instagram,pmp,flag,md_K2_matched,1,1,48859d54fc7e,1,0.3644,0.62712,0.56629
instagram,pmp,flag,md_K2_matched,1,1,48859d54fc7e,2,0.29287,0.61831,0.56169
instagram,pmp,flag,md_K2_matched,1,1,48859d54fc7e,3,0.27352,0.57745,0.56494
instagram,pmp,flag,md_K2_matched,1,1,48859d54fc7e,4,0.25415,0.57287,0.5571
instagram,pmp,flag,md_K2_matched,1,1,48859d54fc7e,5,0.22325,0.56568,0.53989
instagram,pmp,flag,md_K2_matched,2,0,749f6504e764,1,0.32905,0.66303,0.56494
instagram,pmp,flag,md_K2_matched,2,0,749f6504e764,2,0.29329,0.63527,0.56965
instagram,pmp,flag,md_K2_matched,2,0,749f6504e764,3,0.2848,0.60951,0.55522
instagram,pmp,flag,md_K2_matched,2,0,749f6504e764,4,0.26124,0.559,0.55401
instagram,pmp,flag,md_K2_matched,2,0,749f6504e764,5,0.26108,0.56565,0.55813
instagram,pmp,flag,md_K2_matched,2,1,7ecc7c8d127a,1,0.34077,0.61125,0.55246
instagram,pmp,flag,md_K2_matched,2,1,7ecc7c8d127a,2,0.29879,0.61198,0.56169
instagram,pmp,flag,md_K2_matched,2,1,7ecc7c8d127a,3,0.2683,0.58483,0.56455
instagram,pmp,flag,md_K2_matched,2,1,7ecc7c8d127a,4,0.25217,0.55756,0.54865
instagram,pmp,flag,md_K2_matched,2,1,7ecc7c8d127a,5,0.239,0.57585,0.54195
instagram,pmp,flag,md_K2_matched,3,0,b17a11be11f8,1,0.3367,0.65461,0.56994
instagram,pmp,flag,md_K2_matched,3,0,b17a11be11f8,2,0.29954,0.64183,0.59138
instagram,pmp,flag,md_K2_matched,3,0,b17a11be11f8,3,0.28124,0.62944,0.55496
instagram,pmp,flag,md_K2_matched,3,0,b17a11be11f8,4,0.26783,0.576,0.53811
instagram,pmp,flag,md_K2_matched,3,0,b17a11be11f8,5,0.254,0.57033,0.54093
instagram,pmp,flag,md_K2_matched,3,1,6397e6b225e6,1,0.34356,0.65409,0.5703
instagram,pmp,flag,md_K2_matched,3,1,6397e6b225e6,2,0.29117,0.62562,0.56673
instagram,pmp,flag,md_K2_matched,3,1,6397e6b225e6,3,0.27854,0.62121,0.5632
instagram,pmp,flag,md_K2_matched,3,1,6397e6b225e6,4,0.25597,0.57487,0.55518
instagram,pmp,flag,md_K2_matched,3,1,6397e6b225e6,5,0.25228,0.55413,0.5383
reddit,bwgnn,flag,md_K2_matched,0,0,0bf2ed950f6c,1,0.348,0.59511,0.53675
reddit,bwgnn,flag,md_K2_matched,0,0,0bf2ed950f6c,2,0.27275,0.64052,0.56751
reddit,bwgnn,flag,md_K2_matched,0,0,0bf2ed950f6c,3,0.2561,0.59959,0.54598
reddit,bwgnn,flag,md_K2_matched,0,0,0bf2ed950f6c,4,0.22758,0.56844,0.55292
reddit,bwgnn,flag,md_K2_matched,0,0,0bf2ed950f6c,5,0.21832,0.56336,0.53884
reddit,bwgnn,flag,md_K2_matched,0,1,69adffa4536c,1,0.35229,0.62529,0.55979
reddit,bwgnn,flag,md_K2_matched,0,1,69adffa4536c,2,0.28566,0.66451,0.56182
reddit,bwgnn,flag,md_K2_matched,0,1,69adffa4536c,3,0.27281,0.61778,0.55582
reddit,bwgnn,flag,md_K2_matched,0,1,69adffa4536c,4,0.24077,0.58921,0.54379
reddit,bwgnn,flag,md_K2_matched,0,1,69adffa4536c,5,0.20478,0.55882,0.54159
reddit,bwgnn,flag,md_K2_matched,1,0,c2f61d1774f3,1,0.35379,0.61938,0.54519
reddit,bwgnn,flag,md_K2_matched,1,0,c2f61d1774f3,2,0.283,0.62639,0.55483
reddit,bwgnn,flag,md_K2_matched,1,0,c2f61d1774f3,3,0.25686,0.61612,0.55765
reddit,bwgnn,flag,md_K2_matched,1,0,c2f61d1774f3,4,0.25553,0.58911,0.54213
reddit,bwgnn,flag,md_K2_matched,1,0,c2f61d1774f3,5,0.23587,0.60279,0.54059
reddit,bwgnn,flag,md_K2_matched,1,1,07fe0e91c35a,1,0.34712,0.63427,0.54495
reddit,bwgnn,flag,md_K2_matched,1,1,07fe0e91c35a,2,0.28746,0.61119,0.57226
reddit,bwgnn,flag,md_K2_matched,1,1,07fe0e91c35a,3,0.2842,0.61333,0.56771
reddit,bwgnn,flag,md_K2_matched,1,1,07fe0e91c35a,4,0.255,0.61386,0.55894
reddit,bwgnn,flag,md_K2_matched,1,1,07fe0e91c35a,5,0.23415,0.59634,0.5618
reddit,bwgnn,flag,md_K2_matched,2,0,c3298b5ec57d,1,0.32387,0.619,0.54968
reddit,bwgnn,flag,md_K2_matched,2,0,c3298b5ec57d,2,0.29226,0.61549,0.54866
reddit,bwgnn,flag,md_K2_matched,2,0,c3298b5ec57d,3,0.26778,0.61958,0.55487
reddit,bwgnn,flag,md_K2_matched,2,0,c3298b5ec57d,4,0.22927,0.65751,0.57092
reddit,bwgnn,flag,md_K2_matched,2,0,c3298b5ec57d,5,0.20244,0.62769,0.55397
reddit,bwgnn,flag,md_K2_matched,2,1,29639ea26f4c,1,0.32212,0.61516,0.55686
reddit,bwgnn,flag,md_K2_matched,2,1,29639ea26f4c,2,0.27863,0.58494,0.5355
reddit,bwgnn,flag,md_K2_matched,2,1,29639ea26f4c,3,0.26708,0.62752,0.56021
reddit,bwgnn,flag,md_K2_matched,2,1,29639ea26f4c,4,0.24351,0.63639,0.57105
reddit,bwgnn,flag,md_K2_matched,2,1,29639ea26f4c,5,0.21929,0.64187,0.57646
reddit,bwgnn,flag,md_K2_matched,3,0,6c66aeaea7a4,1,0.33611,0.57611,0.54063
reddit,bwgnn,flag,md_K2_matched,3,0,6c66aeaea7a4,2,0.28187,0.66807,0.59454
reddit,bwgnn,flag,md_K2_matched,3,0,6c66aeaea7a4,3,0.26646,0.64577,0.5635
reddit,bwgnn,flag,md_K2_matched,3,0,6c66aeaea7a4,4,0.22704,0.62117,0.55485
reddit,bwgnn,flag,md_K2_matched,3,0,6c66aeaea7a4,5,0.19845,0.60888,0.56802
reddit,bwgnn,flag,md_K2_matched,3,1,630395738c45,1,0.34139,0.60759,0.56547
reddit,bwgnn,flag,md_K2_matched,3,1,630395738c45,2,0.28199,0.64637,0.56657
reddit,bwgnn,flag,md_K2_matched,3,1,630395738c45,3,0.2672,0.60913,0.55613
reddit,bwgnn,flag,md_K2_matched,3,1,630395738c45,4,0.24305,0.60334,0.55425
reddit,bwgnn,flag,md_K2_matched,3,1,630395738c45,5,0.22412,0.58967,0.57002
reddit,care_gnn,flag,md_K2_matched,0,0,5a1f70c709a8,1,0.33489,0.64499,0.52811
reddit,care_gnn,flag,md_K2_matched,0,0,5a1f70c709a8,2,0.28686,0.66421,0.53824
reddit,care_gnn,flag,md_K2_matched,0,0,5a1f70c709a8,3,0.26762,0.66665,0.54283
reddit,care_gnn,flag,md_K2_matched,0,0,5a1f70c709a8,4,0.2455,0.64609,0.53387
reddit,care_gnn,flag,md_K2_matched,0,0,5a1f70c709a8,5,0.22141,0.64334,0.53236
reddit,care_gnn,flag,md_K2_matched,0,1,1c29d4feb449,1,0.33264,0.64026,0.53034
reddit,care_gnn,flag,md_K2_matched,0,1,1c29d4feb449,2,0.28736,0.65733,0.54792
reddit,care_gnn,flag,md_K2_matched,0,1,1c29d4feb449,3,0.2672,0.66155,0.53635
reddit,care_gnn,flag,md_K2_matched,0,1,1c29d4feb449,4,0.25132,0.65049,0.53384
reddit,care_gnn,flag,md_K2_matched,0,1,1c29d4feb449,5,0.23005,0.64046,0.52926
reddit,care_gnn,flag,md_K2_matched,1,0,3a86c987e645,1,0.33392,0.65416,0.54306
reddit,care_gnn,flag,md_K2_matched,1,0,3a86c987e645,2,0.28686,0.66355,0.55225
reddit,care_gnn,flag,md_K2_matched,1,0,3a86c987e645,3,0.26862,0.64842,0.533
reddit,care_gnn,flag,md_K2_matched,1,0,3a86c987e645,4,0.24621,0.64585,0.53923
reddit,care_gnn,flag,md_K2_matched,1,0,3a86c987e645,5,0.22984,0.6498,0.53851
reddit,care_gnn,flag,md_K2_matched,1,1,ee78a3b1552f,1,0.33352,0.65308,0.54101
reddit,care_gnn,flag,md_K2_matched,1,1,ee78a3b1552f,2,0.28478,0.65959,0.55383
reddit,care_gnn,flag,md_K2_matched,1,1,ee78a3b1552f,3,0.26818,0.63673,0.54009
reddit,care_gnn,flag,md_K2_matched,1,1,ee78a3b1552f,4,0.24831,0.62077,0.53934
reddit,care_gnn,flag,md_K2_matched,1,1,ee78a3b1552f,5,0.23409,0.64477,0.54627
reddit,care_gnn,flag,md_K2_matched,2,0,424f9b67e28f,1,0.33687,0.63594,0.54489
reddit,care_gnn,flag,md_K2_matched,2,0,424f9b67e28f,2,0.28569,0.65476,0.52864
reddit,care_gnn,flag,md_K2_matched,2,0,424f9b67e28f,3,0.26674,0.65669,0.53532
reddit,care_gnn,flag,md_K2_matched,2,0,424f9b67e28f,4,0.24362,0.65039,0.53763
reddit,care_gnn,flag,md_K2_matched,2,0,424f9b67e28f,5,0.21447,0.64044,0.53614
reddit,care_gnn,flag,md_K2_matched,2,1,e5102680dbc8,1,0.33225,0.63129,0.54076
reddit,care_gnn,flag,md_K2_matched,2,1,e5102680dbc8,2,0.28567,0.64655,0.52326
reddit,care_gnn,flag,md_K2_matched,2,1,e5102680dbc8,3,0.27156,0.65363,0.54638
reddit,care_gnn,flag,md_K2_matched,2,1,e5102680dbc8,4,0.25054,0.64536,0.54058
reddit,care_gnn,flag,md_K2_matched,2,1,e5102680dbc8,5,0.22813,0.64003,0.53177
reddit,care_gnn,flag,md_K2_matched,3,0,f82e0b542a14,1,0.33678,0.62675,0.54032
reddit,care_gnn,flag,md_K2_matched,3,0,f82e0b542a14,2,0.29171,0.66139,0.54481
reddit,care_gnn,flag,md_K2_matched,3,0,f82e0b542a14,3,0.27315,0.65553,0.54104
reddit,care_gnn,flag,md_K2_matched,3,0,f82e0b542a14,4,0.24515,0.63712,0.52932
reddit,care_gnn,flag,md_K2_matched,3,0,f82e0b542a14,5,0.22946,0.64851,0.53691
reddit,care_gnn,flag,md_K2_matched,3,1,686cc49016db,1,0.33774,0.63223,0.54485
reddit,care_gnn,flag,md_K2_matched,3,1,686cc49016db,2,0.29049,0.6585,0.54434
reddit,care_gnn,flag,md_K2_matched,3,1,686cc49016db,3,0.27297,0.63904,0.54155
reddit,care_gnn,flag,md_K2_matched,3,1,686cc49016db,4,0.24667,0.62388,0.51562
reddit,care_gnn,flag,md_K2_matched,3,1,686cc49016db,5,0.23418,0.63423,0.52747
reddit,dga_gnn,flag,md_K2_matched,0,0,f15414d806e0,1,0.32741,0.65283,0.52497
reddit,dga_gnn,flag,md_K2_matched,0,0,f15414d806e0,2,0.30031,0.6659,0.54119
reddit,dga_gnn,flag,md_K2_matched,0,0,f15414d806e0,3,0.28493,0.64467,0.54513
reddit,dga_gnn,flag,md_K2_matched,0,0,f15414d806e0,4,0.27103,0.64651,0.54456
reddit,dga_gnn,flag,md_K2_matched,0,0,f15414d806e0,5,0.24286,0.61154,0.5232
reddit,dga_gnn,flag,md_K2_matched,0,1,846e86d549a7,1,0.32445,0.63834,0.53643
reddit,dga_gnn,flag,md_K2_matched,0,1,846e86d549a7,2,0.31134,0.65505,0.54168
reddit,dga_gnn,flag,md_K2_matched,0,1,846e86d549a7,3,0.30163,0.62207,0.53303
reddit,dga_gnn,flag,md_K2_matched,0,1,846e86d549a7,4,0.27662,0.64443,0.54503
reddit,dga_gnn,flag,md_K2_matched,0,1,846e86d549a7,5,0.25264,0.63125,0.55102
reddit,dga_gnn,flag,md_K2_matched,1,0,ed8562d2a9c6,1,0.33384,0.65137,0.52029
reddit,dga_gnn,flag,md_K2_matched,1,0,ed8562d2a9c6,2,0.30809,0.67689,0.55017
reddit,dga_gnn,flag,md_K2_matched,1,0,ed8562d2a9c6,3,0.2949,0.65061,0.53343
reddit,dga_gnn,flag,md_K2_matched,1,0,ed8562d2a9c6,4,0.27211,0.62702,0.557
reddit,dga_gnn,flag,md_K2_matched,1,0,ed8562d2a9c6,5,0.25862,0.66005,0.54543
reddit,dga_gnn,flag,md_K2_matched,1,1,387c3b5ee94e,1,0.33453,0.65787,0.5401
reddit,dga_gnn,flag,md_K2_matched,1,1,387c3b5ee94e,2,0.30016,0.65937,0.53276
reddit,dga_gnn,flag,md_K2_matched,1,1,387c3b5ee94e,3,0.29601,0.65721,0.54471
reddit,dga_gnn,flag,md_K2_matched,1,1,387c3b5ee94e,4,0.2704,0.62837,0.54962
reddit,dga_gnn,flag,md_K2_matched,1,1,387c3b5ee94e,5,0.26501,0.66083,0.55704
reddit,dga_gnn,flag,md_K2_matched,2,0,37eb7e875ec3,1,0.32546,0.65824,0.50317
reddit,dga_gnn,flag,md_K2_matched,2,0,37eb7e875ec3,2,0.30358,0.62569,0.53286
reddit,dga_gnn,flag,md_K2_matched,2,0,37eb7e875ec3,3,0.27932,0.66221,0.54912
reddit,dga_gnn,flag,md_K2_matched,2,0,37eb7e875ec3,4,0.27264,0.63416,0.54484
reddit,dga_gnn,flag,md_K2_matched,2,0,37eb7e875ec3,5,0.25481,0.65595,0.54594
reddit,dga_gnn,flag,md_K2_matched,2,1,7c96f8df07b1,1,0.32918,0.64844,0.53155
reddit,dga_gnn,flag,md_K2_matched,2,1,7c96f8df07b1,2,0.30479,0.64316,0.53644
reddit,dga_gnn,flag,md_K2_matched,2,1,7c96f8df07b1,3,0.28347,0.63518,0.5446
reddit,dga_gnn,flag,md_K2_matched,2,1,7c96f8df07b1,4,0.27763,0.65611,0.5553
reddit,dga_gnn,flag,md_K2_matched,2,1,7c96f8df07b1,5,0.2596,0.65769,0.54755
reddit,dga_gnn,flag,md_K2_matched,3,0,960a3fedb746,1,0.32893,0.6489,0.50775
reddit,dga_gnn,flag,md_K2_matched,3,0,960a3fedb746,2,0.30862,0.67182,0.54279
reddit,dga_gnn,flag,md_K2_matched,3,0,960a3fedb746,3,0.29171,0.65333,0.51968
reddit,dga_gnn,flag,md_K2_matched,3,0,960a3fedb746,4,0.2733,0.64807,0.55766
reddit,dga_gnn,flag,md_K2_matched,3,0,960a3fedb746,5,0.26185,0.6464,0.55468
reddit,dga_gnn,flag,md_K2_matched,3,1,4091eb64eb9b,1,0.33724,0.63261,0.51803
reddit,dga_gnn,flag,md_K2_matched,3,1,4091eb64eb9b,2,0.31362,0.6257,0.51776
reddit,dga_gnn,flag,md_K2_matched,3,1,4091eb64eb9b,3,0.29072,0.64556,0.54559
reddit,dga_gnn,flag,md_K2_matched,3,1,4091eb64eb9b,4,0.27197,0.62997,0.54518
reddit,dga_gnn,flag,md_K2_matched,3,1,4091eb64eb9b,5,0.26964,0.63851,0.53853
reddit,gat,flag,md_K2_matched,0,0,ef8a84a566ea,1,0.33978,0.67555,0.55181
reddit,gat,flag,md_K2_matched,0,0,ef8a84a566ea,2,0.30338,0.70389,0.58227
reddit,gat,flag,md_K2_matched,0,0,ef8a84a566ea,3,0.28468,0.69427,0.55485
reddit,gat,flag,md_K2_matched,0,0,ef8a84a566ea,4,0.26453,0.6905,0.55468
reddit,gat,flag,md_K2_matched,0,0,ef8a84a566ea,5,0.25314,0.68232,0.5583
reddit,gat,flag,md_K2_matched,0,1,912af4859fa9,1,0.34479,0.65479,0.54707
reddit,gat,flag,md_K2_matched,0,1,912af4859fa9,2,0.30296,0.67191,0.56322
reddit,gat,flag,md_K2_matched,0,1,912af4859fa9,3,0.28636,0.69113,0.57028
reddit,gat,flag,md_K2_matched,0,1,912af4859fa9,4,0.27233,0.67293,0.55424
reddit,gat,flag,md_K2_matched,0,1,912af4859fa9,5,0.25021,0.64028,0.52601
reddit,gat,flag,md_K2_matched,1,0,04d720a4d0fc,1,0.34482,0.64211,0.54682
reddit,gat,flag,md_K2_matched,1,0,04d720a4d0fc,2,0.30711,0.66215,0.56122
reddit,gat,flag,md_K2_matched,1,0,04d720a4d0fc,3,0.28968,0.65117,0.5456
reddit,gat,flag,md_K2_matched,1,0,04d720a4d0fc,4,0.2639,0.62538,0.51656
reddit,gat,flag,md_K2_matched,1,0,04d720a4d0fc,5,0.24771,0.65845,0.54228
reddit,gat,flag,md_K2_matched,1,1,8b525bde2b23,1,0.34978,0.66162,0.53973
reddit,gat,flag,md_K2_matched,1,1,8b525bde2b23,2,0.30456,0.66787,0.55719
reddit,gat,flag,md_K2_matched,1,1,8b525bde2b23,3,0.28621,0.65125,0.56028
reddit,gat,flag,md_K2_matched,1,1,8b525bde2b23,4,0.27404,0.63484,0.52987
reddit,gat,flag,md_K2_matched,1,1,8b525bde2b23,5,0.2428,0.67968,0.55592
reddit,gat,flag,md_K2_matched,2,0,0d654ea583e6,1,0.3283,0.6528,0.53708
reddit,gat,flag,md_K2_matched,2,0,0d654ea583e6,2,0.30118,0.59815,0.51626
reddit,gat,flag,md_K2_matched,2,0,0d654ea583e6,3,0.29881,0.65608,0.54054
reddit,gat,flag,md_K2_matched,2,0,0d654ea583e6,4,0.2652,0.63434,0.53684
reddit,gat,flag,md_K2_matched,2,0,0d654ea583e6,5,0.24512,0.67505,0.56533
reddit,gat,flag,md_K2_matched,2,1,4c089c554d26,1,0.33167,0.65978,0.56336
reddit,gat,flag,md_K2_matched,2,1,4c089c554d26,2,0.31142,0.66979,0.55694
reddit,gat,flag,md_K2_matched,2,1,4c089c554d26,3,0.28477,0.66454,0.54557
reddit,gat,flag,md_K2_matched,2,1,4c089c554d26,4,0.2682,0.69134,0.56329
reddit,gat,flag,md_K2_matched,2,1,4c089c554d26,5,0.22987,0.66379,0.55834
reddit,gat,flag,md_K2_matched,3,0,c66212170da0,1,0.34165,0.68365,0.57838
reddit,gat,flag,md_K2_matched,3,0,c66212170da0,2,0.29683,0.6903,0.56536
reddit,gat,flag,md_K2_matched,3,0,c66212170da0,3,0.2836,0.67434,0.55528
reddit,gat,flag,md_K2_matched,3,0,c66212170da0,4,0.2643,0.67009,0.54344
reddit,gat,flag,md_K2_matched,3,0,c66212170da0,5,0.24702,0.69315,0.55979
reddit,gat,flag,md_K2_matched,3,1,57fe791245a3,1,0.3484,0.67193,0.55434
reddit,gat,flag,md_K2_matched,3,1,57fe791245a3,2,0.2992,0.68838,0.56049
reddit,gat,flag,md_K2_matched,3,1,57fe791245a3,3,0.28894,0.67381,0.54682
reddit,gat,flag,md_K2_matched,3,1,57fe791245a3,4,0.26591,0.65627,0.52349
reddit,gat,flag,md_K2_matched,3,1,57fe791245a3,5,0.24502,0.67243,0.55943
reddit,gcn,flag,md_K2_matched,0,0,e499767f78e9,1,0.327,0.6156,0.53265
reddit,gcn,flag,md_K2_matched,0,0,e499767f78e9,2,0.28411,0.63991,0.55552
reddit,gcn,flag,md_K2_matched,0,0,e499767f78e9,3,0.26307,0.63245,0.55959
reddit,gcn,flag,md_K2_matched,0,0,e499767f78e9,4,0.25197,0.63666,0.55103
reddit,gcn,flag,md_K2_matched,0,0,e499767f78e9,5,0.23334,0.6292,0.54552
reddit,gcn,flag,md_K2_matched,0,1,9cfc0d7a6297,1,0.32851,0.60024,0.53181
reddit,gcn,flag,md_K2_matched,0,1,9cfc0d7a6297,2,0.27999,0.63562,0.55119
reddit,gcn,flag,md_K2_matched,0,1,9cfc0d7a6297,3,0.26433,0.6421,0.5517
reddit,gcn,flag,md_K2_matched,0,1,9cfc0d7a6297,4,0.25635,0.63777,0.56156
reddit,gcn,flag,md_K2_matched,0,1,9cfc0d7a6297,5,0.24145,0.63669,0.55748
reddit,gcn,flag,md_K2_matched,1,0,e6e57c290f00,1,0.33094,0.6292,0.55311
reddit,gcn,flag,md_K2_matched,1,0,e6e57c290f00,2,0.27804,0.64077,0.55883
reddit,gcn,flag,md_K2_matched,1,0,e6e57c290f00,3,0.26032,0.6295,0.56013
reddit,gcn,flag,md_K2_matched,1,0,e6e57c290f00,4,0.24579,0.63372,0.55742
reddit,gcn,flag,md_K2_matched,1,0,e6e57c290f00,5,0.2407,0.63644,0.55413
reddit,gcn,flag,md_K2_matched,1,1,7770ba69cc40,1,0.33511,0.62581,0.54338
reddit,gcn,flag,md_K2_matched,1,1,7770ba69cc40,2,0.27948,0.63123,0.54389
reddit,gcn,flag,md_K2_matched,1,1,7770ba69cc40,3,0.26326,0.631,0.56979
reddit,gcn,flag,md_K2_matched,1,1,7770ba69cc40,4,0.24813,0.62731,0.54971
reddit,gcn,flag,md_K2_matched,1,1,7770ba69cc40,5,0.24563,0.63293,0.55171
reddit,gcn,flag,md_K2_matched,2,0,cda15fe1d332,1,0.32549,0.61098,0.54703
reddit,gcn,flag,md_K2_matched,2,0,cda15fe1d332,2,0.27853,0.62919,0.54234
reddit,gcn,flag,md_K2_matched,2,0,cda15fe1d332,3,0.26306,0.63543,0.55143
reddit,gcn,flag,md_K2_matched,2,0,cda15fe1d332,4,0.25069,0.63333,0.55225
reddit,gcn,flag,md_K2_matched,2,0,cda15fe1d332,5,0.23977,0.63742,0.5538
reddit,gcn,flag,md_K2_matched,2,1,9485230dfc17,1,0.32743,0.61424,0.55076
reddit,gcn,flag,md_K2_matched,2,1,9485230dfc17,2,0.28045,0.62265,0.55398
reddit,gcn,flag,md_K2_matched,2,1,9485230dfc17,3,0.26328,0.62831,0.54561
reddit,gcn,flag,md_K2_matched,2,1,9485230dfc17,4,0.2538,0.63882,0.55617
reddit,gcn,flag,md_K2_matched,2,1,9485230dfc17,5,0.23948,0.6353,0.5539
reddit,gcn,flag,md_K2_matched,3,0,e5ec50b91433,1,0.3293,0.60299,0.54996
reddit,gcn,flag,md_K2_matched,3,0,e5ec50b91433,2,0.28229,0.63475,0.54565
reddit,gcn,flag,md_K2_matched,3,0,e5ec50b91433,3,0.26166,0.63719,0.56331
reddit,gcn,flag,md_K2_matched,3,0,e5ec50b91433,4,0.25134,0.62552,0.56627
reddit,gcn,flag,md_K2_matched,3,0,e5ec50b91433,5,0.23941,0.63198,0.55686
reddit,gcn,flag,md_K2_matched,3,1,f88a581e7912,1,0.33164,0.59822,0.53192
reddit,gcn,flag,md_K2_matched,3,1,f88a581e7912,2,0.28356,0.63161,0.54583
reddit,gcn,flag,md_K2_matched,3,1,f88a581e7912,3,0.26875,0.62194,0.55614
reddit,gcn,flag,md_K2_matched,3,1,f88a581e7912,4,0.25016,0.62448,0.55754
reddit,gcn,flag,md_K2_matched,3,1,f88a581e7912,5,0.24292,0.62957,0.54887
reddit,geniepath,flag,md_K2_matched,0,0,707730d2b374,1,0.34445,0.59989,0.55315
reddit,geniepath,flag,md_K2_matched,0,0,707730d2b374,2,0.31248,0.63546,0.5505
reddit,geniepath,flag,md_K2_matched,0,0,707730d2b374,3,0.31445,0.59896,0.54054
reddit,geniepath,flag,md_K2_matched,0,0,707730d2b374,4,0.28736,0.5826,0.52909
reddit,geniepath,flag,md_K2_matched,0,0,707730d2b374,5,0.27922,0.61433,0.54883
reddit,geniepath,flag,md_K2_matched,0,1,edaa9d7f6891,1,0.34835,0.60387,0.54648
reddit,geniepath,flag,md_K2_matched,0,1,edaa9d7f6891,2,0.29693,0.60901,0.5444
reddit,geniepath,flag,md_K2_matched,0,1,edaa9d7f6891,3,0.27708,0.60869,0.54087
reddit,geniepath,flag,md_K2_matched,0,1,edaa9d7f6891,4,0.27573,0.60862,0.54714
reddit,geniepath,flag,md_K2_matched,0,1,edaa9d7f6891,5,0.26527,0.62057,0.55754
reddit,geniepath,flag,md_K2_matched,1,0,b33c39f56776,1,0.32684,0.60443,0.53133
reddit,geniepath,flag,md_K2_matched,1,0,b33c39f56776,2,0.29373,0.61232,0.54264
reddit,geniepath,flag,md_K2_matched,1,0,b33c39f56776,3,0.29166,0.61092,0.5465
reddit,geniepath,flag,md_K2_matched,1,0,b33c39f56776,4,0.2745,0.61131,0.53411
reddit,geniepath,flag,md_K2_matched,1,0,b33c39f56776,5,0.26158,0.60546,0.54433
reddit,geniepath,flag,md_K2_matched,1,1,1196665132c4,1,0.32529,0.60368,0.54552
reddit,geniepath,flag,md_K2_matched,1,1,1196665132c4,2,0.30863,0.57576,0.53785
reddit,geniepath,flag,md_K2_matched,1,1,1196665132c4,3,0.29657,0.61161,0.54583
reddit,geniepath,flag,md_K2_matched,1,1,1196665132c4,4,0.28029,0.61525,0.54282
reddit,geniepath,flag,md_K2_matched,1,1,1196665132c4,5,0.26294,0.60665,0.54716
reddit,geniepath,flag,md_K2_matched,2,0,1f04f2071208,1,0.35521,0.61509,0.54282
reddit,geniepath,flag,md_K2_matched,2,0,1f04f2071208,2,0.3068,0.59612,0.54599
reddit,geniepath,flag,md_K2_matched,2,0,1f04f2071208,3,0.31275,0.60363,0.48681
reddit,geniepath,flag,md_K2_matched,2,0,1f04f2071208,4,0.28853,0.63788,0.55262
reddit,geniepath,flag,md_K2_matched,2,0,1f04f2071208,5,0.2848,0.62648,0.55303
reddit,geniepath,flag,md_K2_matched,2,1,a67fdf957dff,1,0.36434,0.61156,0.54826
reddit,geniepath,flag,md_K2_matched,2,1,a67fdf957dff,2,0.30484,0.61433,0.54795
reddit,geniepath,flag,md_K2_matched,2,1,a67fdf957dff,3,0.30673,0.61148,0.48681
reddit,geniepath,flag,md_K2_matched,2,1,a67fdf957dff,4,0.29322,0.61696,0.5517
reddit,geniepath,flag,md_K2_matched,2,1,a67fdf957dff,5,0.28356,0.61009,0.54927
reddit,geniepath,flag,md_K2_matched,3,0,ce74ea5a16bb,1,0.36437,0.5857,0.54242
reddit,geniepath,flag,md_K2_matched,3,0,ce74ea5a16bb,2,0.30358,0.59421,0.54365
reddit,geniepath,flag,md_K2_matched,3,0,ce74ea5a16bb,3,0.29097,0.57341,0.55102
reddit,geniepath,flag,md_K2_matched,3,0,ce74ea5a16bb,4,0.28399,0.59469,0.54778
reddit,geniepath,flag,md_K2_matched,3,0,ce74ea5a16bb,5,0.2901,0.62109,0.54586
reddit,geniepath,flag,md_K2_matched,3,1,20adf6937a49,1,0.3591,0.59847,0.52224
reddit,geniepath,flag,md_K2_matched,3,1,20adf6937a49,2,0.31078,0.60889,0.54462
reddit,geniepath,flag,md_K2_matched,3,1,20adf6937a49,3,0.29255,0.615,0.55203
reddit,geniepath,flag,md_K2_matched,3,1,20adf6937a49,4,0.27757,0.60267,0.53265
reddit,geniepath,flag,md_K2_matched,3,1,20adf6937a49,5,0.28623,0.6031,0.54296
reddit,pmp,flag,md_K2_matched,0,0,077c08c69cb0,1,0.32633,0.63163,0.52092
reddit,pmp,flag,md_K2_matched,0,0,077c08c69cb0,2,0.28837,0.65617,0.54953
reddit,pmp,flag,md_K2_matched,0,0,077c08c69cb0,3,0.26257,0.64213,0.54862
reddit,pmp,flag,md_K2_matched,0,0,077c08c69cb0,4,0.23683,0.62072,0.55073
reddit,pmp,flag,md_K2_matched,0,0,077c08c69cb0,5,0.20752,0.61481,0.53375
reddit,pmp,flag,md_K2_matched,0,1,c1d17851ed48,1,0.32936,0.6402,0.53788
reddit,pmp,flag,md_K2_matched,0,1,c1d17851ed48,2,0.28266,0.63892,0.54929
reddit,pmp,flag,md_K2_matched,0,1,c1d17851ed48,3,0.26406,0.6444,0.55195
reddit,pmp,flag,md_K2_matched,0,1,c1d17851ed48,4,0.23786,0.64073,0.55317
reddit,pmp,flag,md_K2_matched,0,1,c1d17851ed48,5,0.22524,0.62974,0.54868
reddit,pmp,flag,md_K2_matched,1,0,90891b301dfa,1,0.33011,0.66514,0.55165
reddit,pmp,flag,md_K2_matched,1,0,90891b301dfa,2,0.28597,0.65772,0.55075
reddit,pmp,flag,md_K2_matched,1,0,90891b301dfa,3,0.27041,0.64663,0.56156
reddit,pmp,flag,md_K2_matched,1,0,90891b301dfa,4,0.23832,0.63802,0.536
reddit,pmp,flag,md_K2_matched,1,0,90891b301dfa,5,0.21285,0.63578,0.54265
reddit,pmp,flag,md_K2_matched,1,1,233a5c9d6495,1,0.33085,0.65146,0.53894
reddit,pmp,flag,md_K2_matched,1,1,233a5c9d6495,2,0.288,0.649,0.5503
reddit,pmp,flag,md_K2_matched,1,1,233a5c9d6495,3,0.26617,0.62162,0.54757
reddit,pmp,flag,md_K2_matched,1,1,233a5c9d6495,4,0.2432,0.63413,0.54677
reddit,pmp,flag,md_K2_matched,1,1,233a5c9d6495,5,0.2296,0.62472,0.53724
reddit,pmp,flag,md_K2_matched,2,0,1c803739e803,1,0.31996,0.64039,0.54541
reddit,pmp,flag,md_K2_matched,2,0,1c803739e803,2,0.28553,0.64066,0.53963
reddit,pmp,flag,md_K2_matched,2,0,1c803739e803,3,0.26686,0.63212,0.55098
reddit,pmp,flag,md_K2_matched,2,0,1c803739e803,4,0.23961,0.63341,0.55315
reddit,pmp,flag,md_K2_matched,2,0,1c803739e803,5,0.19409,0.62025,0.53955
reddit,pmp,flag,md_K2_matched,2,1,1189deefdb15,1,0.32579,0.62947,0.54999
reddit,pmp,flag,md_K2_matched,2,1,1189deefdb15,2,0.28054,0.64178,0.56433
reddit,pmp,flag,md_K2_matched,2,1,1189deefdb15,3,0.2629,0.63395,0.54658
reddit,pmp,flag,md_K2_matched,2,1,1189deefdb15,4,0.23282,0.62587,0.54611
reddit,pmp,flag,md_K2_matched,2,1,1189deefdb15,5,0.21016,0.62426,0.54816
reddit,pmp,flag,md_K2_matched,3,0,03d779da83db,1,0.33142,0.6397,0.53244
reddit,pmp,flag,md_K2_matched,3,0,03d779da83db,2,0.29616,0.65114,0.56036
reddit,pmp,flag,md_K2_matched,3,0,03d779da83db,3,0.26937,0.64148,0.53963
reddit,pmp,flag,md_K2_matched,3,0,03d779da83db,4,0.23654,0.6018,0.53179
reddit,pmp,flag,md_K2_matched,3,0,03d779da83db,5,0.21404,0.63125,0.54401
reddit,pmp,flag,md_K2_matched,3,1,aab37e61471d,1,0.33009,0.64817,0.57328
reddit,pmp,flag,md_K2_matched,3,1,aab37e61471d,2,0.29366,0.63843,0.55103
reddit,pmp,flag,md_K2_matched,3,1,aab37e61471d,3,0.26692,0.62958,0.53639
reddit,pmp,flag,md_K2_matched,3,1,aab37e61471d,4,0.23934,0.62141,0.5435
reddit,pmp,flag,md_K2_matched,3,1,aab37e61471d,5,0.22652,0.63302,0.54927
